model_size,method,seed,step,train_format,train_correctness,val_format,val_correctness,pi_correctness,w_correctness,active_groups_correctness,pi_format,w_format,active_groups_format
1.5B,rdgdpo_positive,0,0,,,0.025000000,-2.528125000,,,,,,
1.5B,rdgdpo_positive,0,1,0.006347656,-2.443600893,,,0.171875000,1.000000000,88.000000000,0.025390625,2.601774542,13.000000000
1.5B,rdgdpo_positive,0,2,0.006347656,-2.461885691,,,0.181640625,1.000000000,93.000000000,0.021484375,2.907670108,11.000000000
1.5B,rdgdpo_positive,0,3,0.010742188,-2.172090769,,,0.273437500,1.000000000,140.000000000,0.041015625,2.581988897,21.000000000
1.5B,rdgdpo_positive,0,4,0.012207031,-1.584541321,,,0.546875000,1.000000000,280.000000000,0.041015625,3.651483717,21.000000000
1.5B,rdgdpo_positive,0,5,0.029296875,-0.496662527,,,0.710937500,1.000000000,364.000000000,0.103515625,2.620672534,53.000000000
1.5B,rdgdpo_positive,0,6,0.059570312,0.064431876,,,0.689453125,1.000000000,353.000000000,0.167968750,2.025993870,86.000000000
1.5B,rdgdpo_positive,0,7,0.071289062,0.193730697,,,0.695312500,1.000000000,356.000000000,0.216796875,1.790867725,111.000000000
1.5B,rdgdpo_positive,0,8,0.148437500,0.565084696,,,0.660156250,1.000000000,338.000000000,0.345703125,1.381884409,177.000000000
1.5B,rdgdpo_positive,0,9,0.246582031,0.699333787,,,0.664062500,1.000000000,340.000000000,0.431640625,1.240347346,221.000000000
1.5B,rdgdpo_positive,0,10,0.424316406,0.901126087,0.775000000,1.442481319,0.658203125,1.000000000,337.000000000,0.558593750,1.085505264,286.000000000
1.5B,rdgdpo_positive,0,11,0.552246094,0.913564503,,,0.621093750,1.000000000,318.000000000,0.527343750,1.085254706,270.000000000
1.5B,rdgdpo_positive,0,12,0.671875000,1.007644176,,,0.597656250,1.000000000,306.000000000,0.386718750,1.243163121,198.000000000
1.5B,rdgdpo_positive,0,13,0.746582031,1.091738701,,,0.550781250,1.000000000,282.000000000,0.296875000,1.362080452,152.000000000
1.5B,rdgdpo_positive,0,14,0.786621094,1.104266405,,,0.541015625,1.000000000,277.000000000,0.208984375,1.608970182,107.000000000
1.5B,rdgdpo_positive,0,15,0.819824219,1.118046284,,,0.482421875,1.000000000,247.000000000,0.146484375,1.814754345,75.000000000
1.5B,rdgdpo_positive,0,16,0.833496094,1.323963523,,,0.480468750,1.000000000,246.000000000,0.138671875,1.861394298,71.000000000
1.5B,rdgdpo_positive,0,17,0.873535156,1.449019194,,,0.486328125,1.000000000,249.000000000,0.132812500,1.913573805,68.000000000
1.5B,rdgdpo_positive,0,18,0.873535156,1.288624048,,,0.466796875,1.000000000,239.000000000,0.121093750,1.963374317,62.000000000
1.5B,rdgdpo_positive,0,19,0.845214844,1.408524752,,,0.406250000,1.000000000,208.000000000,0.083984375,2.199365659,43.000000000
1.5B,rdgdpo_positive,0,20,0.860839844,1.383898497,0.925000000,1.553619713,0.427734375,1.000000000,219.000000000,0.083984375,2.256772752,43.000000000
1.5B,rdgdpo_positive,0,21,0.857910156,1.513410807,,,0.390625000,1.000000000,200.000000000,0.085937500,2.132007164,44.000000000
1.5B,rdgdpo_positive,0,22,0.894531250,1.528750181,,,0.378906250,1.000000000,194.000000000,0.083984375,2.124059299,43.000000000
1.5B,rdgdpo_positive,0,23,0.879394531,1.432669163,,,0.400390625,1.000000000,205.000000000,0.060546875,2.571556576,31.000000000
1.5B,rdgdpo_positive,0,24,0.880859375,1.553071022,,,0.349609375,1.000000000,179.000000000,0.060546875,2.402955170,31.000000000
1.5B,rdgdpo_positive,0,25,0.889160156,1.567465901,,,0.347656250,1.000000000,178.000000000,0.093750000,1.925703335,48.000000000
1.5B,rdgdpo_positive,0,26,0.891601562,1.593549371,,,0.333984375,1.000000000,171.000000000,0.095703125,1.868099547,49.000000000
1.5B,rdgdpo_positive,0,27,0.881347656,1.444623232,,,0.304687500,1.000000000,156.000000000,0.101562500,1.732050808,52.000000000
1.5B,rdgdpo_positive,0,28,0.916992188,1.640220046,,,0.345703125,1.000000000,177.000000000,0.074218750,2.158215637,38.000000000
1.5B,rdgdpo_positive,0,29,0.918457031,1.612202644,,,0.318359375,1.000000000,163.000000000,0.060546875,2.293046994,31.000000000
1.5B,rdgdpo_positive,0,30,0.921875000,1.614455462,0.975000000,1.717033175,0.306640625,1.000000000,157.000000000,0.060546875,2.250447984,31.000000000
1.5B,rdgdpo_positive,0,31,0.937011719,1.727164626,,,0.285156250,1.000000000,146.000000000,0.056640625,2.243765308,29.000000000
1.5B,rdgdpo_positive,0,32,0.926269531,1.520796537,,,0.281250000,1.000000000,144.000000000,0.060546875,2.155263624,31.000000000
1.5B,rdgdpo_positive,0,33,0.926269531,1.713468671,,,0.289062500,1.000000000,148.000000000,0.058593750,2.221110833,30.000000000
1.5B,rdgdpo_positive,0,34,0.947753906,1.701207280,,,0.316406250,1.000000000,162.000000000,0.050781250,2.496150883,26.000000000
1.5B,rdgdpo_positive,0,35,0.914062500,1.686449409,,,0.298828125,1.000000000,153.000000000,0.054687500,2.337581167,28.000000000
1.5B,rdgdpo_positive,0,36,0.944335938,1.809960485,,,0.251953125,1.000000000,129.000000000,0.037109375,2.605661851,19.000000000
1.5B,rdgdpo_positive,0,37,0.935546875,1.654952765,,,0.279296875,1.000000000,143.000000000,0.056640625,2.220593273,29.000000000
1.5B,rdgdpo_positive,0,38,0.904296875,1.668385386,,,0.246093750,1.000000000,126.000000000,0.048828125,2.244994432,25.000000000
1.5B,rdgdpo_positive,0,39,0.926757812,1.670104146,,,0.259765625,1.000000000,133.000000000,0.048828125,2.306512519,25.000000000
1.5B,rdgdpo_positive,0,40,0.930175781,1.723955870,0.975000000,1.781966887,0.250000000,1.000000000,128.000000000,0.042968750,2.412090757,22.000000000
1.5B,rdgdpo_positive,0,41,0.940917969,1.757548094,,,0.250000000,1.000000000,128.000000000,0.046875000,2.309401077,24.000000000
1.5B,rdgdpo_positive,0,42,0.934570312,1.667016745,,,0.240234375,1.000000000,123.000000000,0.042968750,2.364510328,22.000000000
1.5B,rdgdpo_positive,0,43,0.929687500,1.837191820,,,0.226562500,1.000000000,116.000000000,0.041015625,2.350278606,21.000000000
1.5B,rdgdpo_positive,0,44,0.922851562,1.710848093,,,0.261718750,1.000000000,134.000000000,0.052734375,2.227770851,27.000000000
1.5B,rdgdpo_positive,0,45,0.927734375,1.696402431,,,0.216796875,1.000000000,111.000000000,0.033203125,2.555271368,17.000000000
1.5B,rdgdpo_positive,0,46,0.937988281,1.753394842,,,0.228515625,1.000000000,117.000000000,0.031250000,2.704163457,16.000000000
1.5B,rdgdpo_positive,0,47,0.944824219,1.713999391,,,0.257812500,1.000000000,132.000000000,0.039062500,2.569046516,20.000000000
1.5B,rdgdpo_positive,0,48,0.929687500,1.694707036,,,0.201171875,1.000000000,103.000000000,0.035156250,2.392116682,18.000000000
1.5B,rdgdpo_positive,0,49,0.925781250,1.848272204,,,0.212890625,1.000000000,109.000000000,0.039062500,2.334523506,20.000000000
1.5B,rdgdpo_positive,0,50,0.942382812,1.760399222,0.975000000,1.744913317,0.226562500,1.000000000,116.000000000,0.048828125,2.154065923,25.000000000
1.5B,rdgdpo_positive,0,51,0.939453125,1.758215547,,,0.187500000,1.000000000,96.000000000,0.042968750,2.088931871,22.000000000
1.5B,rdgdpo_positive,0,52,0.935058594,1.796943307,,,0.208984375,1.000000000,107.000000000,0.029296875,2.670830083,15.000000000
1.5B,rdgdpo_positive,0,53,0.937011719,1.815793037,,,0.173828125,1.000000000,89.000000000,0.027343750,2.521337514,14.000000000
1.5B,rdgdpo_positive,0,54,0.932128906,1.845331073,,,0.214843750,1.000000000,110.000000000,0.033203125,2.543735095,17.000000000
1.5B,rdgdpo_positive,0,55,0.928222656,1.739948273,,,0.166015625,1.000000000,85.000000000,0.031250000,2.304886114,16.000000000
1.5B,rdgdpo_positive,0,56,0.927734375,1.808583617,,,0.191406250,1.000000000,98.000000000,0.023437500,2.857738033,12.000000000
1.5B,rdgdpo_positive,0,57,0.944335938,1.729940176,,,0.199218750,1.000000000,102.000000000,0.031250000,2.524876235,16.000000000
1.5B,rdgdpo_positive,0,58,0.927246094,1.783304691,,,0.187500000,1.000000000,96.000000000,0.029296875,2.529822128,15.000000000
1.5B,rdgdpo_positive,0,59,0.933593750,1.904616475,,,0.160156250,1.000000000,82.000000000,0.044921875,1.888178326,23.000000000
1.5B,rdgdpo_positive,0,60,0.928710938,1.755767226,0.975000000,1.788841889,0.171875000,1.000000000,88.000000000,0.037109375,2.152110347,19.000000000
1.5B,rdgdpo_positive,0,61,0.943847656,1.920997500,,,0.156250000,1.000000000,80.000000000,0.019531250,2.828427125,10.000000000
1.5B,rdgdpo_positive,0,62,0.932617188,1.691759944,,,0.183593750,1.000000000,94.000000000,0.021484375,2.923260944,11.000000000
1.5B,rdgdpo_positive,0,63,0.947265625,1.902838826,,,0.185546875,1.000000000,95.000000000,0.027343750,2.604940361,14.000000000
1.5B,rdgdpo_positive,0,64,0.918945312,1.794444084,,,0.154296875,1.000000000,79.000000000,0.029296875,2.294921930,15.000000000
1.5B,rdgdpo_positive,0,65,0.945800781,1.929642558,,,0.181640625,1.000000000,93.000000000,0.027343750,2.577374079,14.000000000
1.5B,rdgdpo_positive,0,66,0.953125000,1.800246835,,,0.171875000,1.000000000,88.000000000,0.013671875,3.545621042,7.000000000
1.5B,rdgdpo_positive,0,67,0.927734375,1.832563639,,,0.134765625,1.000000000,69.000000000,0.035156250,1.957890021,18.000000000
1.5B,rdgdpo_positive,0,68,0.950683594,1.787958622,,,0.173828125,1.000000000,89.000000000,0.025390625,2.616515593,13.000000000
1.5B,rdgdpo_positive,0,69,0.937011719,1.775857687,,,0.146484375,1.000000000,75.000000000,0.031250000,2.165063509,16.000000000
1.5B,rdgdpo_positive,0,70,0.937011719,1.870358109,0.975000000,1.776758555,0.164062500,1.000000000,84.000000000,0.042968750,1.954016842,22.000000000
1.5B,rdgdpo_positive,0,71,0.942382812,1.838260412,,,0.148437500,1.000000000,76.000000000,0.019531250,2.756809750,10.000000000
1.5B,rdgdpo_positive,0,72,0.923828125,1.792949319,,,0.177734375,1.000000000,91.000000000,0.023437500,2.753785274,12.000000000
1.5B,rdgdpo_positive,0,73,0.939453125,1.857846260,,,0.158203125,1.000000000,81.000000000,0.015625000,3.181980515,8.000000000
1.5B,rdgdpo_positive,0,74,0.922363281,1.750328779,,,0.171875000,1.000000000,88.000000000,0.039062500,2.097617696,20.000000000
1.5B,rdgdpo_positive,0,75,0.920898438,1.815852761,,,0.144531250,1.000000000,74.000000000,0.033203125,2.086370335,17.000000000
1.5B,rdgdpo_positive,0,76,0.951171875,1.846386671,,,0.134765625,1.000000000,69.000000000,0.025390625,2.303842943,13.000000000
1.5B,rdgdpo_positive,0,77,0.951660156,1.919392586,,,0.134765625,1.000000000,69.000000000,0.015625000,2.936835031,8.000000000
1.5B,rdgdpo_positive,0,78,0.958496094,1.985824585,,,0.109375000,1.000000000,56.000000000,0.017578125,2.494438258,9.000000000
1.5B,rdgdpo_positive,0,79,0.948242188,1.935195088,,,0.128906250,1.000000000,66.000000000,0.027343750,2.171240593,14.000000000
1.5B,rdgdpo_positive,0,80,0.946777344,1.889518023,0.975000000,1.790476503,0.146484375,1.000000000,75.000000000,0.021484375,2.611164839,11.000000000
1.5B,rdgdpo_positive,0,81,0.930664062,1.816678166,,,0.132812500,1.000000000,68.000000000,0.021484375,2.486326242,11.000000000
1.5B,rdgdpo_positive,0,82,0.927246094,1.880512595,,,0.121093750,1.000000000,62.000000000,0.015625000,2.783882181,8.000000000
1.5B,rdgdpo_positive,0,83,0.942382812,1.781737566,,,0.126953125,1.000000000,65.000000000,0.017578125,2.687419249,9.000000000
1.5B,rdgdpo_positive,0,84,0.945800781,1.865906715,,,0.121093750,1.000000000,62.000000000,0.017578125,2.624669291,9.000000000
1.5B,rdgdpo_positive,0,85,0.940917969,1.832679749,,,0.097656250,1.000000000,50.000000000,0.017578125,2.357022604,9.000000000
1.5B,rdgdpo_positive,0,86,0.946777344,1.928434253,,,0.119140625,1.000000000,61.000000000,0.019531250,2.469817807,10.000000000
1.5B,rdgdpo_positive,0,87,0.944824219,1.888093233,,,0.117187500,1.000000000,60.000000000,0.021484375,2.335496832,11.000000000
1.5B,rdgdpo_positive,0,88,0.932128906,1.877301455,,,0.089843750,1.000000000,46.000000000,0.023437500,1.957890021,12.000000000
1.5B,rdgdpo_positive,0,89,0.935058594,1.841001391,,,0.126953125,1.000000000,65.000000000,0.027343750,2.154729018,14.000000000
1.5B,rdgdpo_positive,0,90,0.943847656,1.868265152,0.975000000,1.758065788,0.105468750,1.000000000,54.000000000,0.013671875,2.777460299,7.000000000
1.5B,rdgdpo_positive,0,91,0.949218750,1.877850890,,,0.121093750,1.000000000,62.000000000,0.007812500,3.937003937,4.000000000
1.5B,rdgdpo_positive,0,92,0.938964844,1.855340600,,,0.097656250,1.000000000,50.000000000,0.015625000,2.500000000,8.000000000
1.5B,rdgdpo_positive,0,93,0.940917969,1.900738358,,,0.085937500,1.000000000,44.000000000,0.013671875,2.507132682,7.000000000
1.5B,rdgdpo_positive,0,94,0.938476562,1.898341656,,,0.099609375,1.000000000,51.000000000,0.011718750,2.915475947,6.000000000
1.5B,rdgdpo_positive,0,95,0.933593750,1.880935073,,,0.101562500,1.000000000,52.000000000,0.017578125,2.403700850,9.000000000
1.5B,rdgdpo_positive,0,96,0.956054688,1.899350166,,,0.101562500,1.000000000,52.000000000,0.011718750,2.943920289,6.000000000
1.5B,rdgdpo_positive,0,97,0.947753906,1.929840803,,,0.121093750,1.000000000,62.000000000,0.015625000,2.783882181,8.000000000
1.5B,rdgdpo_positive,0,98,0.936035156,1.792296529,,,0.099609375,1.000000000,51.000000000,0.019531250,2.258317958,10.000000000
1.5B,rdgdpo_positive,0,99,0.936523438,1.926061988,,,0.082031250,1.000000000,42.000000000,0.009765625,2.898275349,5.000000000
1.5B,rdgdpo_positive,0,100,0.938476562,1.852508307,0.975000000,1.766485700,0.097656250,1.000000000,50.000000000,0.003906250,5.000000000,2.000000000
1.5B,rdgdpo_positive,1,0,,,0.025000000,-2.543750000,,,,,,
1.5B,rdgdpo_positive,1,1,0.001953125,-2.450601101,,,0.160156250,1.000000000,82.000000000,0.007812500,4.527692569,4.000000000
1.5B,rdgdpo_positive,1,2,0.010742188,-2.484021664,,,0.162109375,1.000000000,83.000000000,0.035156250,2.147349788,18.000000000
1.5B,rdgdpo_positive,1,3,0.005371094,-2.252889633,,,0.234375000,1.000000000,120.000000000,0.019531250,3.464101615,10.000000000
1.5B,rdgdpo_positive,1,4,0.009765625,-1.633633494,,,0.490234375,1.000000000,251.000000000,0.039062500,3.542597917,20.000000000
1.5B,rdgdpo_positive,1,5,0.025390625,-0.752855659,,,0.679687500,1.000000000,348.000000000,0.093750000,2.692582404,48.000000000
1.5B,rdgdpo_positive,1,6,0.043457031,-0.061799254,,,0.671875000,1.000000000,344.000000000,0.148437500,2.127513993,76.000000000
1.5B,rdgdpo_positive,1,7,0.093750000,0.376329988,,,0.701171875,1.000000000,359.000000000,0.255859375,1.655432879,131.000000000
1.5B,rdgdpo_positive,1,8,0.152832031,0.707825124,,,0.662109375,1.000000000,339.000000000,0.337890625,1.399834837,173.000000000
1.5B,rdgdpo_positive,1,9,0.275390625,0.796404898,,,0.634765625,1.000000000,325.000000000,0.445312500,1.193917332,228.000000000
1.5B,rdgdpo_positive,1,10,0.395019531,0.974342942,0.762500000,1.482838463,0.568359375,1.000000000,291.000000000,0.544921875,1.021278979,279.000000000
1.5B,rdgdpo_positive,1,11,0.583007812,0.969874442,,,0.613281250,1.000000000,314.000000000,0.474609375,1.136741426,243.000000000
1.5B,rdgdpo_positive,1,12,0.714355469,1.064102411,,,0.566406250,1.000000000,290.000000000,0.392578125,1.201160301,201.000000000
1.5B,rdgdpo_positive,1,13,0.796875000,1.144426346,,,0.521484375,1.000000000,267.000000000,0.269531250,1.390964632,138.000000000
1.5B,rdgdpo_positive,1,14,0.813476562,1.182701111,,,0.521484375,1.000000000,267.000000000,0.185546875,1.676462441,95.000000000
1.5B,rdgdpo_positive,1,15,0.819824219,1.329242110,,,0.445312500,1.000000000,228.000000000,0.140625000,1.779513042,72.000000000
1.5B,rdgdpo_positive,1,16,0.872558594,1.261490226,,,0.498046875,1.000000000,255.000000000,0.142578125,1.868997240,73.000000000
1.5B,rdgdpo_positive,1,17,0.832031250,1.384901524,,,0.423828125,1.000000000,217.000000000,0.123046875,1.855921454,63.000000000
1.5B,rdgdpo_positive,1,18,0.838378906,1.327206254,,,0.457031250,1.000000000,234.000000000,0.128906250,1.882937743,66.000000000
1.5B,rdgdpo_positive,1,19,0.865234375,1.390907645,,,0.388671875,1.000000000,199.000000000,0.082031250,2.176716619,42.000000000
1.5B,rdgdpo_positive,1,20,0.878417969,1.541114450,0.912500000,1.588619713,0.375000000,1.000000000,192.000000000,0.087890625,2.065591118,45.000000000
1.5B,rdgdpo_positive,1,21,0.880371094,1.485095978,,,0.378906250,1.000000000,194.000000000,0.068359375,2.354327323,35.000000000
1.5B,rdgdpo_positive,1,22,0.899414062,1.558713555,,,0.347656250,1.000000000,178.000000000,0.066406250,2.288076510,34.000000000
1.5B,rdgdpo_positive,1,23,0.889160156,1.602818370,,,0.369140625,1.000000000,189.000000000,0.076171875,2.201398157,39.000000000
1.5B,rdgdpo_positive,1,24,0.894531250,1.502074957,,,0.351562500,1.000000000,180.000000000,0.082031250,2.070196678,42.000000000
1.5B,rdgdpo_positive,1,25,0.894531250,1.685822964,,,0.316406250,1.000000000,162.000000000,0.062500000,2.250000000,32.000000000
1.5B,rdgdpo_positive,1,26,0.915039062,1.640057564,,,0.355468750,1.000000000,182.000000000,0.095703125,1.927248223,49.000000000
1.5B,rdgdpo_positive,1,27,0.897949219,1.573546886,,,0.308593750,1.000000000,158.000000000,0.083984375,1.916877306,43.000000000
1.5B,rdgdpo_positive,1,28,0.905761719,1.470645547,,,0.310546875,1.000000000,159.000000000,0.056640625,2.341529120,29.000000000
1.5B,rdgdpo_positive,1,29,0.920898438,1.661356568,,,0.333984375,1.000000000,171.000000000,0.058593750,2.387467277,30.000000000
1.5B,rdgdpo_positive,1,30,0.917480469,1.590993404,0.975000000,1.720619484,0.292968750,1.000000000,150.000000000,0.066406250,2.100420126,34.000000000
1.5B,rdgdpo_positive,1,31,0.925292969,1.672280908,,,0.248046875,1.000000000,127.000000000,0.046875000,2.300362290,24.000000000
1.5B,rdgdpo_positive,1,32,0.937988281,1.682760358,,,0.250000000,1.000000000,128.000000000,0.058593750,2.065591118,30.000000000
1.5B,rdgdpo_positive,1,33,0.934082031,1.694679260,,,0.300781250,1.000000000,154.000000000,0.068359375,2.097617696,35.000000000
1.5B,rdgdpo_positive,1,34,0.921875000,1.626789808,,,0.291015625,1.000000000,149.000000000,0.062500000,2.157834563,32.000000000
1.5B,rdgdpo_positive,1,35,0.923828125,1.673162341,,,0.283203125,1.000000000,145.000000000,0.050781250,2.361550990,26.000000000
1.5B,rdgdpo_positive,1,36,0.921386719,1.748151064,,,0.251953125,1.000000000,129.000000000,0.052734375,2.185812841,27.000000000
1.5B,rdgdpo_positive,1,37,0.924804688,1.580051303,,,0.253906250,1.000000000,130.000000000,0.031250000,2.850438563,16.000000000
1.5B,rdgdpo_positive,1,38,0.940429688,1.792593479,,,0.269531250,1.000000000,138.000000000,0.048828125,2.349468025,25.000000000
1.5B,rdgdpo_positive,1,39,0.920410156,1.548422933,,,0.281250000,1.000000000,144.000000000,0.037109375,2.752988806,19.000000000
1.5B,rdgdpo_positive,1,40,0.933593750,1.721048236,0.975000000,1.756074030,0.251953125,1.000000000,129.000000000,0.052734375,2.185812841,27.000000000
1.5B,rdgdpo_positive,1,41,0.931640625,1.754269361,,,0.248046875,1.000000000,127.000000000,0.042968750,2.402650052,22.000000000
1.5B,rdgdpo_positive,1,42,0.936523438,1.677801490,,,0.238281250,1.000000000,122.000000000,0.046875000,2.254624876,24.000000000
1.5B,rdgdpo_positive,1,43,0.921386719,1.701043844,,,0.240234375,1.000000000,123.000000000,0.041015625,2.420153478,21.000000000
1.5B,rdgdpo_positive,1,44,0.925292969,1.686241388,,,0.230468750,1.000000000,118.000000000,0.037109375,2.492092758,19.000000000
1.5B,rdgdpo_positive,1,45,0.928222656,1.752859354,,,0.242187500,1.000000000,124.000000000,0.054687500,2.104417123,28.000000000
1.5B,rdgdpo_positive,1,46,0.933593750,1.783969760,,,0.224609375,1.000000000,115.000000000,0.052734375,2.063797291,27.000000000
1.5B,rdgdpo_positive,1,47,0.940429688,1.754608512,,,0.240234375,1.000000000,123.000000000,0.017578125,3.696845502,9.000000000
1.5B,rdgdpo_positive,1,48,0.943359375,1.747432470,,,0.195312500,1.000000000,100.000000000,0.042968750,2.132007164,22.000000000
1.5B,rdgdpo_positive,1,49,0.936035156,1.737937808,,,0.220703125,1.000000000,113.000000000,0.037109375,2.438722703,19.000000000
1.5B,rdgdpo_positive,1,50,0.924316406,1.763900638,0.975000000,1.770002601,0.214843750,1.000000000,110.000000000,0.046875000,2.140872096,24.000000000
1.5B,rdgdpo_positive,1,51,0.936035156,1.794533253,,,0.205078125,1.000000000,105.000000000,0.035156250,2.415229458,18.000000000
1.5B,rdgdpo_positive,1,52,0.938964844,1.769763589,,,0.240234375,1.000000000,123.000000000,0.033203125,2.689850204,17.000000000
1.5B,rdgdpo_positive,1,53,0.937500000,1.741487861,,,0.191406250,1.000000000,98.000000000,0.017578125,3.299831646,9.000000000
1.5B,rdgdpo_positive,1,54,0.928222656,1.690476775,,,0.212890625,1.000000000,109.000000000,0.031250000,2.610076627,16.000000000
1.5B,rdgdpo_positive,1,55,0.936035156,1.789528370,,,0.173828125,1.000000000,89.000000000,0.039062500,2.109502311,20.000000000
1.5B,rdgdpo_positive,1,56,0.942871094,1.850886226,,,0.199218750,1.000000000,102.000000000,0.031250000,2.524876235,16.000000000
1.5B,rdgdpo_positive,1,57,0.929687500,1.714581966,,,0.173828125,1.000000000,89.000000000,0.029296875,2.435843454,15.000000000
1.5B,rdgdpo_positive,1,58,0.943847656,1.859544277,,,0.189453125,1.000000000,97.000000000,0.029296875,2.542964150,15.000000000
1.5B,rdgdpo_positive,1,59,0.934082031,1.869289160,,,0.150390625,1.000000000,77.000000000,0.019531250,2.774887385,10.000000000
1.5B,rdgdpo_positive,1,60,0.936035156,1.827018976,0.975000000,1.775895459,0.199218750,1.000000000,102.000000000,0.021484375,3.045115314,11.000000000
1.5B,rdgdpo_positive,1,61,0.947753906,1.825813651,,,0.187500000,1.000000000,96.000000000,0.031250000,2.449489743,16.000000000
1.5B,rdgdpo_positive,1,62,0.924316406,1.814320922,,,0.167968750,1.000000000,86.000000000,0.029296875,2.394437999,15.000000000
1.5B,rdgdpo_positive,1,63,0.926269531,1.652726650,,,0.171875000,1.000000000,88.000000000,0.027343750,2.507132682,14.000000000
1.5B,rdgdpo_positive,1,64,0.917480469,1.780677915,,,0.156250000,1.000000000,80.000000000,0.023437500,2.581988897,12.000000000
1.5B,rdgdpo_positive,1,65,0.939453125,1.694954872,,,0.191406250,1.000000000,98.000000000,0.029296875,2.556038602,15.000000000
1.5B,rdgdpo_positive,1,66,0.935546875,1.897393703,,,0.150390625,1.000000000,77.000000000,0.019531250,2.774887385,10.000000000
1.5B,rdgdpo_positive,1,67,0.958984375,1.890146255,,,0.164062500,1.000000000,84.000000000,0.021484375,2.763397119,11.000000000
1.5B,rdgdpo_positive,1,68,0.948730469,1.911957741,,,0.128906250,1.000000000,66.000000000,0.007812500,4.062019202,4.000000000
1.5B,rdgdpo_positive,1,69,0.935058594,1.722119689,,,0.173828125,1.000000000,89.000000000,0.027343750,2.521337514,14.000000000
1.5B,rdgdpo_positive,1,70,0.931640625,1.869157553,0.975000000,1.767562126,0.150390625,1.000000000,77.000000000,0.021484375,2.645751311,11.000000000
1.5B,rdgdpo_positive,1,71,0.925781250,1.878272057,,,0.164062500,1.000000000,84.000000000,0.017578125,3.055050463,9.000000000
1.5B,rdgdpo_positive,1,72,0.948730469,1.964574456,,,0.113281250,1.000000000,58.000000000,0.025390625,2.112235418,13.000000000
1.5B,rdgdpo_positive,1,73,0.933105469,1.857145309,,,0.140625000,1.000000000,72.000000000,0.015625000,3.000000000,8.000000000
1.5B,rdgdpo_positive,1,74,0.942382812,1.833670378,,,0.138671875,1.000000000,71.000000000,0.019531250,2.664582519,10.000000000
1.5B,rdgdpo_positive,1,75,0.944335938,1.773288608,,,0.125000000,1.000000000,64.000000000,0.021484375,2.412090757,11.000000000
1.5B,rdgdpo_positive,1,76,0.944824219,1.837754965,,,0.138671875,1.000000000,71.000000000,0.017578125,2.808716591,9.000000000
1.5B,rdgdpo_positive,1,77,0.939453125,1.907202601,,,0.121093750,1.000000000,62.000000000,0.013671875,2.976095237,7.000000000
1.5B,rdgdpo_positive,1,78,0.952148438,1.935068011,,,0.138671875,1.000000000,71.000000000,0.021484375,2.540579748,11.000000000
1.5B,rdgdpo_positive,1,79,0.937011719,1.870499134,,,0.126953125,1.000000000,65.000000000,0.017578125,2.687419249,9.000000000
1.5B,rdgdpo_positive,1,80,0.936523438,1.766484380,0.975000000,1.726222841,0.130859375,1.000000000,67.000000000,0.023437500,2.362907813,12.000000000
1.5B,rdgdpo_positive,1,81,0.946777344,1.935670733,,,0.119140625,1.000000000,61.000000000,0.023437500,2.254624876,12.000000000
1.5B,rdgdpo_positive,1,82,0.949707031,1.865123987,,,0.119140625,1.000000000,61.000000000,0.015625000,2.761340254,8.000000000
1.5B,rdgdpo_positive,1,83,0.934082031,1.819097638,,,0.130859375,1.000000000,67.000000000,0.017578125,2.728450924,9.000000000
1.5B,rdgdpo_positive,1,84,0.935546875,1.895785332,,,0.125000000,1.000000000,64.000000000,0.013671875,3.023715784,7.000000000
1.5B,rdgdpo_positive,1,85,0.933593750,1.860916615,,,0.130859375,1.000000000,67.000000000,0.027343750,2.187627547,14.000000000
1.5B,rdgdpo_positive,1,86,0.936035156,1.920796394,,,0.136718750,1.000000000,70.000000000,0.025390625,2.320477404,13.000000000
1.5B,rdgdpo_positive,1,87,0.935546875,1.854982257,,,0.091796875,1.000000000,47.000000000,0.027343750,1.832250763,14.000000000
1.5B,rdgdpo_positive,1,88,0.935546875,1.924231052,,,0.132812500,1.000000000,68.000000000,0.025390625,2.287087500,13.000000000
1.5B,rdgdpo_positive,1,89,0.947265625,1.883171558,,,0.117187500,1.000000000,60.000000000,0.015625000,2.738612788,8.000000000
1.5B,rdgdpo_positive,1,90,0.952148438,1.810756207,0.975000000,1.743127600,0.123046875,1.000000000,63.000000000,0.021484375,2.393172106,11.000000000
1.5B,rdgdpo_positive,1,91,0.950195312,1.900126219,,,0.105468750,1.000000000,54.000000000,0.015625000,2.598076211,8.000000000
1.5B,rdgdpo_positive,1,92,0.943359375,1.957935810,,,0.097656250,1.000000000,50.000000000,0.011718750,2.886751346,6.000000000
1.5B,rdgdpo_positive,1,93,0.941894531,1.867993832,,,0.105468750,1.000000000,54.000000000,0.009765625,3.286335345,5.000000000
1.5B,rdgdpo_positive,1,94,0.942871094,1.932774663,,,0.103515625,1.000000000,53.000000000,0.019531250,2.302172887,10.000000000
1.5B,rdgdpo_positive,1,95,0.929687500,1.846699357,,,0.109375000,1.000000000,56.000000000,0.021484375,2.256304299,11.000000000
1.5B,rdgdpo_positive,1,96,0.939941406,1.839994907,,,0.099609375,1.000000000,51.000000000,0.019531250,2.258317958,10.000000000
1.5B,rdgdpo_positive,1,97,0.942871094,1.881006479,,,0.107421875,1.000000000,55.000000000,0.017578125,2.472066162,9.000000000
1.5B,rdgdpo_positive,1,98,0.944824219,1.883792281,,,0.111328125,1.000000000,57.000000000,0.023437500,2.179449472,12.000000000
1.5B,rdgdpo_positive,1,99,0.921875000,1.858848929,,,0.115234375,1.000000000,59.000000000,0.015625000,2.715695123,8.000000000
1.5B,rdgdpo_positive,1,100,0.942871094,1.936049819,0.975000000,1.704390920,0.101562500,1.000000000,52.000000000,0.013671875,2.725540575,7.000000000
1.5B,rdgdpo_positive,2,0,,,0.025000000,-2.543750000,,,,,,
1.5B,rdgdpo_positive,2,1,0.004882812,-2.440371037,,,0.156250000,1.000000000,80.000000000,0.017578125,2.981423970,9.000000000
1.5B,rdgdpo_positive,2,2,0.005371094,-2.410172462,,,0.162109375,1.000000000,83.000000000,0.019531250,2.880972058,10.000000000
1.5B,rdgdpo_positive,2,3,0.009277344,-2.242288589,,,0.292968750,1.000000000,150.000000000,0.037109375,2.809757435,19.000000000
1.5B,rdgdpo_positive,2,4,0.014648438,-1.665131569,,,0.521484375,1.000000000,267.000000000,0.050781250,3.204564053,26.000000000
1.5B,rdgdpo_positive,2,5,0.039062500,-0.842528105,,,0.669921875,1.000000000,343.000000000,0.130859375,2.262609773,67.000000000
1.5B,rdgdpo_positive,2,6,0.072753906,-0.191384986,,,0.740234375,1.000000000,379.000000000,0.234375000,1.777170035,120.000000000
1.5B,rdgdpo_positive,2,7,0.104980469,0.219522163,,,0.705078125,1.000000000,361.000000000,0.289062500,1.561790379,148.000000000
1.5B,rdgdpo_positive,2,8,0.142089844,0.745389640,,,0.626953125,1.000000000,321.000000000,0.324218750,1.390587983,166.000000000
1.5B,rdgdpo_positive,2,9,0.344238281,0.600365520,,,0.695312500,1.000000000,356.000000000,0.525390625,1.150399963,269.000000000
1.5B,rdgdpo_positive,2,10,0.448730469,0.886409640,0.750000000,1.429713460,0.656250000,1.000000000,336.000000000,0.511718750,1.132449888,262.000000000
1.5B,rdgdpo_positive,2,11,0.541503906,0.927901983,,,0.574218750,1.000000000,294.000000000,0.480468750,1.093216333,246.000000000
1.5B,rdgdpo_positive,2,12,0.704101562,1.045997977,,,0.574218750,1.000000000,294.000000000,0.392578125,1.209415796,201.000000000
1.5B,rdgdpo_positive,2,13,0.802246094,1.176528931,,,0.550781250,1.000000000,282.000000000,0.244140625,1.501998668,125.000000000
1.5B,rdgdpo_positive,2,14,0.822265625,1.162933350,,,0.513671875,1.000000000,263.000000000,0.166015625,1.759010417,85.000000000
1.5B,rdgdpo_positive,2,15,0.842285156,1.313926458,,,0.500000000,1.000000000,256.000000000,0.132812500,1.940285000,68.000000000
1.5B,rdgdpo_positive,2,16,0.836425781,1.283159018,,,0.462890625,1.000000000,237.000000000,0.111328125,2.039091645,57.000000000
1.5B,rdgdpo_positive,2,17,0.858886719,1.374734163,,,0.427734375,1.000000000,219.000000000,0.093750000,2.136000936,48.000000000
1.5B,rdgdpo_positive,2,18,0.854980469,1.314723015,,,0.445312500,1.000000000,228.000000000,0.105468750,2.054804668,54.000000000
1.5B,rdgdpo_positive,2,19,0.877929688,1.446884155,,,0.410156250,1.000000000,210.000000000,0.082031250,2.236067977,42.000000000
1.5B,rdgdpo_positive,2,20,0.874023438,1.506552935,0.937500000,1.481253639,0.404296875,1.000000000,207.000000000,0.091796875,2.098631773,47.000000000
1.5B,rdgdpo_positive,2,21,0.882324219,1.492923379,,,0.406250000,1.000000000,208.000000000,0.068359375,2.437797601,35.000000000
1.5B,rdgdpo_positive,2,22,0.880371094,1.426196098,,,0.435546875,1.000000000,223.000000000,0.087890625,2.226107714,45.000000000
1.5B,rdgdpo_positive,2,23,0.862304688,1.487151265,,,0.380859375,1.000000000,195.000000000,0.095703125,1.994891435,49.000000000
1.5B,rdgdpo_positive,2,24,0.912109375,1.562378049,,,0.378906250,1.000000000,194.000000000,0.093750000,2.010389680,48.000000000
1.5B,rdgdpo_positive,2,25,0.912109375,1.504833817,,,0.373046875,1.000000000,191.000000000,0.087890625,2.060204952,45.000000000
1.5B,rdgdpo_positive,2,26,0.901855469,1.549877644,,,0.339843750,1.000000000,174.000000000,0.107421875,1.778661397,55.000000000
1.5B,rdgdpo_positive,2,27,0.917968750,1.600869894,,,0.316406250,1.000000000,162.000000000,0.082031250,1.963961012,42.000000000
1.5B,rdgdpo_positive,2,28,0.924804688,1.684099793,,,0.333984375,1.000000000,171.000000000,0.076171875,2.093947321,39.000000000
1.5B,rdgdpo_positive,2,29,0.930664062,1.687529087,,,0.339843750,1.000000000,174.000000000,0.054687500,2.492846910,28.000000000
1.5B,rdgdpo_positive,2,30,0.913085938,1.560590863,0.975000000,1.650081065,0.345703125,1.000000000,177.000000000,0.082031250,2.052872552,42.000000000
1.5B,rdgdpo_positive,2,31,0.919433594,1.557783484,,,0.339843750,1.000000000,174.000000000,0.074218750,2.139847511,38.000000000
1.5B,rdgdpo_positive,2,32,0.941406250,1.698580384,,,0.279296875,1.000000000,143.000000000,0.076171875,1.914854216,39.000000000
1.5B,rdgdpo_positive,2,33,0.938476562,1.561623096,,,0.263671875,1.000000000,135.000000000,0.056640625,2.157584857,29.000000000
1.5B,rdgdpo_positive,2,34,0.919921875,1.721296906,,,0.253906250,1.000000000,130.000000000,0.042968750,2.430862174,22.000000000
1.5B,rdgdpo_positive,2,35,0.915039062,1.572206497,,,0.302734375,1.000000000,155.000000000,0.060546875,2.236067977,31.000000000
1.5B,rdgdpo_positive,2,36,0.932617188,1.640106678,,,0.259765625,1.000000000,133.000000000,0.050781250,2.261721604,26.000000000
1.5B,rdgdpo_positive,2,37,0.937500000,1.772556305,,,0.283203125,1.000000000,145.000000000,0.041015625,2.627691364,21.000000000
1.5B,rdgdpo_positive,2,38,0.935058594,1.551894903,,,0.292968750,1.000000000,150.000000000,0.048828125,2.449489743,25.000000000
1.5B,rdgdpo_positive,2,39,0.928710938,1.714840293,,,0.281250000,1.000000000,144.000000000,0.042968750,2.558408596,22.000000000
1.5B,rdgdpo_positive,2,40,0.937988281,1.685275555,0.975000000,1.617345674,0.255859375,1.000000000,131.000000000,0.037109375,2.625783091,19.000000000
1.5B,rdgdpo_positive,2,41,0.936035156,1.709156036,,,0.250000000,1.000000000,128.000000000,0.050781250,2.218800785,26.000000000
1.5B,rdgdpo_positive,2,42,0.915039062,1.618421555,,,0.257812500,1.000000000,132.000000000,0.041015625,2.507132682,21.000000000
1.5B,rdgdpo_positive,2,43,0.929687500,1.685174704,,,0.240234375,1.000000000,123.000000000,0.039062500,2.479919354,20.000000000
1.5B,rdgdpo_positive,2,44,0.949218750,1.799406290,,,0.244140625,1.000000000,125.000000000,0.025390625,3.100868365,13.000000000
1.5B,rdgdpo_positive,2,45,0.938476562,1.765542150,,,0.267578125,1.000000000,137.000000000,0.044921875,2.440598644,23.000000000
1.5B,rdgdpo_positive,2,46,0.920410156,1.717280984,,,0.259765625,1.000000000,133.000000000,0.044921875,2.404705532,23.000000000
1.5B,rdgdpo_positive,2,47,0.936523438,1.794223905,,,0.244140625,1.000000000,125.000000000,0.042968750,2.383656473,22.000000000
1.5B,rdgdpo_positive,2,48,0.921386719,1.761998653,,,0.218750000,1.000000000,112.000000000,0.033203125,2.566755792,17.000000000
1.5B,rdgdpo_positive,2,49,0.937011719,1.635646343,,,0.216796875,1.000000000,111.000000000,0.041015625,2.299068134,21.000000000
1.5B,rdgdpo_positive,2,50,0.924316406,1.760832548,0.975000000,1.653149246,0.232421875,1.000000000,119.000000000,0.039062500,2.439262184,20.000000000
1.5B,rdgdpo_positive,2,51,0.924316406,1.674125314,,,0.238281250,1.000000000,122.000000000,0.044921875,2.303116981,23.000000000
1.5B,rdgdpo_positive,2,52,0.933105469,1.849066615,,,0.218750000,1.000000000,112.000000000,0.031250000,2.645751311,16.000000000
1.5B,rdgdpo_positive,2,53,0.921875000,1.689143658,,,0.214843750,1.000000000,110.000000000,0.035156250,2.472066162,18.000000000
1.5B,rdgdpo_positive,2,54,0.935546875,1.777121305,,,0.171875000,1.000000000,88.000000000,0.041015625,2.047065263,21.000000000
1.5B,rdgdpo_positive,2,55,0.952636719,1.767618895,,,0.187500000,1.000000000,96.000000000,0.035156250,2.309401077,18.000000000
1.5B,rdgdpo_positive,2,56,0.941406250,1.787893057,,,0.242187500,1.000000000,124.000000000,0.037109375,2.554665495,19.000000000
1.5B,rdgdpo_positive,2,57,0.950683594,1.766698360,,,0.187500000,1.000000000,96.000000000,0.013671875,3.703280399,7.000000000
1.5B,rdgdpo_positive,2,58,0.941406250,1.816044807,,,0.240234375,1.000000000,123.000000000,0.033203125,2.689850204,17.000000000
1.5B,rdgdpo_positive,2,59,0.923828125,1.770185232,,,0.181640625,1.000000000,93.000000000,0.035156250,2.273030283,18.000000000
1.5B,rdgdpo_positive,2,60,0.933593750,1.795220137,0.975000000,1.664303197,0.175781250,1.000000000,90.000000000,0.027343750,2.535462764,14.000000000
1.5B,rdgdpo_positive,2,61,0.933105469,1.824323654,,,0.203125000,1.000000000,104.000000000,0.033203125,2.473387770,17.000000000
1.5B,rdgdpo_positive,2,62,0.940917969,1.783210635,,,0.208984375,1.000000000,107.000000000,0.035156250,2.438123140,18.000000000
1.5B,rdgdpo_positive,2,63,0.953125000,1.903157115,,,0.185546875,1.000000000,95.000000000,0.015625000,3.446012188,8.000000000
1.5B,rdgdpo_positive,2,64,0.948730469,1.724685311,,,0.210937500,1.000000000,108.000000000,0.021484375,3.133397807,11.000000000
1.5B,rdgdpo_positive,2,65,0.953125000,1.855561256,,,0.191406250,1.000000000,98.000000000,0.021484375,2.984810029,11.000000000
1.5B,rdgdpo_positive,2,66,0.937500000,1.824177623,,,0.166015625,1.000000000,85.000000000,0.037109375,2.115108558,19.000000000
1.5B,rdgdpo_positive,2,67,0.938476562,1.810245991,,,0.183593750,1.000000000,94.000000000,0.029296875,2.503331114,15.000000000
1.5B,rdgdpo_positive,2,68,0.925292969,1.810467958,,,0.160156250,1.000000000,82.000000000,0.025390625,2.511511957,13.000000000
1.5B,rdgdpo_positive,2,69,0.948730469,1.789382219,,,0.156250000,1.000000000,80.000000000,0.025390625,2.480694692,13.000000000
1.5B,rdgdpo_positive,2,70,0.931640625,1.919739485,0.975000000,1.755329982,0.164062500,1.000000000,84.000000000,0.023437500,2.645751311,12.000000000
1.5B,rdgdpo_positive,2,71,0.925781250,1.808023095,,,0.167968750,1.000000000,86.000000000,0.035156250,2.185812841,18.000000000
1.5B,rdgdpo_positive,2,72,0.953613281,1.901190042,,,0.150390625,1.000000000,77.000000000,0.011718750,3.582364210,6.000000000
1.5B,rdgdpo_positive,2,73,0.924316406,1.828569174,,,0.158203125,1.000000000,81.000000000,0.031250000,2.250000000,16.000000000
1.5B,rdgdpo_positive,2,74,0.944335938,1.906988025,,,0.167968750,1.000000000,86.000000000,0.027343750,2.478478796,14.000000000
1.5B,rdgdpo_positive,2,75,0.951660156,1.846147180,,,0.146484375,1.000000000,75.000000000,0.005859375,5.000000000,3.000000000
1.5B,rdgdpo_positive,2,76,0.952636719,1.853559136,,,0.167968750,1.000000000,86.000000000,0.019531250,2.932575660,10.000000000
1.5B,rdgdpo_positive,2,77,0.935546875,1.778426886,,,0.142578125,1.000000000,73.000000000,0.025390625,2.369680277,13.000000000
1.5B,rdgdpo_positive,2,78,0.933105469,1.811010718,,,0.152343750,1.000000000,78.000000000,0.035156250,2.081665999,18.000000000
1.5B,rdgdpo_positive,2,79,0.948242188,1.876995206,,,0.142578125,1.000000000,73.000000000,0.035156250,2.013840996,18.000000000
1.5B,rdgdpo_positive,2,80,0.940429688,1.881304502,0.975000000,1.781827237,0.156250000,1.000000000,80.000000000,0.027343750,2.390457219,14.000000000
1.5B,rdgdpo_positive,2,81,0.948730469,1.790510416,,,0.160156250,1.000000000,82.000000000,0.041015625,1.976047040,21.000000000
1.5B,rdgdpo_positive,2,82,0.936035156,1.880403280,,,0.152343750,1.000000000,78.000000000,0.033203125,2.142016642,17.000000000
1.5B,rdgdpo_positive,2,83,0.939941406,1.845334053,,,0.128906250,1.000000000,66.000000000,0.048828125,1.624807681,25.000000000
1.5B,rdgdpo_positive,2,84,0.958496094,1.876900315,,,0.142578125,1.000000000,73.000000000,0.017578125,2.848001248,9.000000000
1.5B,rdgdpo_positive,2,85,0.954101562,1.996356249,,,0.115234375,1.000000000,59.000000000,0.027343750,2.052872552,14.000000000
1.5B,rdgdpo_positive,2,86,0.934570312,1.714195967,,,0.158203125,1.000000000,81.000000000,0.037109375,2.064741605,19.000000000
1.5B,rdgdpo_positive,2,87,0.942382812,1.841471314,,,0.128906250,1.000000000,66.000000000,0.031250000,2.031009601,16.000000000
1.5B,rdgdpo_positive,2,88,0.946777344,1.890127182,,,0.136718750,1.000000000,70.000000000,0.027343750,2.236067977,14.000000000
1.5B,rdgdpo_positive,2,89,0.937500000,1.881572604,,,0.146484375,1.000000000,75.000000000,0.048828125,1.732050808,25.000000000
1.5B,rdgdpo_positive,2,90,0.941894531,1.843837380,0.975000000,1.756181318,0.115234375,1.000000000,59.000000000,0.031250000,1.920286437,16.000000000
1.5B,rdgdpo_positive,2,91,0.958496094,1.872550130,,,0.134765625,1.000000000,69.000000000,0.027343750,2.220038610,14.000000000
1.5B,rdgdpo_positive,2,92,0.951171875,1.852023482,,,0.130859375,1.000000000,67.000000000,0.041015625,1.786190413,21.000000000
1.5B,rdgdpo_positive,2,93,0.956054688,1.777602911,,,0.146484375,1.000000000,75.000000000,0.035156250,2.041241452,18.000000000
1.5B,rdgdpo_positive,2,94,0.963378906,1.928558350,,,0.121093750,1.000000000,62.000000000,0.029296875,2.033060091,15.000000000
1.5B,rdgdpo_positive,2,95,0.947753906,1.838496447,,,0.138671875,1.000000000,71.000000000,0.050781250,1.652503928,26.000000000
1.5B,rdgdpo_positive,2,96,0.936523438,1.876202703,,,0.121093750,1.000000000,62.000000000,0.042968750,1.678744119,22.000000000
1.5B,rdgdpo_positive,2,97,0.948730469,1.966188312,,,0.113281250,1.000000000,58.000000000,0.023437500,2.198484326,12.000000000
1.5B,rdgdpo_positive,2,98,0.950683594,1.823193431,,,0.146484375,1.000000000,75.000000000,0.035156250,2.041241452,18.000000000
1.5B,rdgdpo_positive,2,99,0.953613281,1.912407517,,,0.134765625,1.000000000,69.000000000,0.037109375,1.905670209,19.000000000
1.5B,rdgdpo_positive,2,100,0.941406250,1.854101419,0.975000000,1.687309563,0.101562500,1.000000000,52.000000000,0.031250000,1.802775638,16.000000000
1.5B,rdgdpo_positive,4,0,,,0.025000000,-2.587500000,,,,,,
1.5B,rdgdpo_positive,4,1,0.006835938,-2.449694633,,,0.158203125,1.000000000,81.000000000,0.023437500,2.598076211,12.000000000
1.5B,rdgdpo_positive,4,2,0.007812500,-2.488208055,,,0.152343750,1.000000000,78.000000000,0.025390625,2.449489743,13.000000000
1.5B,rdgdpo_positive,4,3,0.007812500,-2.303438187,,,0.281250000,1.000000000,144.000000000,0.031250000,3.000000000,16.000000000
1.5B,rdgdpo_positive,4,4,0.015136719,-1.895775676,,,0.445312500,1.000000000,228.000000000,0.050781250,2.961288701,26.000000000
1.5B,rdgdpo_positive,4,5,0.038085938,-1.037412047,,,0.669921875,1.000000000,343.000000000,0.126953125,2.297155432,65.000000000
1.5B,rdgdpo_positive,4,6,0.052246094,-0.118163168,,,0.675781250,1.000000000,346.000000000,0.164062500,2.029543697,84.000000000
1.5B,rdgdpo_positive,4,7,0.105468750,0.260716498,,,0.689453125,1.000000000,353.000000000,0.304687500,1.504267434,156.000000000
1.5B,rdgdpo_positive,4,8,0.198242188,0.651884317,,,0.656250000,1.000000000,336.000000000,0.382812500,1.309307341,196.000000000
1.5B,rdgdpo_positive,4,9,0.335937500,0.858144164,,,0.621093750,1.000000000,318.000000000,0.509765625,1.103807413,261.000000000
1.5B,rdgdpo_positive,4,10,0.451171875,0.921011925,0.800000000,1.419229831,0.603515625,1.000000000,309.000000000,0.464843750,1.139438163,238.000000000
1.5B,rdgdpo_positive,4,11,0.577148438,1.013466120,,,0.554687500,1.000000000,284.000000000,0.455078125,1.104030851,233.000000000
1.5B,rdgdpo_positive,4,12,0.716308594,1.072218537,,,0.556640625,1.000000000,285.000000000,0.322265625,1.314257481,165.000000000
1.5B,rdgdpo_positive,4,13,0.815917969,1.106970310,,,0.558593750,1.000000000,286.000000000,0.230468750,1.556832943,118.000000000
1.5B,rdgdpo_positive,4,14,0.831054688,1.197553635,,,0.500000000,1.000000000,256.000000000,0.171875000,1.705605731,88.000000000
1.5B,rdgdpo_positive,4,15,0.851074219,1.243345976,,,0.503906250,1.000000000,258.000000000,0.154296875,1.807158760,79.000000000
1.5B,rdgdpo_positive,4,16,0.866699219,1.343136311,,,0.441406250,1.000000000,226.000000000,0.115234375,1.957168484,59.000000000
1.5B,rdgdpo_positive,4,17,0.860839844,1.474637270,,,0.417968750,1.000000000,214.000000000,0.099609375,2.048433165,51.000000000
1.5B,rdgdpo_positive,4,18,0.846191406,1.427324772,,,0.412109375,1.000000000,211.000000000,0.117187500,1.875277757,60.000000000
1.5B,rdgdpo_positive,4,19,0.872558594,1.399575353,,,0.427734375,1.000000000,219.000000000,0.087890625,2.206052281,45.000000000
1.5B,rdgdpo_positive,4,20,0.844726562,1.447298169,0.925000000,1.592658175,0.373046875,1.000000000,191.000000000,0.091796875,2.015894290,47.000000000
1.5B,rdgdpo_positive,4,21,0.877441406,1.559368849,,,0.376953125,1.000000000,193.000000000,0.068359375,2.348251629,35.000000000
1.5B,rdgdpo_positive,4,22,0.864257812,1.416951776,,,0.373046875,1.000000000,191.000000000,0.095703125,1.974324994,49.000000000
1.5B,rdgdpo_positive,4,23,0.878417969,1.608188391,,,0.343750000,1.000000000,176.000000000,0.064453125,2.309401077,33.000000000
1.5B,rdgdpo_positive,4,24,0.879394531,1.672425270,,,0.320312500,1.000000000,164.000000000,0.072265625,2.105334280,37.000000000
1.5B,rdgdpo_positive,4,25,0.911132812,1.626796365,,,0.361328125,1.000000000,185.000000000,0.080078125,2.124192817,41.000000000
1.5B,rdgdpo_positive,4,26,0.904785156,1.595500708,,,0.304687500,1.000000000,156.000000000,0.083984375,1.904706533,43.000000000
1.5B,rdgdpo_positive,4,27,0.898437500,1.529018283,,,0.330078125,1.000000000,169.000000000,0.070312500,2.166666667,36.000000000
1.5B,rdgdpo_positive,4,28,0.929687500,1.637984633,,,0.310546875,1.000000000,159.000000000,0.054687500,2.382975331,28.000000000
1.5B,rdgdpo_positive,4,29,0.923339844,1.515562415,,,0.298828125,1.000000000,153.000000000,0.078125000,1.955760722,40.000000000
1.5B,rdgdpo_positive,4,30,0.918457031,1.599171042,0.975000000,1.683952817,0.324218750,1.000000000,166.000000000,0.054687500,2.434865793,28.000000000
1.5B,rdgdpo_positive,4,31,0.930664062,1.717860818,,,0.269531250,1.000000000,138.000000000,0.042968750,2.504541330,22.000000000
1.5B,rdgdpo_positive,4,32,0.923339844,1.711641073,,,0.275390625,1.000000000,141.000000000,0.062500000,2.099106953,32.000000000
1.5B,rdgdpo_positive,4,33,0.930664062,1.745895028,,,0.257812500,1.000000000,132.000000000,0.042968750,2.449489743,22.000000000
1.5B,rdgdpo_positive,4,34,0.928710938,1.567680001,,,0.300781250,1.000000000,154.000000000,0.033203125,3.009787954,17.000000000
1.5B,rdgdpo_positive,4,35,0.940429688,1.765861392,,,0.234375000,1.000000000,120.000000000,0.037109375,2.513123450,19.000000000
1.5B,rdgdpo_positive,4,36,0.931152344,1.757734776,,,0.220703125,1.000000000,113.000000000,0.029296875,2.744691847,15.000000000
1.5B,rdgdpo_positive,4,37,0.937011719,1.769307971,,,0.230468750,1.000000000,118.000000000,0.037109375,2.492092758,19.000000000
1.5B,rdgdpo_positive,4,38,0.929199219,1.654042959,,,0.251953125,1.000000000,129.000000000,0.033203125,2.754675170,17.000000000
1.5B,rdgdpo_positive,4,39,0.929687500,1.775700927,,,0.228515625,1.000000000,117.000000000,0.044921875,2.255428235,23.000000000
1.5B,rdgdpo_positive,4,40,0.937500000,1.673942089,0.975000000,1.750262344,0.253906250,1.000000000,130.000000000,0.048828125,2.280350850,25.000000000
1.5B,rdgdpo_positive,4,41,0.918945312,1.714419603,,,0.218750000,1.000000000,112.000000000,0.044921875,2.206709137,23.000000000
1.5B,rdgdpo_positive,4,42,0.940429688,1.731287003,,,0.263671875,1.000000000,135.000000000,0.042968750,2.477168472,22.000000000
1.5B,rdgdpo_positive,4,43,0.930664062,1.695794702,,,0.220703125,1.000000000,113.000000000,0.048828125,2.126029163,25.000000000
1.5B,rdgdpo_positive,4,44,0.936035156,1.695822477,,,0.222656250,1.000000000,114.000000000,0.037109375,2.449489743,19.000000000
1.5B,rdgdpo_positive,4,45,0.943847656,1.770905256,,,0.193359375,1.000000000,99.000000000,0.035156250,2.345207880,18.000000000
1.5B,rdgdpo_positive,4,46,0.928710938,1.754850149,,,0.228515625,1.000000000,117.000000000,0.042968750,2.306118344,22.000000000
1.5B,rdgdpo_positive,4,47,0.928222656,1.670199752,,,0.238281250,1.000000000,122.000000000,0.039062500,2.469817807,20.000000000
1.5B,rdgdpo_positive,4,48,0.932617188,1.690781832,,,0.179687500,1.000000000,92.000000000,0.031250000,2.397915762,16.000000000
1.5B,rdgdpo_positive,4,49,0.928710938,1.897106171,,,0.197265625,1.000000000,101.000000000,0.039062500,2.247220505,20.000000000
1.5B,rdgdpo_positive,4,50,0.933593750,1.753256083,0.975000000,1.777591888,0.181640625,1.000000000,93.000000000,0.035156250,2.273030283,18.000000000
1.5B,rdgdpo_positive,4,51,0.930664062,1.746376634,,,0.197265625,1.000000000,101.000000000,0.031250000,2.512468905,16.000000000
1.5B,rdgdpo_positive,4,52,0.938476562,1.793077826,,,0.177734375,1.000000000,91.000000000,0.029296875,2.463060427,15.000000000
1.5B,rdgdpo_positive,4,53,0.929199219,1.864158750,,,0.203125000,1.000000000,104.000000000,0.035156250,2.403700850,18.000000000
1.5B,rdgdpo_positive,4,54,0.929687500,1.844618082,,,0.185546875,1.000000000,95.000000000,0.033203125,2.363944859,17.000000000
1.5B,rdgdpo_positive,4,55,0.947753906,1.850485086,,,0.191406250,1.000000000,98.000000000,0.025390625,2.745625892,13.000000000
1.5B,rdgdpo_positive,4,56,0.943359375,1.750824451,,,0.181640625,1.000000000,93.000000000,0.023437500,2.783882181,12.000000000
1.5B,rdgdpo_positive,4,57,0.937988281,1.886004806,,,0.179687500,1.000000000,92.000000000,0.025390625,2.660248687,13.000000000
1.5B,rdgdpo_positive,4,58,0.938476562,1.777965903,,,0.169921875,1.000000000,87.000000000,0.027343750,2.492846910,14.000000000
1.5B,rdgdpo_positive,4,59,0.940429688,1.848497987,,,0.171875000,1.000000000,88.000000000,0.011718750,3.829708431,6.000000000
1.5B,rdgdpo_positive,4,60,0.933593750,1.835887551,0.975000000,1.825879433,0.171875000,1.000000000,88.000000000,0.031250000,2.345207880,16.000000000
1.5B,rdgdpo_positive,4,61,0.933593750,1.842884302,,,0.156250000,1.000000000,80.000000000,0.029296875,2.309401077,15.000000000
1.5B,rdgdpo_positive,4,62,0.948242188,1.843978882,,,0.146484375,1.000000000,75.000000000,0.025390625,2.401922307,13.000000000
1.5B,rdgdpo_positive,4,63,0.938476562,1.783090353,,,0.166015625,1.000000000,85.000000000,0.025390625,2.557041560,13.000000000
1.5B,rdgdpo_positive,4,64,0.955078125,1.862106085,,,0.144531250,1.000000000,74.000000000,0.025390625,2.385855757,13.000000000
1.5B,rdgdpo_positive,4,65,0.943359375,1.924597859,,,0.132812500,1.000000000,68.000000000,0.037109375,1.891810606,19.000000000
1.5B,rdgdpo_positive,4,66,0.925781250,1.846904755,,,0.164062500,1.000000000,84.000000000,0.025390625,2.541955637,13.000000000
1.5B,rdgdpo_positive,4,67,0.927246094,1.783026218,,,0.140625000,1.000000000,72.000000000,0.023437500,2.449489743,12.000000000
1.5B,rdgdpo_positive,4,68,0.937988281,1.852957129,,,0.150390625,1.000000000,77.000000000,0.019531250,2.774887385,10.000000000
1.5B,rdgdpo_positive,4,69,0.957031250,1.856193304,,,0.144531250,1.000000000,74.000000000,0.019531250,2.720294102,10.000000000
1.5B,rdgdpo_positive,4,70,0.928222656,1.810066581,0.975000000,1.823200862,0.146484375,1.000000000,75.000000000,0.007812500,4.330127019,4.000000000
1.5B,rdgdpo_positive,4,71,0.943359375,1.839782834,,,0.136718750,1.000000000,70.000000000,0.019531250,2.645751311,10.000000000
1.5B,rdgdpo_positive,4,72,0.942382812,1.896273255,,,0.113281250,1.000000000,58.000000000,0.017578125,2.538591035,9.000000000
1.5B,rdgdpo_positive,4,73,0.930175781,1.899288654,,,0.166015625,1.000000000,85.000000000,0.017578125,3.073181486,9.000000000
1.5B,rdgdpo_positive,4,74,0.922851562,1.871324539,,,0.121093750,1.000000000,62.000000000,0.009765625,3.521363372,5.000000000
1.5B,rdgdpo_positive,4,75,0.947265625,1.898393273,,,0.144531250,1.000000000,74.000000000,0.017578125,2.867441756,9.000000000
1.5B,rdgdpo_positive,4,76,0.951171875,1.864152312,,,0.126953125,1.000000000,65.000000000,0.021484375,2.430862174,11.000000000
1.5B,rdgdpo_positive,4,77,0.943847656,1.847488165,,,0.115234375,1.000000000,59.000000000,0.025390625,2.130366527,13.000000000
1.5B,rdgdpo_positive,4,78,0.945800781,1.793915510,,,0.125000000,1.000000000,64.000000000,0.015625000,2.828427125,8.000000000
1.5B,rdgdpo_positive,4,79,0.938476562,1.821209311,,,0.160156250,1.000000000,82.000000000,0.025390625,2.511511957,13.000000000
1.5B,rdgdpo_positive,4,80,0.940429688,1.929943204,0.975000000,1.793496189,0.138671875,1.000000000,71.000000000,0.013671875,3.184785259,7.000000000
1.5B,rdgdpo_positive,4,81,0.941894531,1.836807251,,,0.113281250,1.000000000,58.000000000,0.015625000,2.692582404,8.000000000
1.5B,rdgdpo_positive,4,82,0.950683594,1.945289850,,,0.138671875,1.000000000,71.000000000,0.023437500,2.432419920,12.000000000
1.5B,rdgdpo_positive,4,83,0.940429688,1.780265570,,,0.138671875,1.000000000,71.000000000,0.029296875,2.175622516,15.000000000
1.5B,rdgdpo_positive,4,84,0.924804688,1.873740673,,,0.148437500,1.000000000,76.000000000,0.017578125,2.905932629,9.000000000
1.5B,rdgdpo_positive,4,85,0.961914062,1.915762305,,,0.109375000,1.000000000,56.000000000,0.017578125,2.494438258,9.000000000
1.5B,rdgdpo_positive,4,86,0.957031250,1.912596464,,,0.123046875,1.000000000,63.000000000,0.019531250,2.509980080,10.000000000
1.5B,rdgdpo_positive,4,87,0.912109375,1.784218311,,,0.111328125,1.000000000,57.000000000,0.017578125,2.516611478,9.000000000
1.5B,rdgdpo_positive,4,88,0.923828125,1.936366796,,,0.121093750,1.000000000,62.000000000,0.023437500,2.273030283,12.000000000
1.5B,rdgdpo_positive,4,89,0.954101562,1.995685458,,,0.128906250,1.000000000,66.000000000,0.015625000,2.872281323,8.000000000
1.5B,rdgdpo_positive,4,90,0.937011719,1.856566310,0.975000000,1.783111575,0.115234375,1.000000000,59.000000000,0.017578125,2.560381916,9.000000000
1.5B,rdgdpo_positive,4,91,0.931640625,1.786422491,,,0.103515625,1.000000000,53.000000000,0.021484375,2.195035721,11.000000000
1.5B,rdgdpo_positive,4,92,0.946289062,1.892037511,,,0.095703125,1.000000000,49.000000000,0.019531250,2.213594362,10.000000000
1.5B,rdgdpo_positive,4,93,0.949707031,1.963583469,,,0.085937500,1.000000000,44.000000000,0.013671875,2.507132682,7.000000000
1.5B,rdgdpo_positive,4,94,0.939453125,1.798394918,,,0.083984375,1.000000000,43.000000000,0.019531250,2.073644135,10.000000000
1.5B,rdgdpo_positive,4,95,0.953125000,1.940345764,,,0.099609375,1.000000000,51.000000000,0.011718750,2.915475947,6.000000000
1.5B,rdgdpo_positive,4,96,0.920410156,1.996630549,,,0.062500000,1.000000000,32.000000000,0.017578125,1.885618083,9.000000000
1.5B,rdgdpo_positive,4,97,0.933593750,1.844163418,,,0.121093750,1.000000000,62.000000000,0.011718750,3.214550254,6.000000000
1.5B,rdgdpo_positive,4,98,0.949218750,1.925002337,,,0.107421875,1.000000000,55.000000000,0.011718750,3.027650354,6.000000000
1.5B,rdgdpo_positive,4,99,0.948730469,1.890525818,,,0.085937500,1.000000000,44.000000000,0.009765625,2.966479395,5.000000000
1.5B,rdgdpo_positive,4,100,0.943847656,2.086661577,0.975000000,1.822871189,0.076171875,1.000000000,39.000000000,0.009765625,2.792848009,5.000000000
1.5B,rdgdpo_positive,5,0,,,0.025000000,-2.543750000,,,,,,
1.5B,rdgdpo_positive,5,1,0.006835938,-2.469160795,,,0.146484375,1.000000000,75.000000000,0.023437500,2.500000000,12.000000000
1.5B,rdgdpo_positive,5,2,0.004882812,-2.414266109,,,0.148437500,1.000000000,76.000000000,0.015625000,3.082207001,8.000000000
1.5B,rdgdpo_positive,5,3,0.009277344,-2.127661705,,,0.326171875,1.000000000,167.000000000,0.031250000,3.230711996,16.000000000
1.5B,rdgdpo_positive,5,4,0.008300781,-1.503247261,,,0.578125000,1.000000000,296.000000000,0.029296875,4.442221666,15.000000000
1.5B,rdgdpo_positive,5,5,0.009765625,-0.492856205,,,0.718750000,1.000000000,368.000000000,0.029296875,4.953113499,15.000000000
1.5B,rdgdpo_positive,5,6,0.025878906,0.109311745,,,0.710937500,1.000000000,364.000000000,0.089843750,2.813013238,46.000000000
1.5B,rdgdpo_positive,5,7,0.042968750,0.377642900,,,0.681640625,1.000000000,349.000000000,0.136718750,2.232871310,70.000000000
1.5B,rdgdpo_positive,5,8,0.079101562,0.768460512,,,0.697265625,1.000000000,357.000000000,0.191406250,1.908627031,98.000000000
1.5B,rdgdpo_positive,5,9,0.123046875,0.958146334,,,0.601562500,1.000000000,308.000000000,0.283203125,1.457442257,145.000000000
1.5B,rdgdpo_positive,5,10,0.214843750,0.946637094,0.375000000,1.412176260,0.582031250,1.000000000,298.000000000,0.376953125,1.242594645,193.000000000
1.5B,rdgdpo_positive,5,11,0.310546875,1.050230861,,,0.531250000,1.000000000,272.000000000,0.451171875,1.085121734,231.000000000
1.5B,rdgdpo_positive,5,12,0.474121094,0.976369321,,,0.570312500,1.000000000,292.000000000,0.529296875,1.038022531,271.000000000
1.5B,rdgdpo_positive,5,13,0.600585938,0.945372462,,,0.560546875,1.000000000,287.000000000,0.509765625,1.048626177,261.000000000
1.5B,rdgdpo_positive,5,14,0.729003906,1.087089300,,,0.552734375,1.000000000,283.000000000,0.382812500,1.201614560,196.000000000
1.5B,rdgdpo_positive,5,15,0.785644531,1.118706942,,,0.525390625,1.000000000,269.000000000,0.261718750,1.416849564,134.000000000
1.5B,rdgdpo_positive,5,16,0.838378906,1.323157549,,,0.498046875,1.000000000,255.000000000,0.146484375,1.843908891,75.000000000
1.5B,rdgdpo_positive,5,17,0.831542969,1.341935873,,,0.462890625,1.000000000,237.000000000,0.156250000,1.721191448,80.000000000
1.5B,rdgdpo_positive,5,18,0.867187500,1.274031281,,,0.490234375,1.000000000,251.000000000,0.111328125,2.098453900,57.000000000
1.5B,rdgdpo_positive,5,19,0.850097656,1.384793043,,,0.433593750,1.000000000,222.000000000,0.113281250,1.956421787,58.000000000
1.5B,rdgdpo_positive,5,20,0.845703125,1.407166243,0.925000000,1.577682213,0.406250000,1.000000000,208.000000000,0.089843750,2.126438132,46.000000000
1.5B,rdgdpo_positive,5,21,0.877929688,1.544848919,,,0.396484375,1.000000000,203.000000000,0.085937500,2.147937700,44.000000000
1.5B,rdgdpo_positive,5,22,0.852050781,1.415386200,,,0.410156250,1.000000000,210.000000000,0.103515625,1.990543682,53.000000000
1.5B,rdgdpo_positive,5,23,0.882324219,1.486413717,,,0.371093750,1.000000000,190.000000000,0.078125000,2.179449472,40.000000000
1.5B,rdgdpo_positive,5,24,0.887695312,1.632784367,,,0.324218750,1.000000000,166.000000000,0.068359375,2.177810171,35.000000000
1.5B,rdgdpo_positive,5,25,0.889648438,1.463049769,,,0.349609375,1.000000000,179.000000000,0.076171875,2.142368687,39.000000000
1.5B,rdgdpo_positive,5,26,0.889160156,1.572798848,,,0.298828125,1.000000000,153.000000000,0.082031250,1.908627031,42.000000000
1.5B,rdgdpo_positive,5,27,0.922363281,1.750946283,,,0.337890625,1.000000000,173.000000000,0.068359375,2.223253729,35.000000000
1.5B,rdgdpo_positive,5,28,0.926269531,1.769544840,,,0.308593750,1.000000000,158.000000000,0.058593750,2.294921930,30.000000000
1.5B,rdgdpo_positive,5,29,0.926757812,1.610649109,,,0.318359375,1.000000000,163.000000000,0.068359375,2.158041440,35.000000000
1.5B,rdgdpo_positive,5,30,0.909667969,1.586153626,0.975000000,1.713157363,0.277343750,1.000000000,142.000000000,0.060546875,2.140244183,31.000000000
1.5B,rdgdpo_positive,5,31,0.933593750,1.627627850,,,0.306640625,1.000000000,157.000000000,0.062500000,2.215005643,32.000000000
1.5B,rdgdpo_positive,5,32,0.928222656,1.659516811,,,0.285156250,1.000000000,146.000000000,0.060546875,2.170179121,31.000000000
1.5B,rdgdpo_positive,5,33,0.928222656,1.677409172,,,0.306640625,1.000000000,157.000000000,0.062500000,2.215005643,32.000000000
1.5B,rdgdpo_positive,5,34,0.912109375,1.651014686,,,0.300781250,1.000000000,154.000000000,0.056640625,2.304418544,29.000000000
1.5B,rdgdpo_positive,5,35,0.921875000,1.754037738,,,0.246093750,1.000000000,126.000000000,0.060546875,2.016064515,31.000000000
1.5B,rdgdpo_positive,5,36,0.928710938,1.643111587,,,0.248046875,1.000000000,127.000000000,0.041015625,2.459190730,21.000000000
1.5B,rdgdpo_positive,5,37,0.915039062,1.688868999,,,0.283203125,1.000000000,145.000000000,0.041015625,2.627691364,21.000000000
1.5B,rdgdpo_positive,5,38,0.930175781,1.674179554,,,0.251953125,1.000000000,129.000000000,0.054687500,2.146425600,28.000000000
1.5B,rdgdpo_positive,5,39,0.934570312,1.760010958,,,0.222656250,1.000000000,114.000000000,0.039062500,2.387467277,20.000000000
1.5B,rdgdpo_positive,5,40,0.929199219,1.692848444,0.975000000,1.802591888,0.248046875,1.000000000,127.000000000,0.041015625,2.459190730,21.000000000
1.5B,rdgdpo_positive,5,41,0.958984375,1.705695868,,,0.265625000,1.000000000,136.000000000,0.035156250,2.748737084,18.000000000
1.5B,rdgdpo_positive,5,42,0.929687500,1.744109273,,,0.214843750,1.000000000,110.000000000,0.052734375,2.018433569,27.000000000
1.5B,rdgdpo_positive,5,43,0.939453125,1.801921964,,,0.205078125,1.000000000,105.000000000,0.029296875,2.645751311,15.000000000
1.5B,rdgdpo_positive,5,44,0.924316406,1.769142032,,,0.224609375,1.000000000,115.000000000,0.037109375,2.460209662,19.000000000
1.5B,rdgdpo_positive,5,45,0.938476562,1.760281324,,,0.222656250,1.000000000,114.000000000,0.060546875,1.917659864,31.000000000
1.5B,rdgdpo_positive,5,46,0.945800781,1.702471733,,,0.230468750,1.000000000,118.000000000,0.044921875,2.265046309,23.000000000
1.5B,rdgdpo_positive,5,47,0.934082031,1.797266722,,,0.199218750,1.000000000,102.000000000,0.039062500,2.258317958,20.000000000
1.5B,rdgdpo_positive,5,48,0.922363281,1.606075048,,,0.222656250,1.000000000,114.000000000,0.044921875,2.226324716,23.000000000
1.5B,rdgdpo_positive,5,49,0.947265625,1.831792355,,,0.218750000,1.000000000,112.000000000,0.033203125,2.566755792,17.000000000
1.5B,rdgdpo_positive,5,50,0.932128906,1.749198318,0.975000000,1.795449031,0.185546875,1.000000000,95.000000000,0.025390625,2.703274368,13.000000000
1.5B,rdgdpo_positive,5,51,0.943847656,1.767791271,,,0.208984375,1.000000000,107.000000000,0.029296875,2.670830083,15.000000000
1.5B,rdgdpo_positive,5,52,0.945800781,1.900321603,,,0.189453125,1.000000000,97.000000000,0.021484375,2.969542358,11.000000000
1.5B,rdgdpo_positive,5,53,0.941406250,1.801954508,,,0.191406250,1.000000000,98.000000000,0.048828125,1.979898987,25.000000000
1.5B,rdgdpo_positive,5,54,0.938964844,1.733865619,,,0.142578125,1.000000000,73.000000000,0.023437500,2.466441431,12.000000000
1.5B,rdgdpo_positive,5,55,0.924316406,1.751399636,,,0.207031250,1.000000000,106.000000000,0.025390625,2.855494030,13.000000000
1.5B,rdgdpo_positive,5,56,0.930664062,1.869835973,,,0.177734375,1.000000000,91.000000000,0.023437500,2.753785274,12.000000000
1.5B,rdgdpo_positive,5,57,0.931640625,1.742669582,,,0.218750000,1.000000000,112.000000000,0.025390625,2.935197543,13.000000000
1.5B,rdgdpo_positive,5,58,0.937500000,1.830093384,,,0.162109375,1.000000000,83.000000000,0.025390625,2.526779647,13.000000000
1.5B,rdgdpo_positive,5,59,0.941406250,1.822465420,,,0.134765625,1.000000000,69.000000000,0.033203125,2.014652211,17.000000000
1.5B,rdgdpo_positive,5,60,0.960937500,1.823491335,0.975000000,1.768452276,0.175781250,1.000000000,90.000000000,0.019531250,3.000000000,10.000000000
1.5B,rdgdpo_positive,5,61,0.922851562,1.756489754,,,0.146484375,1.000000000,75.000000000,0.031250000,2.165063509,16.000000000
1.5B,rdgdpo_positive,5,62,0.934570312,1.878165364,,,0.146484375,1.000000000,75.000000000,0.017578125,2.886751346,9.000000000
1.5B,rdgdpo_positive,5,63,0.934082031,1.862245083,,,0.158203125,1.000000000,81.000000000,0.015625000,3.181980515,8.000000000
1.5B,rdgdpo_positive,5,64,0.933105469,1.941482902,,,0.169921875,1.000000000,87.000000000,0.019531250,2.949576241,10.000000000
1.5B,rdgdpo_positive,5,65,0.936523438,1.771194339,,,0.123046875,1.000000000,63.000000000,0.013671875,3.000000000,7.000000000
1.5B,rdgdpo_positive,5,66,0.943847656,1.769944787,,,0.152343750,1.000000000,78.000000000,0.017578125,2.943920289,9.000000000
1.5B,rdgdpo_positive,5,67,0.931152344,1.838990450,,,0.173828125,1.000000000,89.000000000,0.019531250,2.983286778,10.000000000
1.5B,rdgdpo_positive,5,68,0.940429688,1.852038980,,,0.140625000,1.000000000,72.000000000,0.019531250,2.683281573,10.000000000
1.5B,rdgdpo_positive,5,69,0.946777344,1.797162652,,,0.156250000,1.000000000,80.000000000,0.021484375,2.696799450,11.000000000
1.5B,rdgdpo_positive,5,70,0.952148438,1.877596736,0.975000000,1.793395457,0.132812500,1.000000000,68.000000000,0.011718750,3.366501646,6.000000000
1.5B,rdgdpo_positive,5,71,0.946777344,1.893257737,,,0.146484375,1.000000000,75.000000000,0.009765625,3.872983346,5.000000000
1.5B,rdgdpo_positive,5,72,0.928222656,1.868855000,,,0.107421875,1.000000000,55.000000000,0.011718750,3.027650354,6.000000000
1.5B,rdgdpo_positive,5,73,0.947753906,1.770685673,,,0.152343750,1.000000000,78.000000000,0.023437500,2.549509757,12.000000000
1.5B,rdgdpo_positive,5,74,0.949707031,1.850927591,,,0.142578125,1.000000000,73.000000000,0.027343750,2.283481052,14.000000000
1.5B,rdgdpo_positive,5,75,0.928222656,1.924059272,,,0.111328125,1.000000000,57.000000000,0.017578125,2.516611478,9.000000000
1.5B,rdgdpo_positive,5,76,0.953613281,1.852343678,,,0.148437500,1.000000000,76.000000000,0.015625000,3.082207001,8.000000000
1.5B,rdgdpo_positive,5,77,0.939941406,1.858872294,,,0.150390625,1.000000000,77.000000000,0.027343750,2.345207880,14.000000000
1.5B,rdgdpo_positive,5,78,0.945800781,1.856250286,,,0.144531250,1.000000000,74.000000000,0.025390625,2.385855757,13.000000000
1.5B,rdgdpo_positive,5,79,0.960937500,1.759192824,,,0.128906250,1.000000000,66.000000000,0.029296875,2.097617696,15.000000000
1.5B,rdgdpo_positive,5,80,0.937988281,1.842789054,0.975000000,1.781280071,0.123046875,1.000000000,63.000000000,0.017578125,2.645751311,9.000000000
1.5B,rdgdpo_positive,5,81,0.929199219,1.944486380,,,0.125000000,1.000000000,64.000000000,0.023437500,2.309401077,12.000000000
1.5B,rdgdpo_positive,5,82,0.936523438,1.915452957,,,0.105468750,1.000000000,54.000000000,0.025390625,2.038098661,13.000000000
1.5B,rdgdpo_positive,5,83,0.957031250,1.965937614,,,0.097656250,1.000000000,50.000000000,0.013671875,2.672612419,7.000000000
1.5B,rdgdpo_positive,5,84,0.937011719,1.947934389,,,0.121093750,1.000000000,62.000000000,0.007812500,3.937003937,4.000000000
1.5B,rdgdpo_positive,5,85,0.939941406,1.938644528,,,0.109375000,1.000000000,56.000000000,0.015625000,2.645751311,8.000000000
1.5B,rdgdpo_positive,5,86,0.940917969,1.917857409,,,0.138671875,1.000000000,71.000000000,0.007812500,4.213074887,4.000000000
1.5B,rdgdpo_positive,5,87,0.940429688,1.884579301,,,0.134765625,1.000000000,69.000000000,0.013671875,3.139608711,7.000000000
1.5B,rdgdpo_positive,5,88,0.948730469,1.995577097,,,0.111328125,1.000000000,57.000000000,0.009765625,3.376388603,5.000000000
1.5B,rdgdpo_positive,5,89,0.934082031,1.905586362,,,0.111328125,1.000000000,57.000000000,0.035156250,1.779513042,18.000000000
1.5B,rdgdpo_positive,5,90,0.946289062,1.847705603,0.975000000,1.847818536,0.117187500,1.000000000,60.000000000,0.011718750,3.162277660,6.000000000
1.5B,rdgdpo_positive,5,91,0.926757812,1.832631826,,,0.115234375,1.000000000,59.000000000,0.023437500,2.217355783,12.000000000
1.5B,rdgdpo_positive,5,92,0.940917969,1.878892899,,,0.099609375,1.000000000,51.000000000,0.013671875,2.699206233,7.000000000
1.5B,rdgdpo_positive,5,93,0.949218750,1.905599833,,,0.091796875,1.000000000,47.000000000,0.011718750,2.798809271,6.000000000
1.5B,rdgdpo_positive,5,94,0.933105469,1.940015435,,,0.093750000,1.000000000,48.000000000,0.013671875,2.618614683,7.000000000
1.5B,rdgdpo_positive,5,95,0.949218750,1.970498562,,,0.091796875,1.000000000,47.000000000,0.015625000,2.423839929,8.000000000
1.5B,rdgdpo_positive,5,96,0.955078125,1.951845407,,,0.085937500,1.000000000,44.000000000,0.021484375,2.000000000,11.000000000
1.5B,rdgdpo_positive,5,97,0.937011719,1.918451309,,,0.111328125,1.000000000,57.000000000,0.007812500,3.774917218,4.000000000
1.5B,rdgdpo_positive,5,98,0.927246094,1.929752946,,,0.113281250,1.000000000,58.000000000,0.011718750,3.109126351,6.000000000
1.5B,rdgdpo_positive,5,99,0.950195312,2.053533077,,,0.091796875,1.000000000,47.000000000,0.021484375,2.067057637,11.000000000
1.5B,rdgdpo_positive,5,100,0.945800781,1.905602217,0.975000000,1.810167021,0.105468750,1.000000000,54.000000000,0.015625000,2.598076211,8.000000000
3B,rdgdpo_positive,0,0,,,0.112500000,1.146707250,,,,,,
3B,rdgdpo_positive,0,1,0.057128906,-0.665785789,,,0.738281250,1.000000000,378.000000000,0.164062500,2.121320344,84.000000000
3B,rdgdpo_positive,0,2,0.052734375,-0.549759984,,,0.759765625,1.000000000,389.000000000,0.144531250,2.292761819,74.000000000
3B,rdgdpo_positive,0,3,0.096191406,-0.375366211,,,0.755859375,1.000000000,387.000000000,0.236328125,1.788392325,121.000000000
3B,rdgdpo_positive,0,4,0.194824219,0.266777456,,,0.724609375,1.000000000,371.000000000,0.380859375,1.379334659,195.000000000
3B,rdgdpo_positive,0,5,0.276855469,0.633956969,,,0.638671875,1.000000000,327.000000000,0.431640625,1.216403720,221.000000000
3B,rdgdpo_positive,0,6,0.485351562,1.018610001,,,0.564453125,1.000000000,289.000000000,0.488281250,1.075174404,250.000000000
3B,rdgdpo_positive,0,7,0.598632812,1.068316936,,,0.531250000,1.000000000,272.000000000,0.447265625,1.089849956,229.000000000
3B,rdgdpo_positive,0,8,0.638183594,1.213271141,,,0.533203125,1.000000000,273.000000000,0.416015625,1.132117547,213.000000000
3B,rdgdpo_positive,0,9,0.735839844,1.223925352,,,0.455078125,1.000000000,233.000000000,0.302734375,1.226061094,155.000000000
3B,rdgdpo_positive,0,10,0.847656250,1.441997290,0.925000000,1.744119629,0.462890625,1.000000000,237.000000000,0.224609375,1.435572905,115.000000000
3B,rdgdpo_positive,0,11,0.844726562,1.478289008,,,0.429687500,1.000000000,220.000000000,0.173828125,1.572230935,89.000000000
3B,rdgdpo_positive,0,12,0.841796875,1.400989890,,,0.412109375,1.000000000,211.000000000,0.181640625,1.506259342,93.000000000
3B,rdgdpo_positive,0,13,0.841796875,1.455848813,,,0.408203125,1.000000000,209.000000000,0.156250000,1.616322988,80.000000000
3B,rdgdpo_positive,0,14,0.859863281,1.511246204,,,0.373046875,1.000000000,191.000000000,0.111328125,1.830540137,57.000000000
3B,rdgdpo_positive,0,15,0.882812500,1.482739210,,,0.375000000,1.000000000,192.000000000,0.136718750,1.656157342,70.000000000
3B,rdgdpo_positive,0,16,0.884277344,1.602148890,,,0.355468750,1.000000000,182.000000000,0.085937500,2.033805211,44.000000000
3B,rdgdpo_positive,0,17,0.919433594,1.736672997,,,0.349609375,1.000000000,179.000000000,0.064453125,2.329000306,33.000000000
3B,rdgdpo_positive,0,18,0.922851562,1.536462069,,,0.363281250,1.000000000,186.000000000,0.083984375,2.079803211,43.000000000
3B,rdgdpo_positive,0,19,0.912597656,1.708749890,,,0.294921875,1.000000000,151.000000000,0.082031250,1.896111309,42.000000000
3B,rdgdpo_positive,0,20,0.917480469,1.578828335,0.950000000,1.761807778,0.347656250,1.000000000,178.000000000,0.095703125,1.905952009,49.000000000
3B,rdgdpo_positive,0,21,0.918945312,1.689149141,,,0.287109375,1.000000000,147.000000000,0.056640625,2.251436323,29.000000000
3B,rdgdpo_positive,0,22,0.941406250,1.735290170,,,0.306640625,1.000000000,157.000000000,0.050781250,2.457328130,26.000000000
3B,rdgdpo_positive,0,23,0.941894531,1.697378874,,,0.310546875,1.000000000,159.000000000,0.066406250,2.162514876,34.000000000
3B,rdgdpo_positive,0,24,0.924804688,1.733552814,,,0.255859375,1.000000000,131.000000000,0.054687500,2.163000561,28.000000000
3B,rdgdpo_positive,0,25,0.938964844,1.659940124,,,0.263671875,1.000000000,135.000000000,0.062500000,2.053959591,32.000000000
3B,rdgdpo_positive,0,26,0.946289062,1.754389763,,,0.244140625,1.000000000,125.000000000,0.056640625,2.076136996,29.000000000
3B,rdgdpo_positive,0,27,0.931152344,1.558771610,,,0.248046875,1.000000000,127.000000000,0.042968750,2.402650052,22.000000000
3B,rdgdpo_positive,0,28,0.943847656,1.816938400,,,0.222656250,1.000000000,114.000000000,0.039062500,2.387467277,20.000000000
3B,rdgdpo_positive,0,29,0.946289062,1.766709566,,,0.234375000,1.000000000,120.000000000,0.052734375,2.108185107,27.000000000
3B,rdgdpo_positive,0,30,0.934082031,1.815529823,0.975000000,1.810557777,0.232421875,1.000000000,119.000000000,0.054687500,2.061552813,28.000000000
3B,rdgdpo_positive,0,31,0.951171875,1.780257106,,,0.234375000,1.000000000,120.000000000,0.068359375,1.851640200,35.000000000
3B,rdgdpo_positive,0,32,0.953125000,1.639672279,,,0.230468750,1.000000000,118.000000000,0.054687500,2.052872552,28.000000000
3B,rdgdpo_positive,0,33,0.948242188,1.791984797,,,0.195312500,1.000000000,100.000000000,0.056640625,1.856953382,29.000000000
3B,rdgdpo_positive,0,34,0.970703125,1.779052377,,,0.240234375,1.000000000,123.000000000,0.044921875,2.312536721,23.000000000
3B,rdgdpo_positive,0,35,0.941406250,1.786934257,,,0.230468750,1.000000000,118.000000000,0.056640625,2.017167697,29.000000000
3B,rdgdpo_positive,0,36,0.965332031,1.908947825,,,0.207031250,1.000000000,106.000000000,0.027343750,2.751622898,14.000000000
3B,rdgdpo_positive,0,37,0.943847656,1.857189775,,,0.193359375,1.000000000,99.000000000,0.056640625,1.847645286,29.000000000
3B,rdgdpo_positive,0,38,0.946289062,1.743940949,,,0.171875000,1.000000000,88.000000000,0.042968750,2.000000000,22.000000000
3B,rdgdpo_positive,0,39,0.959960938,1.707186460,,,0.224609375,1.000000000,115.000000000,0.029296875,2.768874621,15.000000000
3B,rdgdpo_positive,0,40,0.953613281,1.771484613,0.975000000,1.774067392,0.205078125,1.000000000,105.000000000,0.039062500,2.291287847,20.000000000
3B,rdgdpo_positive,0,41,0.959472656,1.856229663,,,0.199218750,1.000000000,102.000000000,0.037109375,2.316985337,19.000000000
3B,rdgdpo_positive,0,42,0.958496094,1.696388602,,,0.226562500,1.000000000,116.000000000,0.041015625,2.350278606,21.000000000
3B,rdgdpo_positive,0,43,0.955566406,1.877265692,,,0.203125000,1.000000000,104.000000000,0.046875000,2.081665999,24.000000000
3B,rdgdpo_positive,0,44,0.950683594,1.794395685,,,0.183593750,1.000000000,94.000000000,0.046875000,1.979057015,24.000000000
3B,rdgdpo_positive,0,45,0.950195312,1.778779268,,,0.175781250,1.000000000,90.000000000,0.035156250,2.236067977,18.000000000
3B,rdgdpo_positive,0,46,0.972167969,1.846359730,,,0.189453125,1.000000000,97.000000000,0.033203125,2.388698883,17.000000000
3B,rdgdpo_positive,0,47,0.959960938,1.808925986,,,0.191406250,1.000000000,98.000000000,0.025390625,2.745625892,13.000000000
3B,rdgdpo_positive,0,48,0.959472656,1.757703662,,,0.177734375,1.000000000,91.000000000,0.039062500,2.133072901,20.000000000
3B,rdgdpo_positive,0,49,0.960937500,1.916047692,,,0.158203125,1.000000000,81.000000000,0.025390625,2.496150883,13.000000000
3B,rdgdpo_positive,0,50,0.965332031,1.889342546,0.975000000,1.722135574,0.169921875,1.000000000,87.000000000,0.041015625,2.035400978,21.000000000
3B,rdgdpo_positive,0,51,0.973144531,1.844832182,,,0.146484375,1.000000000,75.000000000,0.041015625,1.889822365,21.000000000
3B,rdgdpo_positive,0,52,0.965332031,1.890035987,,,0.156250000,1.000000000,80.000000000,0.039062500,2.000000000,20.000000000
3B,rdgdpo_positive,0,53,0.963378906,1.883848071,,,0.154296875,1.000000000,79.000000000,0.031250000,2.222048604,16.000000000
3B,rdgdpo_positive,0,54,0.961425781,1.835591078,,,0.175781250,1.000000000,90.000000000,0.025390625,2.631174058,13.000000000
3B,rdgdpo_positive,0,55,0.951660156,1.844859481,,,0.130859375,1.000000000,67.000000000,0.027343750,2.187627547,14.000000000
3B,rdgdpo_positive,0,56,0.958496094,1.849096894,,,0.150390625,1.000000000,77.000000000,0.023437500,2.533114026,12.000000000
3B,rdgdpo_positive,0,57,0.970214844,1.848556876,,,0.125000000,1.000000000,64.000000000,0.025390625,2.218800785,13.000000000
3B,rdgdpo_positive,0,58,0.959472656,1.839835882,,,0.132812500,1.000000000,68.000000000,0.025390625,2.287087500,13.000000000
3B,rdgdpo_positive,0,59,0.958984375,1.994402766,,,0.126953125,1.000000000,65.000000000,0.019531250,2.549509757,10.000000000
3B,rdgdpo_positive,0,60,0.970703125,1.845206141,0.975000000,1.778000960,0.111328125,1.000000000,57.000000000,0.035156250,1.779513042,18.000000000
3B,rdgdpo_positive,0,61,0.973632812,1.960355043,,,0.140625000,1.000000000,72.000000000,0.027343750,2.267786838,14.000000000
3B,rdgdpo_positive,0,62,0.964355469,1.764653087,,,0.162109375,1.000000000,83.000000000,0.031250000,2.277608395,16.000000000
3B,rdgdpo_positive,0,63,0.960937500,1.987112999,,,0.132812500,1.000000000,68.000000000,0.031250000,2.061552813,16.000000000
3B,rdgdpo_positive,0,64,0.966308594,1.854278564,,,0.109375000,1.000000000,56.000000000,0.019531250,2.366431913,10.000000000
3B,rdgdpo_positive,0,65,0.970703125,2.003671408,,,0.132812500,1.000000000,68.000000000,0.027343750,2.203892660,14.000000000
3B,rdgdpo_positive,0,66,0.979003906,1.867958069,,,0.097656250,1.000000000,50.000000000,0.019531250,2.236067977,10.000000000
3B,rdgdpo_positive,0,67,0.965332031,1.905792236,,,0.111328125,1.000000000,57.000000000,0.019531250,2.387467277,10.000000000
3B,rdgdpo_positive,0,68,0.974609375,1.896113396,,,0.136718750,1.000000000,70.000000000,0.027343750,2.236067977,14.000000000
3B,rdgdpo_positive,0,69,0.962890625,1.859836221,,,0.099609375,1.000000000,51.000000000,0.031250000,1.785357107,16.000000000
3B,rdgdpo_positive,0,70,0.962890625,1.920149803,0.987500000,1.697314146,0.083984375,1.000000000,43.000000000,0.035156250,1.545603083,18.000000000
3B,rdgdpo_positive,0,71,0.973144531,1.936482072,,,0.099609375,1.000000000,51.000000000,0.015625000,2.524876235,8.000000000
3B,rdgdpo_positive,0,72,0.965332031,1.895363092,,,0.095703125,1.000000000,49.000000000,0.019531250,2.213594362,10.000000000
3B,rdgdpo_positive,0,73,0.975097656,1.969300389,,,0.089843750,1.000000000,46.000000000,0.027343750,1.812653934,14.000000000
3B,rdgdpo_positive,0,74,0.953125000,1.797092319,,,0.095703125,1.000000000,49.000000000,0.037109375,1.605910137,19.000000000
3B,rdgdpo_positive,0,75,0.955566406,1.877513409,,,0.064453125,1.000000000,33.000000000,0.033203125,1.393261092,17.000000000
3B,rdgdpo_positive,0,76,0.976562500,1.878983498,,,0.111328125,1.000000000,57.000000000,0.025390625,2.093947321,13.000000000
3B,rdgdpo_positive,0,77,0.979492188,1.953282118,,,0.115234375,1.000000000,59.000000000,0.027343750,2.052872552,14.000000000
3B,rdgdpo_positive,0,78,0.987792969,2.038492680,,,0.066406250,1.000000000,34.000000000,0.021484375,1.758098146,11.000000000
3B,rdgdpo_positive,0,79,0.971191406,2.005161762,,,0.087890625,1.000000000,45.000000000,0.019531250,2.121320344,10.000000000
3B,rdgdpo_positive,0,80,0.978515625,1.953790188,1.000000000,1.718742717,0.109375000,1.000000000,56.000000000,0.009765625,3.346640106,5.000000000
3B,rdgdpo_positive,0,81,0.974609375,1.854558825,,,0.113281250,1.000000000,58.000000000,0.031250000,1.903943276,16.000000000
3B,rdgdpo_positive,0,82,0.970214844,1.962225437,,,0.111328125,1.000000000,57.000000000,0.041015625,1.647508942,21.000000000
3B,rdgdpo_positive,0,83,0.975097656,1.848573923,,,0.097656250,1.000000000,50.000000000,0.015625000,2.500000000,8.000000000
3B,rdgdpo_positive,0,84,0.964843750,1.839147449,,,0.095703125,1.000000000,49.000000000,0.025390625,1.941450687,13.000000000
3B,rdgdpo_positive,0,85,0.976074219,1.920259714,,,0.087890625,1.000000000,45.000000000,0.027343750,1.792842914,14.000000000
3B,rdgdpo_positive,0,86,0.978027344,1.958418131,,,0.080078125,1.000000000,41.000000000,0.017578125,2.134374746,9.000000000
3B,rdgdpo_positive,0,87,0.975585938,1.933505774,,,0.097656250,1.000000000,50.000000000,0.035156250,1.666666667,18.000000000
3B,rdgdpo_positive,0,88,0.979003906,1.921861529,,,0.066406250,1.000000000,34.000000000,0.013671875,2.203892660,7.000000000
3B,rdgdpo_positive,0,89,0.970703125,1.944070935,,,0.080078125,1.000000000,41.000000000,0.029296875,1.653279569,15.000000000
3B,rdgdpo_positive,0,90,0.969726562,1.936536551,1.000000000,1.724099860,0.082031250,1.000000000,42.000000000,0.019531250,2.049390153,10.000000000
3B,rdgdpo_positive,0,91,0.977050781,1.977123857,,,0.078125000,1.000000000,40.000000000,0.019531250,2.000000000,10.000000000
3B,rdgdpo_positive,0,92,0.985351562,1.919265628,,,0.074218750,1.000000000,38.000000000,0.015625000,2.179449472,8.000000000
3B,rdgdpo_positive,0,93,0.975097656,1.941130996,,,0.078125000,1.000000000,40.000000000,0.019531250,2.000000000,10.000000000
3B,rdgdpo_positive,0,94,0.970214844,1.985092163,,,0.099609375,1.000000000,51.000000000,0.017578125,2.380476143,9.000000000
3B,rdgdpo_positive,0,95,0.973144531,1.978215933,,,0.068359375,1.000000000,35.000000000,0.025390625,1.640825308,13.000000000
3B,rdgdpo_positive,0,96,0.979980469,1.938566804,,,0.093750000,1.000000000,48.000000000,0.027343750,1.851640200,14.000000000
3B,rdgdpo_positive,0,97,0.985351562,1.968685985,,,0.085937500,1.000000000,44.000000000,0.019531250,2.097617696,10.000000000
3B,rdgdpo_positive,0,98,0.971191406,1.892916441,,,0.076171875,1.000000000,39.000000000,0.017578125,2.081665999,9.000000000
3B,rdgdpo_positive,0,99,0.968261719,1.976735592,,,0.068359375,1.000000000,35.000000000,0.017578125,1.972026594,9.000000000
3B,rdgdpo_positive,0,100,0.980468750,1.901985645,1.000000000,1.785126331,0.066406250,1.000000000,34.000000000,0.011718750,2.380476143,6.000000000
3B,rdgdpo_positive,1,0,,,0.112500000,1.121260820,,,,,,
3B,rdgdpo_positive,1,1,0.064453125,-0.474029988,,,0.785156250,1.000000000,402.000000000,0.154296875,2.255794227,79.000000000
3B,rdgdpo_positive,1,2,0.054687500,-0.721498013,,,0.751953125,1.000000000,385.000000000,0.150390625,2.236067977,77.000000000
3B,rdgdpo_positive,1,3,0.112792969,-0.261959553,,,0.728515625,1.000000000,373.000000000,0.273437500,1.632263984,140.000000000
3B,rdgdpo_positive,1,4,0.214355469,0.218600243,,,0.673828125,1.000000000,345.000000000,0.382812500,1.326726830,196.000000000
3B,rdgdpo_positive,1,5,0.401855469,0.760826766,,,0.593750000,1.000000000,304.000000000,0.416015625,1.194667337,213.000000000
3B,rdgdpo_positive,1,6,0.444824219,1.021517634,,,0.533203125,1.000000000,273.000000000,0.441406250,1.099074430,226.000000000
3B,rdgdpo_positive,1,7,0.585449219,1.137129545,,,0.515625000,1.000000000,264.000000000,0.400390625,1.134814909,205.000000000
3B,rdgdpo_positive,1,8,0.670898438,1.302153587,,,0.513671875,1.000000000,263.000000000,0.365234375,1.185924581,187.000000000
3B,rdgdpo_positive,1,9,0.762695312,1.272750378,,,0.488281250,1.000000000,250.000000000,0.289062500,1.299688112,148.000000000
3B,rdgdpo_positive,1,10,0.821777344,1.370197773,0.925000000,1.756116381,0.425781250,1.000000000,218.000000000,0.179687500,1.539339215,92.000000000
3B,rdgdpo_positive,1,11,0.839843750,1.454567313,,,0.453125000,1.000000000,232.000000000,0.171875000,1.623688282,88.000000000
3B,rdgdpo_positive,1,12,0.886230469,1.571767330,,,0.347656250,1.000000000,178.000000000,0.099609375,1.868206648,51.000000000
3B,rdgdpo_positive,1,13,0.877929688,1.504184842,,,0.392578125,1.000000000,201.000000000,0.125000000,1.772180860,64.000000000
3B,rdgdpo_positive,1,14,0.891601562,1.580691695,,,0.339843750,1.000000000,174.000000000,0.082031250,2.035400978,42.000000000
3B,rdgdpo_positive,1,15,0.890625000,1.661120176,,,0.292968750,1.000000000,150.000000000,0.093750000,1.767766953,48.000000000
3B,rdgdpo_positive,1,16,0.936035156,1.602919579,,,0.359375000,1.000000000,184.000000000,0.076171875,2.172083957,39.000000000
3B,rdgdpo_positive,1,17,0.905273438,1.688616872,,,0.292968750,1.000000000,150.000000000,0.062500000,2.165063509,32.000000000
3B,rdgdpo_positive,1,18,0.909667969,1.621200085,,,0.328125000,1.000000000,168.000000000,0.105468750,1.763834207,54.000000000
3B,rdgdpo_positive,1,19,0.928710938,1.591992736,,,0.267578125,1.000000000,137.000000000,0.072265625,1.924240812,37.000000000
3B,rdgdpo_positive,1,20,0.929199219,1.699078679,0.950000000,1.706056859,0.296875000,1.000000000,152.000000000,0.082031250,1.902379462,42.000000000
3B,rdgdpo_positive,1,21,0.951171875,1.717491150,,,0.242187500,1.000000000,124.000000000,0.046875000,2.273030283,24.000000000
3B,rdgdpo_positive,1,22,0.941406250,1.761516094,,,0.265625000,1.000000000,136.000000000,0.060546875,2.094539752,31.000000000
3B,rdgdpo_positive,1,23,0.949218750,1.734485030,,,0.277343750,1.000000000,142.000000000,0.074218750,1.933091334,38.000000000
3B,rdgdpo_positive,1,24,0.952636719,1.725501776,,,0.246093750,1.000000000,126.000000000,0.048828125,2.244994432,25.000000000
3B,rdgdpo_positive,1,25,0.955078125,1.806675792,,,0.240234375,1.000000000,123.000000000,0.064453125,1.930614598,33.000000000
3B,rdgdpo_positive,1,26,0.948730469,1.783603191,,,0.267578125,1.000000000,137.000000000,0.056640625,2.173508208,29.000000000
3B,rdgdpo_positive,1,27,0.937011719,1.671762943,,,0.267578125,1.000000000,137.000000000,0.058593750,2.136976057,30.000000000
3B,rdgdpo_positive,1,28,0.923828125,1.603721142,,,0.269531250,1.000000000,138.000000000,0.054687500,2.220038610,28.000000000
3B,rdgdpo_positive,1,29,0.956542969,1.810653448,,,0.238281250,1.000000000,122.000000000,0.044921875,2.303116981,23.000000000
3B,rdgdpo_positive,1,30,0.934082031,1.722752810,0.975000000,1.769099443,0.205078125,1.000000000,105.000000000,0.042968750,2.184657244,22.000000000
3B,rdgdpo_positive,1,31,0.947753906,1.816812158,,,0.210937500,1.000000000,108.000000000,0.037109375,2.384158243,19.000000000
3B,rdgdpo_positive,1,32,0.959960938,1.794723272,,,0.216796875,1.000000000,111.000000000,0.050781250,2.066211695,26.000000000
3B,rdgdpo_positive,1,33,0.962890625,1.781954646,,,0.179687500,1.000000000,92.000000000,0.035156250,2.260776661,18.000000000
3B,rdgdpo_positive,1,34,0.951171875,1.803503036,,,0.232421875,1.000000000,119.000000000,0.041015625,2.380476143,21.000000000
3B,rdgdpo_positive,1,35,0.954589844,1.805493712,,,0.228515625,1.000000000,117.000000000,0.041015625,2.360387377,21.000000000
3B,rdgdpo_positive,1,36,0.953613281,1.823544979,,,0.173828125,1.000000000,89.000000000,0.027343750,2.521337514,14.000000000
3B,rdgdpo_positive,1,37,0.945800781,1.692073941,,,0.199218750,1.000000000,102.000000000,0.039062500,2.258317958,20.000000000
3B,rdgdpo_positive,1,38,0.952636719,1.920591354,,,0.226562500,1.000000000,116.000000000,0.031250000,2.692582404,16.000000000
3B,rdgdpo_positive,1,39,0.942871094,1.637294054,,,0.222656250,1.000000000,114.000000000,0.044921875,2.226324716,23.000000000
3B,rdgdpo_positive,1,40,0.961914062,1.850373745,0.975000000,1.719900726,0.201171875,1.000000000,103.000000000,0.046875000,2.071633816,24.000000000
3B,rdgdpo_positive,1,41,0.964355469,1.931133270,,,0.189453125,1.000000000,97.000000000,0.023437500,2.843120352,12.000000000
3B,rdgdpo_positive,1,42,0.964355469,1.790775537,,,0.173828125,1.000000000,89.000000000,0.027343750,2.521337514,14.000000000
3B,rdgdpo_positive,1,43,0.955566406,1.841468334,,,0.179687500,1.000000000,92.000000000,0.039062500,2.144761059,20.000000000
3B,rdgdpo_positive,1,44,0.961914062,1.819613218,,,0.164062500,1.000000000,84.000000000,0.027343750,2.449489743,14.000000000
3B,rdgdpo_positive,1,45,0.960937500,1.847644925,,,0.156250000,1.000000000,80.000000000,0.031250000,2.236067977,16.000000000
3B,rdgdpo_positive,1,46,0.954101562,1.953801036,,,0.142578125,1.000000000,73.000000000,0.021484375,2.576114057,11.000000000
3B,rdgdpo_positive,1,47,0.970214844,1.860419035,,,0.189453125,1.000000000,97.000000000,0.027343750,2.632217968,14.000000000
3B,rdgdpo_positive,1,48,0.958007812,1.856260180,,,0.162109375,1.000000000,83.000000000,0.027343750,2.434865793,14.000000000
3B,rdgdpo_positive,1,49,0.962890625,1.855730057,,,0.183593750,1.000000000,94.000000000,0.019531250,3.065941943,10.000000000
3B,rdgdpo_positive,1,50,0.955078125,1.854184270,0.975000000,1.755014361,0.162109375,1.000000000,83.000000000,0.033203125,2.209604702,17.000000000
3B,rdgdpo_positive,1,51,0.959960938,1.902262211,,,0.134765625,1.000000000,69.000000000,0.027343750,2.220038610,14.000000000
3B,rdgdpo_positive,1,52,0.968750000,1.902960300,,,0.152343750,1.000000000,78.000000000,0.031250000,2.207940217,16.000000000
3B,rdgdpo_positive,1,53,0.962890625,1.825226784,,,0.125000000,1.000000000,64.000000000,0.017578125,2.666666667,9.000000000
3B,rdgdpo_positive,1,54,0.956054688,1.806988716,,,0.169921875,1.000000000,87.000000000,0.029296875,2.408318916,15.000000000
3B,rdgdpo_positive,1,55,0.962890625,1.880948305,,,0.136718750,1.000000000,70.000000000,0.027343750,2.236067977,14.000000000
3B,rdgdpo_positive,1,56,0.962890625,1.948059797,,,0.146484375,1.000000000,75.000000000,0.035156250,2.041241452,18.000000000
3B,rdgdpo_positive,1,57,0.947753906,1.792875409,,,0.126953125,1.000000000,65.000000000,0.046875000,1.645701472,24.000000000
3B,rdgdpo_positive,1,58,0.971191406,1.990532398,,,0.115234375,1.000000000,59.000000000,0.023437500,2.217355783,12.000000000
3B,rdgdpo_positive,1,59,0.966796875,1.928408623,,,0.113281250,1.000000000,58.000000000,0.023437500,2.198484326,12.000000000
3B,rdgdpo_positive,1,60,0.966796875,1.976654053,0.975000000,1.743683193,0.109375000,1.000000000,56.000000000,0.019531250,2.366431913,10.000000000
3B,rdgdpo_positive,1,61,0.973632812,1.893929124,,,0.148437500,1.000000000,76.000000000,0.039062500,1.949358869,20.000000000
3B,rdgdpo_positive,1,62,0.958496094,1.922540426,,,0.109375000,1.000000000,56.000000000,0.017578125,2.494438258,9.000000000
3B,rdgdpo_positive,1,63,0.965820312,1.790293455,,,0.113281250,1.000000000,58.000000000,0.029296875,1.966384161,15.000000000
3B,rdgdpo_positive,1,64,0.959960938,1.835733533,,,0.117187500,1.000000000,60.000000000,0.023437500,2.236067977,12.000000000
3B,rdgdpo_positive,1,65,0.976074219,1.819140434,,,0.136718750,1.000000000,70.000000000,0.019531250,2.645751311,10.000000000
3B,rdgdpo_positive,1,66,0.969726562,1.963018894,,,0.097656250,1.000000000,50.000000000,0.023437500,2.041241452,12.000000000
3B,rdgdpo_positive,1,67,0.979492188,1.982308030,,,0.117187500,1.000000000,60.000000000,0.029296875,2.000000000,15.000000000
3B,rdgdpo_positive,1,68,0.976074219,2.006522179,,,0.076171875,1.000000000,39.000000000,0.019531250,1.974841766,10.000000000
3B,rdgdpo_positive,1,69,0.961914062,1.825075388,,,0.119140625,1.000000000,61.000000000,0.019531250,2.469817807,10.000000000
3B,rdgdpo_positive,1,70,0.950195312,1.933611512,0.975000000,1.708415336,0.111328125,1.000000000,57.000000000,0.019531250,2.387467277,10.000000000
3B,rdgdpo_positive,1,71,0.959472656,1.914371490,,,0.109375000,1.000000000,56.000000000,0.027343750,2.000000000,14.000000000
3B,rdgdpo_positive,1,72,0.973144531,2.040152788,,,0.097656250,1.000000000,50.000000000,0.013671875,2.672612419,7.000000000
3B,rdgdpo_positive,1,73,0.968750000,1.914752007,,,0.089843750,1.000000000,46.000000000,0.015625000,2.397915762,8.000000000
3B,rdgdpo_positive,1,74,0.975097656,1.847616196,,,0.119140625,1.000000000,61.000000000,0.019531250,2.469817807,10.000000000
3B,rdgdpo_positive,1,75,0.973144531,1.879631519,,,0.087890625,1.000000000,45.000000000,0.019531250,2.121320344,10.000000000
3B,rdgdpo_positive,1,76,0.973144531,1.941710711,,,0.093750000,1.000000000,48.000000000,0.013671875,2.618614683,7.000000000
3B,rdgdpo_positive,1,77,0.968750000,1.990127921,,,0.074218750,1.000000000,38.000000000,0.017578125,2.054804668,9.000000000
3B,rdgdpo_positive,1,78,0.982910156,2.070876122,,,0.066406250,1.000000000,34.000000000,0.013671875,2.203892660,7.000000000
3B,rdgdpo_positive,1,79,0.979003906,1.932042003,,,0.064453125,1.000000000,33.000000000,0.013671875,2.171240593,7.000000000
3B,rdgdpo_positive,1,80,0.968750000,1.806374431,0.987500000,1.748147479,0.070312500,1.000000000,36.000000000,0.017578125,2.000000000,9.000000000
3B,rdgdpo_positive,1,81,0.982910156,2.029440165,,,0.066406250,1.000000000,34.000000000,0.009765625,2.607680962,5.000000000
3B,rdgdpo_positive,1,82,0.971191406,1.936357260,,,0.080078125,1.000000000,41.000000000,0.015625000,2.263846285,8.000000000
3B,rdgdpo_positive,1,83,0.977050781,1.877187729,,,0.076171875,1.000000000,39.000000000,0.015625000,2.207940217,8.000000000
3B,rdgdpo_positive,1,84,0.964843750,1.977590322,,,0.072265625,1.000000000,37.000000000,0.021484375,1.834021909,11.000000000
3B,rdgdpo_positive,1,85,0.976074219,1.916302681,,,0.082031250,1.000000000,42.000000000,0.017578125,2.160246899,9.000000000
3B,rdgdpo_positive,1,86,0.969726562,2.018125296,,,0.078125000,1.000000000,40.000000000,0.021484375,1.906925178,11.000000000
3B,rdgdpo_positive,1,87,0.971191406,1.937018514,,,0.097656250,1.000000000,50.000000000,0.017578125,2.357022604,9.000000000
3B,rdgdpo_positive,1,88,0.978027344,1.979690552,,,0.076171875,1.000000000,39.000000000,0.017578125,2.081665999,9.000000000
3B,rdgdpo_positive,1,89,0.984863281,1.975692272,,,0.064453125,1.000000000,33.000000000,0.009765625,2.569046516,5.000000000
3B,rdgdpo_positive,1,90,0.984863281,1.877035856,1.000000000,1.747314146,0.083984375,1.000000000,43.000000000,0.015625000,2.318404624,8.000000000
3B,rdgdpo_positive,1,91,0.978027344,1.968117118,,,0.046875000,1.000000000,24.000000000,0.019531250,1.549193338,10.000000000
3B,rdgdpo_positive,1,92,0.975097656,1.999255657,,,0.042968750,1.000000000,22.000000000,0.015625000,1.658312395,8.000000000
3B,rdgdpo_positive,1,93,0.980957031,1.956642866,,,0.064453125,1.000000000,33.000000000,0.013671875,2.171240593,7.000000000
3B,rdgdpo_positive,1,94,0.979492188,1.984104156,,,0.076171875,1.000000000,39.000000000,0.017578125,2.081665999,9.000000000
3B,rdgdpo_positive,1,95,0.973632812,1.923814774,,,0.052734375,1.000000000,27.000000000,0.019531250,1.643167673,10.000000000
3B,rdgdpo_positive,1,96,0.975585938,1.869499087,,,0.074218750,1.000000000,38.000000000,0.017578125,2.054804668,9.000000000
3B,rdgdpo_positive,1,97,0.975585938,1.968501329,,,0.068359375,1.000000000,35.000000000,0.015625000,2.091650066,8.000000000
3B,rdgdpo_positive,1,98,0.983398438,1.986289024,,,0.076171875,1.000000000,39.000000000,0.005859375,3.605551275,3.000000000
3B,rdgdpo_positive,1,99,0.974609375,1.930785179,,,0.044921875,1.000000000,23.000000000,0.011718750,1.957890021,6.000000000
3B,rdgdpo_positive,1,100,0.977050781,2.005221844,1.000000000,1.725885574,0.060546875,1.000000000,31.000000000,0.009765625,2.489979920,5.000000000
3B,rdgdpo_positive,2,0,,,0.087500000,0.974207249,,,,,,
3B,rdgdpo_positive,2,1,0.045898438,-0.569843948,,,0.779296875,1.000000000,399.000000000,0.132812500,2.422322658,68.000000000
3B,rdgdpo_positive,2,2,0.060546875,-0.647659659,,,0.751953125,1.000000000,385.000000000,0.152343750,2.221687970,78.000000000
3B,rdgdpo_positive,2,3,0.089355469,-0.215149567,,,0.748046875,1.000000000,383.000000000,0.228515625,1.809282806,117.000000000
3B,rdgdpo_positive,2,4,0.223144531,0.549494982,,,0.683593750,1.000000000,350.000000000,0.375000000,1.350154312,192.000000000
3B,rdgdpo_positive,2,5,0.333984375,0.711483538,,,0.558593750,1.000000000,286.000000000,0.425781250,1.145393647,218.000000000
3B,rdgdpo_positive,2,6,0.552734375,1.052528977,,,0.576171875,1.000000000,295.000000000,0.455078125,1.125208612,233.000000000
3B,rdgdpo_positive,2,7,0.622070312,1.096142888,,,0.511718750,1.000000000,262.000000000,0.380859375,1.159133186,195.000000000
3B,rdgdpo_positive,2,8,0.743652344,1.294469237,,,0.437500000,1.000000000,224.000000000,0.298828125,1.209980284,153.000000000
3B,rdgdpo_positive,2,9,0.805664062,1.320819020,,,0.496093750,1.000000000,254.000000000,0.267578125,1.361622047,137.000000000
3B,rdgdpo_positive,2,10,0.860839844,1.516212225,0.950000000,1.733497336,0.445312500,1.000000000,228.000000000,0.164062500,1.647508942,84.000000000
3B,rdgdpo_positive,2,11,0.845703125,1.379182935,,,0.402343750,1.000000000,206.000000000,0.146484375,1.657307053,75.000000000
3B,rdgdpo_positive,2,12,0.877441406,1.458260179,,,0.439453125,1.000000000,225.000000000,0.123046875,1.889822365,63.000000000
3B,rdgdpo_positive,2,13,0.885742188,1.630249500,,,0.361328125,1.000000000,185.000000000,0.093750000,1.963203165,48.000000000
3B,rdgdpo_positive,2,14,0.886230469,1.561487079,,,0.347656250,1.000000000,178.000000000,0.097656250,1.886796226,50.000000000
3B,rdgdpo_positive,2,15,0.900878906,1.710084438,,,0.310546875,1.000000000,159.000000000,0.074218750,2.045534289,38.000000000
3B,rdgdpo_positive,2,16,0.903808594,1.622207642,,,0.335937500,1.000000000,172.000000000,0.083984375,2.000000000,43.000000000
3B,rdgdpo_positive,2,17,0.916503906,1.601397514,,,0.306640625,1.000000000,157.000000000,0.076171875,2.006400016,39.000000000
3B,rdgdpo_positive,2,18,0.920410156,1.558538914,,,0.335937500,1.000000000,172.000000000,0.060546875,2.355501453,31.000000000
3B,rdgdpo_positive,2,19,0.926269531,1.713202357,,,0.302734375,1.000000000,155.000000000,0.056640625,2.311888316,29.000000000
3B,rdgdpo_positive,2,20,0.934082031,1.706303716,0.950000000,1.795848527,0.283203125,1.000000000,145.000000000,0.039062500,2.692582404,20.000000000
3B,rdgdpo_positive,2,21,0.937011719,1.690593719,,,0.287109375,1.000000000,147.000000000,0.054687500,2.291287847,28.000000000
3B,rdgdpo_positive,2,22,0.930664062,1.614592552,,,0.316406250,1.000000000,162.000000000,0.046875000,2.598076211,24.000000000
3B,rdgdpo_positive,2,23,0.910644531,1.705830455,,,0.279296875,1.000000000,143.000000000,0.062500000,2.113941816,32.000000000
3B,rdgdpo_positive,2,24,0.948242188,1.719919682,,,0.298828125,1.000000000,153.000000000,0.042968750,2.637147219,22.000000000
3B,rdgdpo_positive,2,25,0.954589844,1.628876209,,,0.318359375,1.000000000,163.000000000,0.033203125,3.096487574,17.000000000
3B,rdgdpo_positive,2,26,0.947265625,1.755621552,,,0.255859375,1.000000000,131.000000000,0.042968750,2.440193733,22.000000000
3B,rdgdpo_positive,2,27,0.945312500,1.761682272,,,0.228515625,1.000000000,117.000000000,0.044921875,2.255428235,23.000000000
3B,rdgdpo_positive,2,28,0.939941406,1.841283679,,,0.267578125,1.000000000,137.000000000,0.041015625,2.554174920,21.000000000
3B,rdgdpo_positive,2,29,0.943847656,1.821394324,,,0.269531250,1.000000000,138.000000000,0.039062500,2.626785107,20.000000000
3B,rdgdpo_positive,2,30,0.939453125,1.693376541,0.975000000,1.744836621,0.265625000,1.000000000,136.000000000,0.039062500,2.607680962,20.000000000
3B,rdgdpo_positive,2,31,0.938476562,1.770626664,,,0.234375000,1.000000000,120.000000000,0.039062500,2.449489743,20.000000000
3B,rdgdpo_positive,2,32,0.955078125,1.875663161,,,0.265625000,1.000000000,136.000000000,0.042968750,2.486326242,22.000000000
3B,rdgdpo_positive,2,33,0.947753906,1.663970351,,,0.214843750,1.000000000,110.000000000,0.033203125,2.543735095,17.000000000
3B,rdgdpo_positive,2,34,0.944335938,1.826776743,,,0.169921875,1.000000000,87.000000000,0.042968750,1.988603896,22.000000000
3B,rdgdpo_positive,2,35,0.955566406,1.702614784,,,0.210937500,1.000000000,108.000000000,0.033203125,2.520504151,17.000000000
3B,rdgdpo_positive,2,36,0.948730469,1.780938268,,,0.230468750,1.000000000,118.000000000,0.056640625,2.017167697,29.000000000
3B,rdgdpo_positive,2,37,0.954589844,1.867660522,,,0.218750000,1.000000000,112.000000000,0.037109375,2.427907915,19.000000000
3B,rdgdpo_positive,2,38,0.958984375,1.708005905,,,0.214843750,1.000000000,110.000000000,0.027343750,2.803059553,14.000000000
3B,rdgdpo_positive,2,39,0.949707031,1.827729702,,,0.216796875,1.000000000,111.000000000,0.035156250,2.483277404,18.000000000
3B,rdgdpo_positive,2,40,0.954101562,1.853343129,0.975000000,1.755551324,0.187500000,1.000000000,96.000000000,0.033203125,2.376354103,17.000000000
3B,rdgdpo_positive,2,41,0.958007812,1.819767714,,,0.134765625,1.000000000,69.000000000,0.021484375,2.504541330,11.000000000
3B,rdgdpo_positive,2,42,0.936035156,1.803027153,,,0.201171875,1.000000000,103.000000000,0.044921875,2.116190178,23.000000000
3B,rdgdpo_positive,2,43,0.957519531,1.845160961,,,0.136718750,1.000000000,70.000000000,0.025390625,2.320477404,13.000000000
3B,rdgdpo_positive,2,44,0.964355469,1.893118620,,,0.181640625,1.000000000,93.000000000,0.029296875,2.489979920,15.000000000
3B,rdgdpo_positive,2,45,0.960449219,1.862349510,,,0.158203125,1.000000000,81.000000000,0.041015625,1.963961012,21.000000000
3B,rdgdpo_positive,2,46,0.941894531,1.865450382,,,0.171875000,1.000000000,88.000000000,0.039062500,2.097617696,20.000000000
3B,rdgdpo_positive,2,47,0.964843750,1.946902871,,,0.173828125,1.000000000,89.000000000,0.017578125,3.144660377,9.000000000
3B,rdgdpo_positive,2,48,0.947265625,1.858571529,,,0.179687500,1.000000000,92.000000000,0.035156250,2.260776661,18.000000000
3B,rdgdpo_positive,2,49,0.956542969,1.755819321,,,0.134765625,1.000000000,69.000000000,0.044921875,1.732050808,23.000000000
3B,rdgdpo_positive,2,50,0.961425781,1.882711172,0.975000000,1.736150725,0.183593750,1.000000000,94.000000000,0.042968750,2.067057637,22.000000000
3B,rdgdpo_positive,2,51,0.952636719,1.807626963,,,0.177734375,1.000000000,91.000000000,0.019531250,3.016620626,10.000000000
3B,rdgdpo_positive,2,52,0.956054688,1.931054115,,,0.150390625,1.000000000,77.000000000,0.023437500,2.533114026,12.000000000
3B,rdgdpo_positive,2,53,0.949218750,1.815757871,,,0.144531250,1.000000000,74.000000000,0.035156250,2.027587510,18.000000000
3B,rdgdpo_positive,2,54,0.968261719,1.828966260,,,0.138671875,1.000000000,71.000000000,0.031250000,2.106537443,16.000000000
3B,rdgdpo_positive,2,55,0.967773438,1.817916393,,,0.140625000,1.000000000,72.000000000,0.029296875,2.190890230,15.000000000
3B,rdgdpo_positive,2,56,0.964843750,1.940759420,,,0.156250000,1.000000000,80.000000000,0.037109375,2.051956704,19.000000000
3B,rdgdpo_positive,2,57,0.965820312,1.918764114,,,0.134765625,1.000000000,69.000000000,0.025390625,2.303842943,13.000000000
3B,rdgdpo_positive,2,58,0.961425781,1.964496732,,,0.121093750,1.000000000,62.000000000,0.011718750,3.214550254,6.000000000
3B,rdgdpo_positive,2,59,0.959960938,1.843379021,,,0.136718750,1.000000000,70.000000000,0.033203125,2.029198625,17.000000000
3B,rdgdpo_positive,2,60,0.967285156,1.849943995,0.975000000,1.701183193,0.140625000,1.000000000,72.000000000,0.019531250,2.683281573,10.000000000
3B,rdgdpo_positive,2,61,0.959960938,1.879405618,,,0.125000000,1.000000000,64.000000000,0.033203125,1.940285000,17.000000000
3B,rdgdpo_positive,2,62,0.961425781,1.919268131,,,0.109375000,1.000000000,56.000000000,0.029296875,1.932183566,15.000000000
3B,rdgdpo_positive,2,63,0.971679688,1.991461754,,,0.123046875,1.000000000,63.000000000,0.011718750,3.240370349,6.000000000
3B,rdgdpo_positive,2,64,0.969726562,1.860991359,,,0.134765625,1.000000000,69.000000000,0.021484375,2.504541330,11.000000000
3B,rdgdpo_positive,2,65,0.970214844,1.966606498,,,0.113281250,1.000000000,58.000000000,0.015625000,2.692582404,8.000000000
3B,rdgdpo_positive,2,66,0.969238281,1.921351194,,,0.105468750,1.000000000,54.000000000,0.021484375,2.215646838,11.000000000
3B,rdgdpo_positive,2,67,0.968750000,1.936907649,,,0.117187500,1.000000000,60.000000000,0.027343750,2.070196678,14.000000000
3B,rdgdpo_positive,2,68,0.952636719,1.907338619,,,0.091796875,1.000000000,47.000000000,0.027343750,1.832250763,14.000000000
3B,rdgdpo_positive,2,69,0.968750000,1.868938208,,,0.095703125,1.000000000,49.000000000,0.011718750,2.857738033,6.000000000
3B,rdgdpo_positive,2,70,0.953613281,2.012689352,0.987500000,1.762790336,0.085937500,1.000000000,44.000000000,0.029296875,1.712697677,15.000000000
3B,rdgdpo_positive,2,71,0.955078125,1.870962858,,,0.097656250,1.000000000,50.000000000,0.033203125,1.714985851,17.000000000
3B,rdgdpo_positive,2,72,0.981933594,2.004465342,,,0.093750000,1.000000000,48.000000000,0.013671875,2.618614683,7.000000000
3B,rdgdpo_positive,2,73,0.945312500,1.906512976,,,0.078125000,1.000000000,40.000000000,0.027343750,1.690308509,14.000000000
3B,rdgdpo_positive,2,74,0.976074219,2.028861761,,,0.083984375,1.000000000,43.000000000,0.017578125,2.185812841,9.000000000
3B,rdgdpo_positive,2,75,0.969726562,1.920701146,,,0.126953125,1.000000000,65.000000000,0.029296875,2.081665999,15.000000000
3B,rdgdpo_positive,2,76,0.977050781,1.976888180,,,0.091796875,1.000000000,47.000000000,0.013671875,2.591193878,7.000000000
3B,rdgdpo_positive,2,77,0.962402344,1.900682449,,,0.097656250,1.000000000,50.000000000,0.017578125,2.357022604,9.000000000
3B,rdgdpo_positive,2,78,0.959472656,1.953445554,,,0.074218750,1.000000000,38.000000000,0.017578125,2.054804668,9.000000000
3B,rdgdpo_positive,2,79,0.970703125,1.993932962,,,0.074218750,1.000000000,38.000000000,0.023437500,1.779513042,12.000000000
3B,rdgdpo_positive,2,80,0.961914062,1.974873781,0.987500000,1.790537586,0.076171875,1.000000000,39.000000000,0.023437500,1.802775638,12.000000000
3B,rdgdpo_positive,2,81,0.972167969,1.891130567,,,0.097656250,1.000000000,50.000000000,0.023437500,2.041241452,12.000000000
3B,rdgdpo_positive,2,82,0.965332031,1.986289978,,,0.070312500,1.000000000,36.000000000,0.013671875,2.267786838,7.000000000
3B,rdgdpo_positive,2,83,0.973632812,1.938876390,,,0.080078125,1.000000000,41.000000000,0.017578125,2.134374746,9.000000000
3B,rdgdpo_positive,2,84,0.976074219,1.928124666,,,0.085937500,1.000000000,44.000000000,0.029296875,1.712697677,15.000000000
3B,rdgdpo_positive,2,85,0.977050781,2.056072474,,,0.052734375,1.000000000,27.000000000,0.013671875,1.963961012,7.000000000
3B,rdgdpo_positive,2,86,0.960449219,1.801259041,,,0.078125000,1.000000000,40.000000000,0.023437500,1.825741858,12.000000000
3B,rdgdpo_positive,2,87,0.965332031,1.921531200,,,0.078125000,1.000000000,40.000000000,0.015625000,2.236067977,8.000000000
3B,rdgdpo_positive,2,88,0.972656250,1.973333001,,,0.097656250,1.000000000,50.000000000,0.011718750,2.886751346,6.000000000
3B,rdgdpo_positive,2,89,0.963867188,1.963523388,,,0.068359375,1.000000000,35.000000000,0.015625000,2.091650066,8.000000000
3B,rdgdpo_positive,2,90,0.962402344,1.943696141,0.987500000,1.820483474,0.062500000,1.000000000,32.000000000,0.027343750,1.511857892,14.000000000
3B,rdgdpo_positive,2,91,0.981445312,2.025171280,,,0.058593750,1.000000000,30.000000000,0.009765625,2.449489743,5.000000000
3B,rdgdpo_positive,2,92,0.970703125,1.965546012,,,0.087890625,1.000000000,45.000000000,0.021484375,2.022599587,11.000000000
3B,rdgdpo_positive,2,93,0.962890625,1.867175460,,,0.066406250,1.000000000,34.000000000,0.027343750,1.558387445,14.000000000
3B,rdgdpo_positive,2,94,0.978027344,2.056524038,,,0.070312500,1.000000000,36.000000000,0.005859375,3.464101615,3.000000000
3B,rdgdpo_positive,2,95,0.972656250,1.962994576,,,0.083984375,1.000000000,43.000000000,0.017578125,2.185812841,9.000000000
3B,rdgdpo_positive,2,96,0.966308594,2.007438898,,,0.060546875,1.000000000,31.000000000,0.017578125,1.855921454,9.000000000
3B,rdgdpo_positive,2,97,0.972656250,2.014018059,,,0.064453125,1.000000000,33.000000000,0.017578125,1.914854216,9.000000000
3B,rdgdpo_positive,2,98,0.979980469,1.913671970,,,0.080078125,1.000000000,41.000000000,0.019531250,2.024845673,10.000000000
3B,rdgdpo_positive,2,99,0.971679688,1.978290677,,,0.074218750,1.000000000,38.000000000,0.007812500,3.082207001,4.000000000
3B,rdgdpo_positive,2,100,0.964843750,1.923238993,1.000000000,1.721852521,0.062500000,1.000000000,32.000000000,0.015625000,2.000000000,8.000000000
3B,rdgdpo_positive,4,0,,,0.100000000,0.965457250,,,,,,
3B,rdgdpo_positive,4,1,0.055175781,-0.690663159,,,0.718750000,1.000000000,368.000000000,0.144531250,2.230016362,74.000000000
3B,rdgdpo_positive,4,2,0.059082031,-0.627773046,,,0.742187500,1.000000000,380.000000000,0.154296875,2.193200078,79.000000000
3B,rdgdpo_positive,4,3,0.094726562,-0.392509699,,,0.769531250,1.000000000,394.000000000,0.220703125,1.867277608,113.000000000
3B,rdgdpo_positive,4,4,0.215332031,0.235877603,,,0.699218750,1.000000000,358.000000000,0.394531250,1.331269029,202.000000000
3B,rdgdpo_positive,4,5,0.365234375,0.683995306,,,0.619140625,1.000000000,317.000000000,0.451171875,1.171449688,231.000000000
3B,rdgdpo_positive,4,6,0.474609375,0.961434364,,,0.535156250,1.000000000,274.000000000,0.449218750,1.091468895,230.000000000
3B,rdgdpo_positive,4,7,0.591796875,1.142365217,,,0.503906250,1.000000000,258.000000000,0.417968750,1.098001583,214.000000000
3B,rdgdpo_positive,4,8,0.692382812,1.275390863,,,0.494140625,1.000000000,253.000000000,0.355468750,1.179029215,182.000000000
3B,rdgdpo_positive,4,9,0.810058594,1.333907843,,,0.449218750,1.000000000,230.000000000,0.251953125,1.335269911,129.000000000
3B,rdgdpo_positive,4,10,0.832519531,1.414206147,0.950000000,1.756056859,0.462890625,1.000000000,237.000000000,0.214843750,1.467836999,110.000000000
3B,rdgdpo_positive,4,11,0.832519531,1.329589486,,,0.433593750,1.000000000,222.000000000,0.140625000,1.755942292,72.000000000
3B,rdgdpo_positive,4,12,0.833496094,1.489870310,,,0.406250000,1.000000000,208.000000000,0.138671875,1.711600849,71.000000000
3B,rdgdpo_positive,4,13,0.875488281,1.595036626,,,0.337890625,1.000000000,173.000000000,0.095703125,1.878992348,49.000000000
3B,rdgdpo_positive,4,14,0.874511719,1.516909957,,,0.402343750,1.000000000,206.000000000,0.080078125,2.241515167,41.000000000
3B,rdgdpo_positive,4,15,0.892089844,1.594336033,,,0.359375000,1.000000000,184.000000000,0.076171875,2.172083957,39.000000000
3B,rdgdpo_positive,4,16,0.898925781,1.610492229,,,0.328125000,1.000000000,168.000000000,0.064453125,2.256304299,33.000000000
3B,rdgdpo_positive,4,17,0.900878906,1.654798746,,,0.326171875,1.000000000,167.000000000,0.058593750,2.359378449,30.000000000
3B,rdgdpo_positive,4,18,0.900878906,1.715335369,,,0.306640625,1.000000000,157.000000000,0.078125000,1.981161276,40.000000000
3B,rdgdpo_positive,4,19,0.911621094,1.611669660,,,0.310546875,1.000000000,159.000000000,0.093750000,1.820027472,48.000000000
3B,rdgdpo_positive,4,20,0.900390625,1.653746009,0.950000000,1.768794956,0.296875000,1.000000000,152.000000000,0.099609375,1.726381232,51.000000000
3B,rdgdpo_positive,4,21,0.920410156,1.725493550,,,0.312500000,1.000000000,160.000000000,0.058593750,2.309401077,30.000000000
3B,rdgdpo_positive,4,22,0.926757812,1.622040987,,,0.300781250,1.000000000,154.000000000,0.070312500,2.068278941,36.000000000
3B,rdgdpo_positive,4,23,0.921875000,1.750340104,,,0.248046875,1.000000000,127.000000000,0.062500000,1.992172181,32.000000000
3B,rdgdpo_positive,4,24,0.928222656,1.785186768,,,0.269531250,1.000000000,138.000000000,0.052734375,2.260776661,27.000000000
3B,rdgdpo_positive,4,25,0.946777344,1.752791166,,,0.318359375,1.000000000,163.000000000,0.044921875,2.662133829,23.000000000
3B,rdgdpo_positive,4,26,0.926269531,1.661303878,,,0.298828125,1.000000000,153.000000000,0.074218750,2.006568162,38.000000000
3B,rdgdpo_positive,4,27,0.934570312,1.668645978,,,0.255859375,1.000000000,131.000000000,0.054687500,2.163000561,28.000000000
3B,rdgdpo_positive,4,28,0.937988281,1.681311488,,,0.265625000,1.000000000,136.000000000,0.068359375,1.971221521,35.000000000
3B,rdgdpo_positive,4,29,0.938964844,1.649050832,,,0.273437500,1.000000000,140.000000000,0.064453125,2.059714602,33.000000000
3B,rdgdpo_positive,4,30,0.948730469,1.773573756,0.975000000,1.628997877,0.255859375,1.000000000,131.000000000,0.054687500,2.163000561,28.000000000
3B,rdgdpo_positive,4,31,0.958984375,1.777236342,,,0.230468750,1.000000000,118.000000000,0.033203125,2.634611256,17.000000000
3B,rdgdpo_positive,4,32,0.946777344,1.837842345,,,0.236328125,1.000000000,121.000000000,0.048828125,2.200000000,25.000000000
3B,rdgdpo_positive,4,33,0.946777344,1.811627865,,,0.226562500,1.000000000,116.000000000,0.042968750,2.296241989,22.000000000
3B,rdgdpo_positive,4,34,0.939941406,1.696034193,,,0.251953125,1.000000000,129.000000000,0.037109375,2.605661851,19.000000000
3B,rdgdpo_positive,4,35,0.950683594,1.843491793,,,0.214843750,1.000000000,110.000000000,0.037109375,2.406132516,19.000000000
3B,rdgdpo_positive,4,36,0.960449219,1.801657319,,,0.166015625,1.000000000,85.000000000,0.041015625,2.011869540,21.000000000
3B,rdgdpo_positive,4,37,0.956054688,1.827877283,,,0.210937500,1.000000000,108.000000000,0.033203125,2.520504151,17.000000000
3B,rdgdpo_positive,4,38,0.945800781,1.712413788,,,0.244140625,1.000000000,125.000000000,0.052734375,2.151657415,27.000000000
3B,rdgdpo_positive,4,39,0.954589844,1.843961239,,,0.185546875,1.000000000,95.000000000,0.039062500,2.179449472,20.000000000
3B,rdgdpo_positive,4,40,0.953125000,1.837446928,0.975000000,1.785463079,0.203125000,1.000000000,104.000000000,0.039062500,2.280350850,20.000000000
3B,rdgdpo_positive,4,41,0.938964844,1.739534497,,,0.205078125,1.000000000,105.000000000,0.056640625,1.902810988,29.000000000
3B,rdgdpo_positive,4,42,0.971679688,1.884661198,,,0.226562500,1.000000000,116.000000000,0.035156250,2.538591035,18.000000000
3B,rdgdpo_positive,4,43,0.960937500,1.804756403,,,0.193359375,1.000000000,99.000000000,0.042968750,2.121320344,22.000000000
3B,rdgdpo_positive,4,44,0.957031250,1.792789817,,,0.205078125,1.000000000,105.000000000,0.037109375,2.350811730,19.000000000
3B,rdgdpo_positive,4,45,0.958007812,1.823786974,,,0.207031250,1.000000000,106.000000000,0.033203125,2.497057091,17.000000000
3B,rdgdpo_positive,4,46,0.965820312,1.825771093,,,0.185546875,1.000000000,95.000000000,0.031250000,2.436698586,16.000000000
3B,rdgdpo_positive,4,47,0.962402344,1.791581035,,,0.169921875,1.000000000,87.000000000,0.041015625,2.035400978,21.000000000
3B,rdgdpo_positive,4,48,0.956054688,1.711095452,,,0.177734375,1.000000000,91.000000000,0.021484375,2.876234913,11.000000000
3B,rdgdpo_positive,4,49,0.961425781,1.980566859,,,0.148437500,1.000000000,76.000000000,0.017578125,2.905932629,9.000000000
3B,rdgdpo_positive,4,50,0.955566406,1.853634596,0.975000000,1.729478647,0.158203125,1.000000000,81.000000000,0.041015625,1.963961012,21.000000000
3B,rdgdpo_positive,4,51,0.959472656,1.770884991,,,0.142578125,1.000000000,73.000000000,0.027343750,2.283481052,14.000000000
3B,rdgdpo_positive,4,52,0.978027344,1.847252488,,,0.146484375,1.000000000,75.000000000,0.029296875,2.236067977,15.000000000
3B,rdgdpo_positive,4,53,0.963378906,1.950315475,,,0.164062500,1.000000000,84.000000000,0.021484375,2.763397119,11.000000000
3B,rdgdpo_positive,4,54,0.965332031,1.911217928,,,0.175781250,1.000000000,90.000000000,0.025390625,2.631174058,13.000000000
3B,rdgdpo_positive,4,55,0.967773438,1.939782143,,,0.156250000,1.000000000,80.000000000,0.029296875,2.309401077,15.000000000
3B,rdgdpo_positive,4,56,0.959472656,1.729041338,,,0.169921875,1.000000000,87.000000000,0.035156250,2.198484326,18.000000000
3B,rdgdpo_positive,4,57,0.966308594,1.923645020,,,0.167968750,1.000000000,86.000000000,0.037109375,2.127513993,19.000000000
3B,rdgdpo_positive,4,58,0.954101562,1.808758259,,,0.130859375,1.000000000,67.000000000,0.031250000,2.046338193,16.000000000
3B,rdgdpo_positive,4,59,0.968261719,1.910738707,,,0.160156250,1.000000000,82.000000000,0.027343750,2.420153478,14.000000000
3B,rdgdpo_positive,4,60,0.970214844,1.899855375,0.987500000,1.737038169,0.144531250,1.000000000,74.000000000,0.039062500,1.923538406,20.000000000
3B,rdgdpo_positive,4,61,0.959472656,1.925420165,,,0.152343750,1.000000000,78.000000000,0.039062500,1.974841766,20.000000000
3B,rdgdpo_positive,4,62,0.974121094,1.911278486,,,0.130859375,1.000000000,67.000000000,0.019531250,2.588435821,10.000000000
3B,rdgdpo_positive,4,63,0.963378906,1.869484901,,,0.126953125,1.000000000,65.000000000,0.023437500,2.327373341,12.000000000
3B,rdgdpo_positive,4,64,0.977050781,1.917775631,,,0.107421875,1.000000000,55.000000000,0.023437500,2.140872096,12.000000000
3B,rdgdpo_positive,4,65,0.969726562,1.991322398,,,0.119140625,1.000000000,61.000000000,0.029296875,2.016597795,15.000000000
3B,rdgdpo_positive,4,66,0.960449219,1.880509257,,,0.150390625,1.000000000,77.000000000,0.019531250,2.774887385,10.000000000
3B,rdgdpo_positive,4,67,0.956054688,1.871217966,,,0.119140625,1.000000000,61.000000000,0.031250000,1.952562419,16.000000000
3B,rdgdpo_positive,4,68,0.967285156,1.913136363,,,0.101562500,1.000000000,52.000000000,0.031250000,1.802775638,16.000000000
3B,rdgdpo_positive,4,69,0.974121094,1.928717852,,,0.152343750,1.000000000,78.000000000,0.029296875,2.280350850,15.000000000
3B,rdgdpo_positive,4,70,0.970703125,1.859422922,1.000000000,1.759900723,0.148437500,1.000000000,76.000000000,0.025390625,2.417882099,13.000000000
3B,rdgdpo_positive,4,71,0.969726562,1.908493519,,,0.130859375,1.000000000,67.000000000,0.039062500,1.830300522,20.000000000
3B,rdgdpo_positive,4,72,0.969726562,1.959281564,,,0.126953125,1.000000000,65.000000000,0.029296875,2.081665999,15.000000000
3B,rdgdpo_positive,4,73,0.957519531,1.920707226,,,0.113281250,1.000000000,58.000000000,0.037109375,1.747178176,19.000000000
3B,rdgdpo_positive,4,74,0.960937500,1.885804892,,,0.107421875,1.000000000,55.000000000,0.023437500,2.140872096,12.000000000
3B,rdgdpo_positive,4,75,0.978515625,1.931976914,,,0.128906250,1.000000000,66.000000000,0.029296875,2.097617696,15.000000000
3B,rdgdpo_positive,4,76,0.977539062,1.912273288,,,0.087890625,1.000000000,45.000000000,0.023437500,1.936491673,12.000000000
3B,rdgdpo_positive,4,77,0.979980469,1.952900767,,,0.101562500,1.000000000,52.000000000,0.023437500,2.081665999,12.000000000
3B,rdgdpo_positive,4,78,0.976562500,1.805684209,,,0.107421875,1.000000000,55.000000000,0.021484375,2.236067977,11.000000000
3B,rdgdpo_positive,4,79,0.971679688,1.911210299,,,0.117187500,1.000000000,60.000000000,0.019531250,2.449489743,10.000000000
3B,rdgdpo_positive,4,80,0.974121094,2.037404776,0.987500000,1.794357101,0.105468750,1.000000000,54.000000000,0.023437500,2.121320344,12.000000000
3B,rdgdpo_positive,4,81,0.976074219,1.886174321,,,0.128906250,1.000000000,66.000000000,0.027343750,2.171240593,14.000000000
3B,rdgdpo_positive,4,82,0.969726562,1.988951087,,,0.091796875,1.000000000,47.000000000,0.025390625,1.901416476,13.000000000
3B,rdgdpo_positive,4,83,0.981445312,1.876157045,,,0.107421875,1.000000000,55.000000000,0.013671875,2.803059553,7.000000000
3B,rdgdpo_positive,4,84,0.974121094,1.950231194,,,0.085937500,1.000000000,44.000000000,0.029296875,1.712697677,15.000000000
3B,rdgdpo_positive,4,85,0.985351562,1.949004889,,,0.107421875,1.000000000,55.000000000,0.019531250,2.345207880,10.000000000
3B,rdgdpo_positive,4,86,0.974609375,2.000142097,,,0.095703125,1.000000000,49.000000000,0.027343750,1.870828693,14.000000000
3B,rdgdpo_positive,4,87,0.960449219,1.850476027,,,0.095703125,1.000000000,49.000000000,0.035156250,1.649915823,18.000000000
3B,rdgdpo_positive,4,88,0.969726562,1.972523451,,,0.115234375,1.000000000,59.000000000,0.031250000,1.920286437,16.000000000
3B,rdgdpo_positive,4,89,0.980957031,2.055344820,,,0.068359375,1.000000000,35.000000000,0.021484375,1.783765170,11.000000000
3B,rdgdpo_positive,4,90,0.974609375,1.928768039,0.987500000,1.743212413,0.101562500,1.000000000,52.000000000,0.015625000,2.549509757,8.000000000
3B,rdgdpo_positive,4,91,0.969238281,1.822093129,,,0.095703125,1.000000000,49.000000000,0.029296875,1.807392228,15.000000000
3B,rdgdpo_positive,4,92,0.984375000,1.942195296,,,0.083984375,1.000000000,43.000000000,0.017578125,2.185812841,9.000000000
3B,rdgdpo_positive,4,93,0.978027344,2.010231495,,,0.085937500,1.000000000,44.000000000,0.013671875,2.507132682,7.000000000
3B,rdgdpo_positive,4,94,0.974609375,1.905045033,,,0.064453125,1.000000000,33.000000000,0.023437500,1.658312395,12.000000000
3B,rdgdpo_positive,4,95,0.979980469,2.001546383,,,0.080078125,1.000000000,41.000000000,0.009765625,2.863564213,5.000000000
3B,rdgdpo_positive,4,96,0.958007812,2.010269880,,,0.076171875,1.000000000,39.000000000,0.023437500,1.802775638,12.000000000
3B,rdgdpo_positive,4,97,0.973144531,1.875746846,,,0.095703125,1.000000000,49.000000000,0.033203125,1.697749375,17.000000000
3B,rdgdpo_positive,4,98,0.977539062,2.024029732,,,0.080078125,1.000000000,41.000000000,0.009765625,2.863564213,5.000000000
3B,rdgdpo_positive,4,99,0.982910156,1.912163258,,,0.074218750,1.000000000,38.000000000,0.023437500,1.779513042,12.000000000
3B,rdgdpo_positive,4,100,0.978027344,2.138218641,1.000000000,1.783940434,0.068359375,1.000000000,35.000000000,0.021484375,1.783765170,11.000000000
3B,rdgdpo_positive,5,0,,,0.100000000,1.071260820,,,,,,
3B,rdgdpo_positive,5,1,0.051757812,-0.567448139,,,0.738281250,1.000000000,378.000000000,0.142578125,2.275539978,73.000000000
3B,rdgdpo_positive,5,2,0.061035156,-0.644388556,,,0.751953125,1.000000000,385.000000000,0.160156250,2.166823009,82.000000000
3B,rdgdpo_positive,5,3,0.091796875,-0.310330629,,,0.761718750,1.000000000,390.000000000,0.253906250,1.732050808,130.000000000
3B,rdgdpo_positive,5,4,0.192871094,0.273299694,,,0.687500000,1.000000000,352.000000000,0.375000000,1.354006401,192.000000000
3B,rdgdpo_positive,5,5,0.316894531,0.615102410,,,0.632812500,1.000000000,324.000000000,0.419921875,1.227589811,215.000000000
3B,rdgdpo_positive,5,6,0.485839844,1.016414285,,,0.546875000,1.000000000,280.000000000,0.427734375,1.130724906,219.000000000
3B,rdgdpo_positive,5,7,0.573730469,1.106436610,,,0.548828125,1.000000000,281.000000000,0.394531250,1.179444407,202.000000000
3B,rdgdpo_positive,5,8,0.681152344,1.330623269,,,0.486328125,1.000000000,249.000000000,0.339843750,1.196258535,174.000000000
3B,rdgdpo_positive,5,9,0.766601562,1.374201894,,,0.439453125,1.000000000,225.000000000,0.265625000,1.286239389,136.000000000
3B,rdgdpo_positive,5,10,0.801269531,1.437211037,0.925000000,1.762155344,0.449218750,1.000000000,230.000000000,0.191406250,1.531972185,98.000000000
3B,rdgdpo_positive,5,11,0.820800781,1.435423374,,,0.378906250,1.000000000,194.000000000,0.148437500,1.597695709,76.000000000
3B,rdgdpo_positive,5,12,0.857910156,1.429386497,,,0.396484375,1.000000000,203.000000000,0.115234375,1.854906458,59.000000000
3B,rdgdpo_positive,5,13,0.869628906,1.487194777,,,0.349609375,1.000000000,179.000000000,0.095703125,1.911298309,49.000000000
3B,rdgdpo_positive,5,14,0.889160156,1.539567590,,,0.349609375,1.000000000,179.000000000,0.117187500,1.727232854,60.000000000
3B,rdgdpo_positive,5,15,0.891601562,1.558662415,,,0.306640625,1.000000000,157.000000000,0.103515625,1.721122933,53.000000000
3B,rdgdpo_positive,5,16,0.895996094,1.701619387,,,0.320312500,1.000000000,164.000000000,0.068359375,2.164651077,35.000000000
3B,rdgdpo_positive,5,17,0.918457031,1.638486147,,,0.312500000,1.000000000,160.000000000,0.107421875,1.705605731,55.000000000
3B,rdgdpo_positive,5,18,0.917968750,1.594569802,,,0.337890625,1.000000000,173.000000000,0.064453125,2.289634085,33.000000000
3B,rdgdpo_positive,5,19,0.924316406,1.641068816,,,0.281250000,1.000000000,144.000000000,0.064453125,2.088931871,33.000000000
3B,rdgdpo_positive,5,20,0.907226562,1.654649496,0.950000000,1.794843492,0.292968750,1.000000000,150.000000000,0.087890625,1.825741858,45.000000000
3B,rdgdpo_positive,5,21,0.943847656,1.758812785,,,0.275390625,1.000000000,141.000000000,0.058593750,2.167948339,30.000000000
3B,rdgdpo_positive,5,22,0.922851562,1.640684843,,,0.265625000,1.000000000,136.000000000,0.072265625,1.917205173,37.000000000
3B,rdgdpo_positive,5,23,0.949707031,1.752762794,,,0.255859375,1.000000000,131.000000000,0.054687500,2.163000561,28.000000000
3B,rdgdpo_positive,5,24,0.933593750,1.786252499,,,0.248046875,1.000000000,127.000000000,0.054687500,2.129721645,28.000000000
3B,rdgdpo_positive,5,25,0.958984375,1.666175842,,,0.273437500,1.000000000,140.000000000,0.041015625,2.581988897,21.000000000
3B,rdgdpo_positive,5,26,0.928222656,1.706570148,,,0.259765625,1.000000000,133.000000000,0.058593750,2.105548226,30.000000000
3B,rdgdpo_positive,5,27,0.948730469,1.896874905,,,0.246093750,1.000000000,126.000000000,0.041015625,2.449489743,21.000000000
3B,rdgdpo_positive,5,28,0.943359375,1.852070451,,,0.230468750,1.000000000,118.000000000,0.050781250,2.130366527,26.000000000
3B,rdgdpo_positive,5,29,0.956054688,1.759971738,,,0.232421875,1.000000000,119.000000000,0.039062500,2.439262184,20.000000000
3B,rdgdpo_positive,5,30,0.953613281,1.741111517,0.975000000,1.764605397,0.220703125,1.000000000,113.000000000,0.050781250,2.084743113,26.000000000
3B,rdgdpo_positive,5,31,0.950195312,1.743497968,,,0.210937500,1.000000000,108.000000000,0.058593750,1.897366596,30.000000000
3B,rdgdpo_positive,5,32,0.947753906,1.729450583,,,0.212890625,1.000000000,109.000000000,0.041015625,2.278261660,21.000000000
3B,rdgdpo_positive,5,33,0.958496094,1.847230792,,,0.199218750,1.000000000,102.000000000,0.042968750,2.153221688,22.000000000
3B,rdgdpo_positive,5,34,0.941894531,1.754423618,,,0.195312500,1.000000000,100.000000000,0.050781250,1.961161351,26.000000000
3B,rdgdpo_positive,5,35,0.940917969,1.852193117,,,0.187500000,1.000000000,96.000000000,0.037109375,2.247805948,19.000000000
3B,rdgdpo_positive,5,36,0.943359375,1.724277735,,,0.148437500,1.000000000,76.000000000,0.050781250,1.709700829,26.000000000
3B,rdgdpo_positive,5,37,0.952636719,1.812887549,,,0.201171875,1.000000000,103.000000000,0.054687500,1.917960226,28.000000000
3B,rdgdpo_positive,5,38,0.952636719,1.805071473,,,0.189453125,1.000000000,97.000000000,0.031250000,2.462214450,16.000000000
3B,rdgdpo_positive,5,39,0.946289062,1.825320005,,,0.146484375,1.000000000,75.000000000,0.046875000,1.767766953,24.000000000
3B,rdgdpo_positive,5,40,0.957519531,1.814411879,0.975000000,1.678115011,0.183593750,1.000000000,94.000000000,0.021484375,2.923260944,11.000000000
3B,rdgdpo_positive,5,41,0.970214844,1.914376974,,,0.154296875,1.000000000,79.000000000,0.021484375,2.679891450,11.000000000
3B,rdgdpo_positive,5,42,0.949707031,1.864364862,,,0.150390625,1.000000000,77.000000000,0.031250000,2.193741097,16.000000000
3B,rdgdpo_positive,5,43,0.963378906,1.881240964,,,0.130859375,1.000000000,67.000000000,0.035156250,1.929306150,18.000000000
3B,rdgdpo_positive,5,44,0.948242188,1.827209592,,,0.152343750,1.000000000,78.000000000,0.023437500,2.549509757,12.000000000
3B,rdgdpo_positive,5,45,0.964355469,1.884863853,,,0.146484375,1.000000000,75.000000000,0.017578125,2.886751346,9.000000000
3B,rdgdpo_positive,5,46,0.958496094,1.798214316,,,0.148437500,1.000000000,76.000000000,0.035156250,2.054804668,18.000000000
3B,rdgdpo_positive,5,47,0.951171875,1.885876536,,,0.136718750,1.000000000,70.000000000,0.029296875,2.160246899,15.000000000
3B,rdgdpo_positive,5,48,0.961425781,1.736621857,,,0.164062500,1.000000000,84.000000000,0.011718750,3.741657387,6.000000000
3B,rdgdpo_positive,5,49,0.972656250,1.964446425,,,0.132812500,1.000000000,68.000000000,0.033203125,2.000000000,17.000000000
3B,rdgdpo_positive,5,50,0.957519531,1.888488889,0.975000000,1.765317392,0.115234375,1.000000000,59.000000000,0.048828125,1.536229150,25.000000000
3B,rdgdpo_positive,5,51,0.965820312,1.824480295,,,0.128906250,1.000000000,66.000000000,0.025390625,2.253202849,13.000000000
3B,rdgdpo_positive,5,52,0.966796875,1.949341059,,,0.121093750,1.000000000,62.000000000,0.027343750,2.104417123,14.000000000
3B,rdgdpo_positive,5,53,0.962890625,1.885195613,,,0.126953125,1.000000000,65.000000000,0.023437500,2.327373341,12.000000000
3B,rdgdpo_positive,5,54,0.960937500,1.821382999,,,0.126953125,1.000000000,65.000000000,0.019531250,2.549509757,10.000000000
3B,rdgdpo_positive,5,55,0.953613281,1.785427451,,,0.140625000,1.000000000,72.000000000,0.046875000,1.732050808,24.000000000
3B,rdgdpo_positive,5,56,0.947753906,1.950901985,,,0.123046875,1.000000000,63.000000000,0.025390625,2.201398157,13.000000000
3B,rdgdpo_positive,5,57,0.959960938,1.865656376,,,0.126953125,1.000000000,65.000000000,0.021484375,2.430862174,11.000000000
3B,rdgdpo_positive,5,58,0.967773438,1.894922256,,,0.109375000,1.000000000,56.000000000,0.031250000,1.870828693,16.000000000
3B,rdgdpo_positive,5,59,0.961914062,1.844879866,,,0.107421875,1.000000000,55.000000000,0.015625000,2.622022120,8.000000000
3B,rdgdpo_positive,5,60,0.986328125,1.898777723,0.962500000,1.682135574,0.111328125,1.000000000,57.000000000,0.021484375,2.276360732,11.000000000
3B,rdgdpo_positive,5,61,0.961914062,1.838248134,,,0.091796875,1.000000000,47.000000000,0.027343750,1.832250763,14.000000000
3B,rdgdpo_positive,5,62,0.950195312,1.933201075,,,0.111328125,1.000000000,57.000000000,0.037109375,1.732050808,19.000000000
3B,rdgdpo_positive,5,63,0.961914062,1.948559403,,,0.115234375,1.000000000,59.000000000,0.025390625,2.130366527,13.000000000
3B,rdgdpo_positive,5,64,0.952636719,1.995235443,,,0.097656250,1.000000000,50.000000000,0.015625000,2.500000000,8.000000000
3B,rdgdpo_positive,5,65,0.962890625,1.794116139,,,0.097656250,1.000000000,50.000000000,0.023437500,2.041241452,12.000000000
3B,rdgdpo_positive,5,66,0.966796875,1.827010870,,,0.105468750,1.000000000,54.000000000,0.029296875,1.897366596,15.000000000
3B,rdgdpo_positive,5,67,0.953613281,1.888368249,,,0.109375000,1.000000000,56.000000000,0.035156250,1.763834207,18.000000000
3B,rdgdpo_positive,5,68,0.970703125,1.910206795,,,0.115234375,1.000000000,59.000000000,0.031250000,1.920286437,16.000000000
3B,rdgdpo_positive,5,69,0.972167969,1.892034292,,,0.101562500,1.000000000,52.000000000,0.021484375,2.174229226,11.000000000
3B,rdgdpo_positive,5,70,0.979003906,1.954681993,0.987500000,1.757135574,0.087890625,1.000000000,45.000000000,0.023437500,1.936491673,12.000000000
3B,rdgdpo_positive,5,71,0.974609375,1.954620242,,,0.095703125,1.000000000,49.000000000,0.019531250,2.213594362,10.000000000
3B,rdgdpo_positive,5,72,0.953613281,1.918566704,,,0.085937500,1.000000000,44.000000000,0.023437500,1.914854216,12.000000000
3B,rdgdpo_positive,5,73,0.971679688,1.853750706,,,0.109375000,1.000000000,56.000000000,0.035156250,1.763834207,18.000000000
3B,rdgdpo_positive,5,74,0.966796875,1.931231737,,,0.085937500,1.000000000,44.000000000,0.033203125,1.608799333,17.000000000
3B,rdgdpo_positive,5,75,0.961914062,1.961183310,,,0.064453125,1.000000000,33.000000000,0.017578125,1.914854216,9.000000000
3B,rdgdpo_positive,5,76,0.977050781,1.935560465,,,0.097656250,1.000000000,50.000000000,0.015625000,2.500000000,8.000000000
