run_id,model_size,method,seed,step,val/test_score/rlla,val/test_format/rlla,val/test_correctness/rlla,val/test_length/rlla,global_seqlen/min,global_seqlen/max,global_seqlen/minmax_diff,global_seqlen/balanced_min,global_seqlen/balanced_max,global_seqlen/mean,critic/kl,critic/kl_coeff,actor/entropy_loss,actor/pg_loss,actor/pg_clipfrac,actor/ppo_kl,actor/grad_norm,mfu/actor,actor/lr,critic/score/mean,critic/score/max,critic/score/min,critic/format_score/mean,critic/format_score/max,critic/format_score/min,critic/correctness_score/mean,critic/correctness_score/max,critic/correctness_score/min,critic/length_score/mean,critic/length_score/max,critic/length_score/min,critic/rewards/mean,critic/rewards/max,critic/rewards/min,critic/advantages/mean,critic/advantages/var,critic/advantages/max,critic/advantages/min,critic/returns/mean,critic/returns/max,critic/returns/min,response_length/mean,response_length/max,response_length/min,response_length/clip_ratio,prompt_length/mean,prompt_length/max,prompt_length/min,prompt_length/clip_ratio,timing_s/gen,timing_s/ref,timing_s/adv,timing_s/update_actor,timing_s/step,timing_per_token_ms/adv,timing_per_token_ms/gen,timing_per_token_ms/ref,timing_per_token_ms/update_actor,timing_s/testing,timing_s/save_checkpoint,gd2po_hard/conflict_ratio,gd2po_hard/keep_ratio
haotian_3b_dvao_s1_save10,3b,dvao,1,0,1.2337608203291892,0.1125,1.1212608203291894,0.0,,,,,,,,,,,,,,,,,,,,,,,,,,,,,,,,,,,,,,,,,,,,,,,,,,,,,,,,,,
haotian_3b_dvao_s1_save10,3b,dvao,1,1,,,,,467153,512646,45493,482989,482990,482989.75,9.26212960621342e-05,0.001,0.571371339487307,-0.05537918146177562,0.0,0.0,50.41266441345215,0.39696511190905365,1e-06,-0.4095768332481384,4.0,-3.0,0.064453125,1.0,0.0,-0.4740299582481384,3.0,-3.0,0.0,0.0,0.0,-0.4095580577850342,4.000927448272705,-3.016223669052124,0.06380682438611984,0.8164523839950562,1.7320510149002075,-1.732050895690918,0.06380682438611984,1.7320510149002075,-1.732050895690918,175.07763671875,1024.0,18.0,0.01513671875,768.26171875,2048.0,418.0,0.0078125,63.782746677985415,21.949776107998332,1.2403676660032943,84.53392503299983,171.6026926350023,0.0006420258742568006,0.1778863357996464,0.011361408864265924,0.04375554814206711,,,,
haotian_3b_dvao_s1_save10,3b,dvao,1,2,,,,,465827,496997,31170,482412,482412,482412.0,2.409821900073439e-05,0.001,0.615801801905036,-0.07648728281492367,0.005408524699305417,0.0008102344747840107,34.3021115064621,0.40231099953998556,1e-06,-0.6668105125427246,4.0,-3.0,0.0546875,1.0,0.0,-0.7214980125427246,3.0,-3.0,0.0,0.0,0.0,-0.6667526960372925,4.001266956329346,-3.021430730819702,0.08974075317382812,0.7770492434501648,1.732050895690918,-1.7320514917373657,0.08974075317382812,1.732050895690918,-1.7320514917373657,172.90625,1024.0,19.0,0.0146484375,769.3046875,2048.0,399.0,0.0078125,71.95749023600365,22.154734593001194,1.2906723320193123,83.34301104099723,178.84595098599675,0.0006688641306701079,0.20320545543783788,0.011481231081006066,0.04319078455811486,,,,
haotian_3b_dvao_s1_save10,3b,dvao,1,3,,,,,465426,503012,37586,485051,485052,485051.25,0.00023132652859203517,0.001,0.554150759242475,-0.04300727602094412,0.007695860171224922,0.0021874776093682158,68.94950151443481,0.4197383970540888,1e-06,-0.24448543787002563,4.0,-3.0,0.07470703125,1.0,0.0,-0.31919246912002563,3.0,-3.0,0.0,0.0,0.0,-0.24488331377506256,4.000912189483643,-3.0801124572753906,0.0528823547065258,0.7967906594276428,1.732051134109497,-1.732051134109497,0.0528823547065258,1.732051134109497,-1.732051134109497,179.62353515625,1024.0,19.0,0.01318359375,767.7421875,2048.0,421.0,0.00390625,66.69866608598386,22.013247166993096,1.2792177869996522,80.36754772099084,170.47264991002157,0.0006593209413436478,0.18131091797891058,0.011345835706532607,0.04142219390270144,,,,
haotian_3b_dvao_s1_save10,3b,dvao,1,4,,,,,480121,509525,29404,499628,499629,499628.75,0.0016376374987885356,0.001,0.5082013879503523,0.02403448742947408,0.007976710207627288,-0.0039739258231877884,78.54046726226807,0.4027941432242697,1e-06,0.4619377553462982,4.0,-3.0,0.06591796875,1.0,0.0,0.3960197865962982,3.0,-3.0,0.0,0.0,0.0,0.46137601137161255,4.001657962799072,-3.094036102294922,0.03847302496433258,0.717429518699646,1.732050895690918,-1.7320526838302612,0.03847302496433258,1.732050895690918,-1.7320526838302612,189.02099609375,1024.0,23.0,0.01513671875,786.81640625,2048.0,414.0,0.001953125,64.77663659700193,22.66738579500816,1.5906553980021272,86.27491996600293,175.42598290301976,0.0007959186686125084,0.1673317660049389,0.011342114417459042,0.04316951334666136,,,,
haotian_3b_dvao_s1_save10,3b,dvao,1,5,,,,,458786,513975,55189,479096,479096,479096.0,0.004423272795975208,0.001,0.41747567734935065,0.06033570134560719,0.0023260517398629227,-0.00020706310456399947,43.03142476081848,0.4114845300741,1e-06,0.8052453994750977,4.0,-3.0,0.09521484375,1.0,0.0,0.7100305557250977,3.0,-3.0,0.0,0.0,0.0,0.8040065765380859,4.004076957702637,-3.1519815921783447,0.016159242019057274,0.7174344062805176,1.732050895690918,-1.7320512533187866,0.016159242019057274,1.732050895690918,-1.7320512533187866,178.6484375,1024.0,21.0,0.005859375,757.0859375,2048.0,422.0,0.001953125,62.99667432002025,21.433207344001858,1.3138947910047136,80.88344062797842,166.73373827300384,0.0006856114385241756,0.1721822777365315,0.01118419238733044,0.04220628048865906,,,,
haotian_3b_dvao_s1_save10,3b,dvao,1,6,,,,,485569,498160,12591,490328,490329,490328.75,0.005170051474124193,0.001,0.45682498242925196,0.08019229068475611,0.005694067095378961,0.004628578479134697,32.75009274482727,0.4045483835642054,1e-06,1.130035161972046,4.0,-3.0,0.12451171875,1.0,0.0,1.005523443222046,3.0,-3.0,0.0,0.0,0.0,1.1294430494308472,4.001008033752441,-3.0077693462371826,-0.0008675626595504582,0.6762307286262512,1.7320514917373657,-1.7320512533187866,-0.0008675626595504582,1.7320514917373657,-1.7320512533187866,193.91552734375,1024.0,24.0,0.01708984375,763.7578125,2047.0,393.0,0.0,65.41401617901283,21.807562578003854,1.3689027990039904,84.33732336899266,173.04006400398794,0.0006979515269112766,0.16471315126193306,0.011118847598679383,0.043000396860775884,,,,
haotian_3b_dvao_s1_save10,3b,dvao,1,7,,,,,460864,501287,40423,485198,485199,485198.5,0.0065113240852952,0.001,0.5663645742461085,0.016989127994747832,0.0052200985155650415,0.0019138516377665837,38.91645550727844,0.41666718708610245,1e-06,1.226300597190857,4.0,-3.0,0.2353515625,1.0,0.0,0.9909489154815674,3.0,-3.0,0.0,0.0,0.0,1.2274250984191895,4.00072717666626,-3.006965398788452,-0.026240527629852295,0.6778897047042847,1.732050895690918,-1.7320525646209717,-0.026240527629852295,1.732050895690918,-1.7320525646209717,185.5009765625,1024.0,24.0,0.0146484375,762.15234375,2048.0,389.0,0.009765625,63.910097045009024,22.145704688009573,1.320936961012194,80.98272902701865,168.46838554600254,0.0006806167790152865,0.1682260797276406,0.011410641566291721,0.04172659696341737,,,,
haotian_3b_dvao_s1_save10,3b,dvao,1,8,,,,,462455,507246,44791,490661,490662,490661.75,0.01348361186683178,0.001,0.4695117184610078,0.01368533955378966,0.012392228764700561,0.0069373652941342725,14.415932178497314,0.4106520443254577,1e-06,1.5685194730758667,4.0,-3.0,0.33544921875,1.0,0.0,1.2330701351165771,3.0,-3.0,0.0,0.0,0.0,1.5685182809829712,4.00250768661499,-3.189382553100586,-0.02972700633108616,0.6486813426017761,1.732050895690918,-1.7320513725280762,-0.02972700633108616,1.732050895690918,-1.7320513725280762,176.07958984375,1024.0,24.0,0.00830078125,782.244140625,2048.0,389.0,0.013671875,65.83548426599009,21.770045837009093,1.295496753999032,83.21647228099755,172.213964391005,0.0006600762918645239,0.18256648928066557,0.011092186132814048,0.042400122019393985,,,,
haotian_3b_dvao_s1_save10,3b,dvao,1,9,,,,,459224,502126,42902,480784,480784,480784.0,0.01818956807255745,0.001,0.41628420213237405,0.05312945947298431,0.007402030416415073,0.001866891699023654,59.65762138366699,0.4036239225776684,1e-06,1.6013877391815186,4.0,-3.0,0.43994140625,1.0,0.0,1.1614463329315186,3.0,-3.0,0.0,0.0,0.0,1.6053358316421509,4.301522254943848,-3.014967441558838,-0.04044109582901001,0.7035574316978455,1.732050895690918,-1.7320518493652344,-0.04044109582901001,1.732050895690918,-1.7320518493652344,180.224609375,1024.0,30.0,0.0107421875,758.806640625,2048.0,414.0,0.005859375,62.310531816998264,21.554213217983488,1.3167073350050487,82.81713040001341,168.10971564802458,0.0006846667812391056,0.16881747986182136,0.011207846568304836,0.043063584894679006,,,,
haotian_3b_dvao_s1_save10,3b,dvao,1,10,2.376965951733291,0.7375,1.6394659493118524,0.0,462516,495462,32946,480712,480712,480712.0,0.023415695875883102,0.001,0.400943620596081,-0.02524605002690805,0.008117661513097119,0.0083329947170796,19.351155519485474,0.4040898827909118,1e-06,1.9081217050552368,4.0,-3.0,0.54345703125,1.0,0.0,1.3646646738052368,3.0,-3.0,0.0,0.0,0.0,1.9146323204040527,4.902093887329102,-3.014716863632202,-0.05282730236649513,0.6494337916374207,1.7320520877838135,-1.7320525646209717,-0.05282730236649513,1.7320520877838135,-1.7320525646209717,168.974609375,1024.0,20.0,0.009765625,769.916015625,1849.0,419.0,0.0,66.7519039750041,21.52758569899015,1.4926202039932832,82.69099332098267,214.9636781750014,0.0007762549114611676,0.19289112863377478,0.011195677296900302,0.043004435774945636,15.789494741999079,26.594961976981722,,
haotian_3b_dvao_s1_save10,3b,dvao,1,11,,,,,456671,472631,15960,464019,464019,464019.0,0.03685925900936127,0.001,0.36605267971754074,-0.011941892618779093,0.01240509679337265,0.006394503998080836,11.632828652858734,0.41246428385073414,1e-06,2.0500004291534424,4.0,-3.0,0.6328125,1.0,0.0,1.4171878099441528,3.0,-3.0,0.0,0.0,0.0,2.052849769592285,4.436042785644531,-3.015777349472046,-0.05919918045401573,0.5964921116828918,1.7320520877838135,-1.7320514917373657,-0.05919918045401573,1.7320520877838135,-1.7320514917373657,159.44140625,1024.0,20.0,0.00537109375,746.845703125,2048.0,402.0,0.00390625,60.765304047003156,21.27944901000592,1.3233909789996687,78.11613088101149,161.60486856900388,0.0007130047363360491,0.18609067314784022,0.011464750909987479,0.04208670920857308,,,,
haotian_3b_dvao_s1_save10,3b,dvao,1,12,,,,,457125,488870,31745,471384,471385,471384.25,0.05619450658559799,0.001,0.34490024484694004,-0.04088493969175033,0.010952874521535705,0.006562529227153391,6.48981100320816,0.41138526507339646,1e-06,2.1999261379241943,4.0,-3.0,0.78515625,1.0,0.0,1.4147698879241943,3.0,-3.0,0.0,0.0,0.0,2.1973254680633545,4.5140204429626465,-3.0243523120880127,-0.028314802795648575,0.5569385290145874,1.732053279876709,-1.732050895690918,-0.028314802795648575,1.732053279876709,-1.732050895690918,153.63330078125,1024.0,18.0,0.00341796875,767.0390625,2048.0,393.0,0.005859375,60.40902222099248,21.004094951989828,1.2700457589817233,79.54159728900413,162.33139556800597,0.0006735724406265819,0.19199348534041172,0.011139582491348526,0.04218511611758567,,,,
haotian_3b_dvao_s1_save10,3b,dvao,1,13,,,,,442877,478404,35527,462263,462264,462263.25,0.07164928317070007,0.001,0.31630860129371285,-0.04597699351779738,0.0014975919602875365,0.00033823268677224405,25.88173609972,0.4124570038040787,1e-06,2.324445962905884,4.0,-3.0,0.84765625,1.0,0.0,1.4767897129058838,3.0,-3.0,0.0,0.0,0.0,2.3157832622528076,4.876582145690918,-3.025113821029663,-0.029599251225590706,0.4911161959171295,1.732051968574524,-1.7320513725280762,-0.029599251225590706,1.732051968574524,-1.7320513725280762,147.36767578125,1024.0,23.0,0.0029296875,755.490234375,2048.0,416.0,0.00390625,64.55707017201348,21.1051086759835,1.3984127510047983,77.91568492399529,165.09635227601393,0.0007562859209578083,0.2139004144078324,0.011414009590846505,0.04213815662611904,,,,
haotian_3b_dvao_s1_save10,3b,dvao,1,14,,,,,455306,479294,23988,469551,469552,469551.75,0.07340113818645477,0.001,0.30261634942144156,0.06648576835323183,0.005938587300988729,0.0023048473387348167,28.40192812681198,0.4012935282099718,1e-06,2.3455889225006104,4.0,-3.0,0.85986328125,1.0,0.0,1.4857254028320312,3.0,-3.0,0.0,0.0,0.0,2.3412528038024902,6.668416976928711,-3.0293898582458496,-0.0321388877928257,0.5319908857345581,1.7320513725280762,-1.7320513725280762,-0.0321388877928257,1.7320513725280762,-1.7320513725280762,144.02685546875,1024.0,1.0,0.00634765625,773.06640625,2034.0,399.0,0.0,61.41964995500166,21.076224591000937,1.244129462982528,81.39256046098308,165.2411608310067,0.0006624027399442808,0.20822549625890915,0.011221459930135996,0.04333524497618371,,,,
haotian_3b_dvao_s1_save10,3b,dvao,1,15,,,,,445303,484714,39411,463870,463871,463870.25,0.0810040682554245,0.001,0.31296743068002886,0.06002919724391353,0.0012178641233232714,0.00018496506339532413,2.453788638114929,0.41389944800136563,1e-06,2.4775869846343994,4.0,-3.0,0.8642578125,1.0,0.0,1.6133294105529785,3.0,-3.0,0.0,0.0,0.0,2.466597557067871,4.0026350021362305,-3.0344879627227783,-0.01570529118180275,0.48394325375556946,1.7320510149002075,-1.7320512533187866,-0.01570529118180275,1.7320510149002075,-1.7320512533187866,145.07080078125,1024.0,26.0,0.0029296875,760.92578125,2048.0,402.0,0.005859375,60.58061784500023,21.19758304199786,1.1981963450089097,77.8306523069914,160.90350592200411,0.0006457605036154559,0.20390305731980354,0.011424306172899567,0.04194634830914,,,,
haotian_3b_dvao_s1_save10,3b,dvao,1,16,,,,,457251,482772,25521,465395,465396,465395.5,0.08397713303565979,0.001,0.25856251642107964,-0.04781804539379664,0.0013202226382418303,4.9963065407609974e-05,2.362881898880005,0.41454707776361427,1e-06,2.462564468383789,4.0,-3.0,0.90234375,1.0,0.0,1.560220718383789,3.0,-3.0,0.0,0.0,0.0,2.450772762298584,4.002037525177002,-3.0392138957977295,-0.010322931222617626,0.4970637261867523,1.7320514917373657,-1.732051968574524,-0.010322931222617626,1.7320514917373657,-1.732051968574524,142.8583984375,1024.0,23.0,0.00146484375,766.1171875,2048.0,426.0,0.00390625,67.60533368898905,21.265007139998488,1.2511376409966033,78.27207260899013,168.48328241999843,0.0006720830138004146,0.23107088698581915,0.011423083774981971,0.04204599776372469,,,,
haotian_3b_dvao_s1_save10,3b,dvao,1,17,,,,,449063,480328,31265,465406,465407,465406.75,0.08036454766988754,0.001,0.2536592073738575,0.020368999656056985,0.0010486572900845204,-7.347321779604954e-05,11.154303014278412,0.4136613218438765,1e-06,2.48850417137146,4.0,-3.0,0.87451171875,1.0,0.0,1.61399245262146,3.0,-3.0,0.0,0.0,0.0,2.483276128768921,4.633640289306641,-3.030240535736084,-0.00509286904707551,0.44864779710769653,1.7320528030395508,-1.7320526838302612,-0.00509286904707551,1.7320528030395508,-1.7320526838302612,141.02294921875,1024.0,20.0,0.00341796875,767.974609375,2048.0,399.0,0.00390625,59.161527998017846,20.926475785992807,1.249131787015358,78.21583023999119,159.64656325499527,0.0006709892943190864,0.2048422969652471,0.011240960614555337,0.04201477000494255,,,,
haotian_3b_dvao_s1_save10,3b,dvao,1,18,,,,,459963,502317,42354,482341,482341,482341.0,0.08602628856897354,0.001,0.282363007014448,0.01044890235855498,0.0011256808436221697,9.363742041883101e-05,4.223991692066193,0.40894204433003634,1e-06,2.4381191730499268,4.0,-3.0,0.87451171875,1.0,0.0,1.5636075735092163,3.0,-3.0,0.0,0.0,0.0,2.4306421279907227,4.001585483551025,-3.031031370162964,-0.022446949034929276,0.4739319980144501,1.7320513725280762,-1.732053279876709,-0.022446949034929276,1.7320513725280762,-1.732053279876709,154.220703125,1024.0,23.0,0.0068359375,787.8515625,2048.0,418.0,0.00390625,67.52580504899379,21.479994175984757,1.252837024978362,81.98627732999739,172.34200439197593,0.0006493523383759426,0.21379480075288368,0.011133199425294945,0.042493939624662525,,,,
haotian_3b_dvao_s1_save10,3b,dvao,1,19,,,,,456321,475729,19408,465003,465004,465003.75,0.08723470568656921,0.001,0.24357382534071803,0.03511435052496381,0.0010055915654447745,9.930255211543226e-05,2.8612767457962036,0.40560733157380735,1e-06,2.45068621635437,4.0,-3.0,0.89599609375,1.0,0.0,1.5546901226043701,3.0,-3.0,0.0,0.0,0.0,2.4432356357574463,11.914912223815918,-3.0196030139923096,-0.006861615926027298,0.434460312128067,1.7320514917373657,-1.7320513725280762,-0.006861615926027298,1.7320514917373657,-1.7320513725280762,140.35888671875,1024.0,38.0,0.0009765625,767.8515625,2048.0,393.0,0.005859375,63.098740207991796,20.678905575012323,1.207883479015436,79.61733399398508,164.6959050479927,0.000649394482848491,0.21950823679529594,0.01111760151128476,0.042804673077359634,,,,
haotian_3b_dvao_s1_save10,3b,dvao,1,20,2.659747339040041,0.95,1.7097473375499248,0.0,447085,461327,14242,455280,455280,455280.0,0.10061045736074448,0.001,0.24417607439681888,-0.02718569547869265,0.0009306497277066228,5.632307704672712e-05,2.484834909439087,0.4095647628201393,1e-06,2.5967752933502197,4.0,-3.0,0.9140625,1.0,0.0,1.6827125549316406,3.0,-3.0,0.0,0.0,0.0,2.584113121032715,4.001562118530273,-3.013967275619507,0.00024752679746598005,0.41445136070251465,1.7320520877838135,-1.7320512533187866,0.00024752679746598005,1.7320520877838135,-1.7320512533187866,134.0859375,1024.0,25.0,0.001953125,755.1328125,2048.0,389.0,0.005859375,56.22192756700679,20.930644869979005,1.2398584969923832,77.08847765697283,203.65214261997608,0.0006808219650502894,0.20473521371193407,0.01149328153552704,0.04233025701599721,20.12750808999408,27.504112474009162,,
haotian_3b_dvao_s1_save10,3b,dvao,1,21,,,,,444229,470134,25905,456562,456563,456562.25,0.10003284364938736,0.001,0.23443537624552846,0.010027976604760624,0.0015236244953484857,0.00017283778996102228,2.357810854911804,0.4076568949332542,1e-06,2.583463668823242,4.0,-3.0,0.92041015625,1.0,0.0,1.6630535125732422,3.0,-3.0,0.0,0.0,0.0,2.5705113410949707,4.000808238983154,-3.017040967941284,-0.007593587506562471,0.40725985169410706,1.7320510149002075,-1.7320513725280762,-0.007593587506562471,1.7320510149002075,-1.7320513725280762,135.11767578125,1024.0,31.0,0.00048828125,756.60546875,2048.0,416.0,0.00390625,61.453007153002545,20.423522920988034,1.2489929720177315,77.60841225099284,160.83870843899786,0.0006839116528018532,0.22207569050777695,0.011183317784698601,0.042496073783472484,,,,
haotian_3b_dvao_s1_save10,3b,dvao,1,22,,,,,443692,481620,37928,463943,463944,463943.5,0.10181211680173874,0.001,0.21232195105403662,0.03295181597059127,0.0009086480713449419,2.3344846454165236e-05,1.7993269562721252,0.4180805675779682,1e-06,2.651309013366699,4.0,-3.0,0.91650390625,1.0,0.0,1.7348052263259888,3.0,-3.0,0.0,0.0,0.0,2.6381802558898926,4.002386093139648,-3.0170814990997314,-0.012661448679864407,0.3776151239871979,1.732051134109497,-1.7320512533187866,-0.012661448679864407,1.732051134109497,-1.7320512533187866,137.5419921875,1024.0,30.0,0.00146484375,768.59765625,2048.0,419.0,0.005859375,59.08491373801371,21.11908125199261,1.2457565879740287,77.16553828999167,158.71382844197797,0.0006712867989173405,0.20975452716149795,0.011380201065427477,0.041581323097527864,,,,
haotian_3b_dvao_s1_save10,3b,dvao,1,23,,,,,462205,482888,20683,473922,473923,473922.75,0.10681532323360443,0.001,0.21450576186180115,0.03321087884978624,0.0009534119972158805,-5.018357902031312e-05,22.98699826002121,0.4116302780751958,1e-06,2.6475110054016113,4.0,-3.0,0.92578125,1.0,0.0,1.7217296361923218,3.0,-3.0,0.0,0.0,0.0,2.6374144554138184,5.426201343536377,-3.0299105644226074,-0.011362629942595959,0.4018374979496002,1.7320514917373657,-1.732051134109497,-0.011362629942595959,1.7320514917373657,-1.732051134109497,140.62841796875,1024.0,35.0,0.0029296875,785.001953125,2048.0,422.0,0.001953125,61.43475800799206,21.50485415800358,1.2260355329781305,80.12071562098572,164.39931530502508,0.000646748617247289,0.21330994735541864,0.011344071453630145,0.042264649471346186,,,,
haotian_3b_dvao_s1_save10,3b,dvao,1,24,,,,,445804,465481,19677,453640,453641,453640.75,0.11331761628389359,0.001,0.19725752295926213,0.006673719151876867,0.0008382336409340496,0.00016229047423621523,2.2265257239341736,0.41235374729659113,1e-06,2.6303670406341553,4.0,-3.0,0.92236328125,1.0,0.0,1.7080036401748657,3.0,-3.0,0.0,0.0,0.0,2.616217851638794,4.000413417816162,-3.0425915718078613,-0.004971455782651901,0.37712374329566956,1.7320525646209717,-1.7320525646209717,-0.004971455782651901,1.7320525646209717,-1.7320525646209717,131.78466796875,1024.0,37.0,0.00146484375,754.232421875,2048.0,389.0,0.001953125,55.848971201019594,20.438131570001133,1.1876123920083046,76.28466761801974,153.85270209499868,0.0006544894787385749,0.20692851368502416,0.011263390452688132,0.04204024198554679,,,,
haotian_3b_dvao_s1_save10,3b,dvao,1,25,,,,,446576,463890,17314,455027,455027,455027.0,0.1174948513507843,0.001,0.21038007231489306,0.03383676449377691,0.0009579088523863784,2.9404941385784638e-05,2.8281304836273193,0.41032995225194824,1e-06,2.7476553916931152,4.0,-3.0,0.9306640625,1.0,0.0,1.8169910907745361,3.0,-3.0,0.0,0.0,0.0,2.7332708835601807,4.002725124359131,-3.0270469188690186,-0.025578541681170464,0.37891727685928345,1.7320513725280762,-1.7320514917373657,-0.025578541681170464,1.7320513725280762,-1.7320514917373657,133.9921875,1024.0,42.0,0.00341796875,754.732421875,2048.0,393.0,0.0078125,58.6682547639939,20.744115781999426,1.2252598289924208,76.96397479000734,157.69582638400607,0.0006731797393299852,0.21379312709169254,0.011397189497545984,0.04228538899340443,,,,
haotian_3b_dvao_s1_save10,3b,dvao,1,26,,,,,440310,476868,36558,461362,461363,461362.75,0.11985334008932114,0.001,0.1744670293504192,-0.029382126195536505,0.0007562766099468835,0.00013836634964043754,1.7293007969856262,0.4152346579300244,1e-06,2.7497453689575195,4.0,-3.0,0.94189453125,1.0,0.0,1.80785071849823,3.0,-3.0,0.0,0.0,0.0,2.7346081733703613,4.001737117767334,-3.0448174476623535,-0.00990600511431694,0.33211663365364075,1.7320516109466553,-1.7320514917373657,-0.00990600511431694,1.7320516109466553,-1.7320514917373657,132.46630859375,1024.0,29.0,0.0009765625,768.6328125,2048.0,402.0,0.00390625,55.091395630006446,21.179359219997423,1.6064247309986968,77.2135106769856,155.18498746099067,0.0008704781275681103,0.20307122473656128,0.011476522118440111,0.041839913753865914,,,,
haotian_3b_dvao_s1_save10,3b,dvao,1,27,,,,,441919,472405,30486,456484,456485,456484.75,0.12754829227924347,0.001,0.1984870152608041,0.014326005197700954,0.0011892611172140365,0.00011784740068363927,1.896176040172577,0.4123308167421815,1e-06,2.6115527153015137,4.0,-3.0,0.92138671875,1.0,0.0,1.6901657581329346,3.0,-3.0,0.0,0.0,0.0,2.595594882965088,4.002124309539795,-3.0244193077087402,-0.0069860112853348255,0.3971175253391266,1.732050895690918,-1.7320514917373657,-0.0069860112853348255,1.732050895690918,-1.7320514917373657,136.31787109375,1024.0,36.0,0.0029296875,755.25390625,2048.0,399.0,0.00390625,57.453386299021076,20.722924697009148,1.492170529003488,76.8462863950117,156.60905130498577,0.00081720721722001,0.20579408300416965,0.011349187840891261,0.04208590012865255,,,,
haotian_3b_dvao_s1_save10,3b,dvao,1,28,,,,,435899,494466,58567,465284,465284,465284.0,0.12575951218605042,0.001,0.21584302864291452,0.02257232977276682,0.001073739612228096,0.00012888791107715488,2.103302836418152,0.3924569272554819,1e-06,2.520205497741699,4.0,-3.0,0.91650390625,1.0,0.0,1.6037017107009888,3.0,-3.0,0.0,0.0,0.0,2.5040860176086426,4.001270294189453,-3.02911114692688,-0.02581142820417881,0.3558666408061981,1.7320514917373657,-1.7320514917373657,-0.02581142820417881,1.7320514917373657,-1.7320514917373657,138.25390625,1024.0,39.0,0.0009765625,770.50390625,2048.0,407.0,0.005859375,59.035029981983826,21.26567199800047,1.6110453300061636,82.32671419301187,164.33952214600868,0.0008656247206040631,0.20849825524109225,0.011426178418987366,0.04423465786111916,,,,
haotian_3b_dvao_s1_save10,3b,dvao,1,29,,,,,435630,492875,57245,460686,460687,460686.5,0.1298632174730301,0.001,0.1831258616875857,0.013026227738009766,0.0009647801380197052,3.752364773390582e-05,1.9273663759231567,0.4099358462314599,1e-06,2.7354960441589355,4.0,-3.0,0.9443359375,1.0,0.0,1.791159749031067,3.0,-3.0,0.0,0.0,0.0,2.7193143367767334,4.0015764236450195,-3.0328409671783447,-0.009956768713891506,0.34692323207855225,1.7320513725280762,-1.7320512533187866,-0.009956768713891506,1.7320513725280762,-1.7320512533187866,129.7158203125,1024.0,34.0,0.00048828125,770.0625,2048.0,407.0,0.00390625,56.89139517999138,21.148705203988357,1.5050721960142255,77.95503766401089,157.61046838198672,0.0008167551013618944,0.21415276475766354,0.011476733746261479,0.04230373457004432,,,,
haotian_3b_dvao_s1_save10,3b,dvao,1,30,2.792554533109069,0.975,1.8175545311532915,0.0,451422,492439,41017,471126,471126,471126.0,0.13138249516487122,0.001,0.19702383340336382,0.0032980641117319465,0.000793365199569962,5.517309915603619e-05,1.5809938311576843,0.4095523666115958,1e-06,2.628031015396118,4.0,-3.0,0.92041015625,1.0,0.0,1.7076207399368286,3.0,-3.0,0.0,0.0,0.0,2.6115450859069824,3.9998254776000977,-3.041620969772339,-0.0012090645032003522,0.28609558939933777,1.7320512533187866,-1.732051134109497,-0.0012090645032003522,1.7320512533187866,-1.732051134109497,136.224609375,1024.0,44.0,0.001953125,783.943359375,2048.0,413.0,0.013671875,64.946105481009,21.06292005299474,1.5093151459877845,80.14810828201007,212.21045916201547,0.0008009084331939781,0.23279175262380103,0.01117690387125458,0.04253008127444148,17.48433866701089,26.948597664013505,,
haotian_3b_dvao_s1_save10,3b,dvao,1,31,,,,,434678,462481,27803,445798,445799,445798.25,0.13575853407382965,0.001,0.17774365866376507,0.006425121160704763,0.000754327975183485,0.00010822202426835804,1.5860446691513062,0.40826987044119367,1e-06,2.745619058609009,4.0,-3.0,0.94140625,1.0,0.0,1.8042126893997192,3.0,-3.0,0.0,0.0,0.0,2.729057788848877,4.001545429229736,-3.050227165222168,0.0007662908756174147,0.2755507230758667,1.7320514917373657,-1.7320520877838135,0.0007662908756174147,1.7320514917373657,-1.7320520877838135,128.93603515625,1024.0,42.0,0.00146484375,741.763671875,2048.0,414.0,0.005859375,62.3364694089978,20.599628071009647,1.266110941010993,76.42929370500497,160.73569566599326,0.0007100246249345937,0.23606844406783964,0.011552102364135373,0.042860920665909394,,,,
haotian_3b_dvao_s1_save10,3b,dvao,1,32,,,,,455127,483722,28595,465133,465134,465133.75,0.13158519566059113,0.001,0.18770065810531378,0.00021186153026064858,0.0009795844916880014,3.992383744844119e-05,1.7683466672897339,0.41066375988686743,1e-06,2.7133617401123047,4.0,-3.0,0.93994140625,1.0,0.0,1.773419976234436,3.0,-3.0,0.0,0.0,0.0,2.6970534324645996,4.000495910644531,-3.0262861251831055,-0.004545844160020351,0.30627676844596863,1.7320513725280762,-1.7320553064346313,-0.004545844160020351,1.7320513725280762,-1.7320553064346313,135.36474609375,1024.0,39.0,0.001953125,773.099609375,2048.0,399.0,0.001953125,58.77832224499434,20.970913397002732,1.2238382500072476,78.63384852700983,159.71564396101166,0.0006577883512039535,0.2120223580134487,0.011271442567327533,0.04226410603778474,,,,
haotian_3b_dvao_s1_save10,3b,dvao,1,33,,,,,438967,473542,34575,461480,461481,461480.75,0.14069876074790955,0.001,0.17951623746193945,-0.03858944811145193,0.000752898817154346,0.0001008831366107188,1.6674305200576782,0.40192449897212584,1e-06,2.7218852043151855,4.0,-3.0,0.9501953125,1.0,0.0,1.771690011024475,3.0,-3.0,0.0,0.0,0.0,2.7048721313476562,4.001925468444824,-3.031175374984741,-0.001544969156384468,0.29095447063446045,1.732050895690918,-1.7320526838302612,-0.001544969156384468,1.732050895690918,-1.7320526838302612,133.54638671875,1024.0,42.0,0.0009765625,767.783203125,1821.0,389.0,0.0,57.170720302994596,20.704805246001342,1.4927210369787645,79.74240555299912,159.2137391110009,0.0008086583443506389,0.20903141941037062,0.011216505372109964,0.04319920470842994,,,,
haotian_3b_dvao_s1_save10,3b,dvao,1,34,,,,,448436,480574,32138,460727,460728,460727.25,0.13699136674404144,0.001,0.1705606812911649,-0.04415123366690692,0.0011898086278609211,0.00019674192510372508,1.6351548731327057,0.41461645854600093,1e-06,2.737514019012451,4.0,-3.0,0.94482421875,1.0,0.0,1.7926900386810303,3.0,-3.0,0.0,0.0,0.0,2.7200722694396973,4.002603530883789,-3.030613899230957,-0.001222638413310051,0.33288729190826416,1.732050895690918,-1.7320547103881836,-0.001222638413310051,1.732050895690918,-1.7320547103881836,135.63720703125,925.0,36.0,0.0,764.220703125,2048.0,416.0,0.00390625,53.96559842600254,21.398864935006713,1.403855646000011,77.15587003598921,154.02259446500102,0.0007617606978966465,0.19427110328492375,0.011611460432938748,0.04186634827655039,,,,
haotian_3b_dvao_s1_save10,3b,dvao,1,35,,,,,439322,481850,42528,455213,455214,455213.75,0.1433025598526001,0.001,0.15093191852793097,-0.024055903893895447,0.0006736339728377061,0.0002271835954843482,1.6803350150585175,0.40595602826016564,1e-06,2.7669100761413574,4.0,-3.0,0.9521484375,1.0,0.0,1.8147614002227783,3.0,-3.0,0.0,0.0,0.0,2.748913049697876,4.000325679779053,-3.037051200866699,-0.007288942579180002,0.3065932095050812,1.732051134109497,-1.732053518295288,-0.007288942579180002,1.732051134109497,-1.732053518295288,133.56787109375,673.0,42.0,0.0,755.521484375,2048.0,393.0,0.001953125,50.90172905899817,20.28790356501122,1.2279751010064501,77.71409206601675,150.23233263700968,0.0006743947766332026,0.1860803776279695,0.011141965486000379,0.04268000036577144,,,,
haotian_3b_dvao_s1_save10,3b,dvao,1,36,,,,,445150,472730,27580,452906,452907,452906.5,0.1507694572210312,0.001,0.15678612217307092,0.012433652822316314,0.0008240533323260024,8.35763481821535e-05,1.4401995837688446,0.3998078748408145,1e-06,2.7713727951049805,4.0,-3.0,0.943359375,1.0,0.0,1.82801353931427,3.0,-3.0,0.0,0.0,0.0,2.75370717048645,4.001606464385986,-3.029265880584717,0.003302857978269458,0.22811152040958405,1.732050895690918,-1.7320510149002075,0.003302857978269458,1.732050895690918,-1.7320510149002075,126.1396484375,1024.0,43.0,0.0009765625,758.443359375,2048.0,393.0,0.00390625,56.11360232401057,20.479993982997257,1.4355564930010587,78.52788641498773,156.65672128199367,0.0007924132756987693,0.21721338392937273,0.011304758257497551,0.043346632480979926,,,,
haotian_3b_dvao_s1_save10,3b,dvao,1,37,,,,,436916,464982,28066,453451,453452,453451.5,0.1474897861480713,0.001,0.14656792161986232,0.03138564227265306,0.0008811578718450619,0.0001966107047337573,1.5302108228206635,0.40172363061776317,1e-06,2.669386386871338,4.0,-3.0,0.9404296875,1.0,0.0,1.728956699371338,3.0,-3.0,0.0,0.0,0.0,2.651475667953491,4.000748157501221,-3.0436038970947266,-0.0033020603004842997,0.2226262241601944,1.732050895690918,-1.7320520877838135,-0.0033020603004842997,1.732050895690918,-1.7320520877838135,129.9013671875,1024.0,45.0,0.00048828125,755.74609375,2048.0,389.0,0.005859375,57.85599607700715,20.375128662999487,1.78586188601912,78.21834460398532,158.3340437830193,0.0009845936588693167,0.21747267712509924,0.011233356082734033,0.043123875763993125,,,,
haotian_3b_dvao_s1_save10,3b,dvao,1,38,,,,,456755,491137,34382,471018,471019,471018.5,0.14460210502147675,0.001,0.1547729601011132,0.04383124624181426,0.0004966309855014763,0.000190247926019021,37.121338337659836,0.40188258964120577,1e-06,2.8924269676208496,4.0,-3.0,0.94140625,1.0,0.0,1.9510207176208496,3.0,-3.0,0.0,0.0,0.0,2.8810300827026367,14.236944198608398,-3.0344340801239014,-0.019082922488451004,0.2481534630060196,1.7320513725280762,-1.7320512533187866,-0.019082922488451004,1.7320513725280762,-1.7320512533187866,134.9306640625,1024.0,42.0,0.001953125,785.02734375,2048.0,413.0,0.009765625,57.5687096019974,21.02208826999413,1.3383743849990424,81.43565684900386,161.4675649429846,0.000710361899266718,0.20832715588155593,0.011157782693245662,0.043223173213474554,,,,
haotian_3b_dvao_s1_save10,3b,dvao,1,39,,,,,447391,476315,28924,464845,464846,464845.25,0.1597995012998581,0.001,0.15537173813208938,-0.016726338217267767,0.000598766752773372,1.8751263610283786e-05,1.685037225484848,0.40981680665537856,1e-06,2.6301651000976562,4.0,-3.0,0.94189453125,1.0,0.0,1.6882704496383667,3.0,-3.0,0.0,0.0,0.0,2.6105737686157227,4.001040935516357,-3.0425548553466797,-0.007814117707312107,0.2567540407180786,1.732051134109497,-1.7320513725280762,-0.007814117707312107,1.732051134109497,-1.7320513725280762,130.30322265625,1024.0,23.0,0.00048828125,777.59765625,2048.0,420.0,0.0078125,54.353471598005854,21.398615401994903,1.2253407660173252,78.66863850099617,155.75433617900126,0.0006590046719942418,0.20367708881404872,0.011508461903179017,0.042309047204954854,,,,
haotian_3b_dvao_s1_save10,3b,dvao,1,40,2.6990998603403566,0.975,1.7240998595021666,0.0,449108,454565,5457,451957,451957,451957.0,0.158009335398674,0.001,0.13907299687465033,-0.0389032697925965,0.0008598725292055557,0.0004459251819450098,1.5506082475185394,0.4118461042055968,1e-06,2.788329839706421,4.0,-3.0,0.9423828125,1.0,0.0,1.845947027206421,3.0,-3.0,0.0,0.0,0.0,2.769416093826294,4.000292778015137,-3.036522388458252,-0.0100761903449893,0.2657538950443268,1.7320516109466553,-1.7320512533187866,-0.0100761903449893,1.7320516109466553,-1.7320512533187866,129.357421875,1024.0,43.0,0.0009765625,753.37109375,2048.0,422.0,0.00390625,57.07393450898235,20.603567678976106,1.1950963429990225,76.4177053500025,197.76529336499516,0.0006610675036557806,0.21543512293707762,0.011396862798328218,0.04227045125421362,16.04944185601198,26.32649117897381,,
haotian_3b_dvao_s1_save10,3b,dvao,1,41,,,,,439443,458515,19072,447092,447092,447092.0,0.1552029848098755,0.001,0.13484274403702828,-0.00925512373026821,0.0006531941171194757,-4.849957997888147e-05,1.5579113960266113,0.41096344999489576,1e-06,2.8826792240142822,4.0,-3.0,0.951171875,1.0,0.0,1.9315073490142822,3.0,-3.0,0.0,0.0,0.0,2.8644862174987793,3.9997947216033936,-3.0420377254486084,-0.003360903589054942,0.22268074750900269,1.7320520877838135,-1.7320513725280762,-0.003360903589054942,1.7320520877838135,-1.7320513725280762,124.49609375,1024.0,24.0,0.00048828125,748.73046875,2048.0,424.0,0.00390625,55.17602569400333,20.5683823430154,1.3798684579960536,75.4413621990243,152.65555268499884,0.0007715797073063562,0.21640372789527834,0.011501202405218278,0.042184473329328356,,,,
haotian_3b_dvao_s1_save10,3b,dvao,1,42,,,,,457415,468321,10906,463939,463940,463939.75,0.1604202836751938,0.001,0.13236063113436103,0.014302595285698771,0.0006436011517507723,-3.1763761398906354e-05,1.4420394450426102,0.4144987573670909,1e-06,2.7271015644073486,4.0,-3.0,0.9609375,1.0,0.0,1.7661638259887695,3.0,-3.0,0.0,0.0,0.0,2.7077481746673584,4.001199245452881,-3.04182767868042,-0.0018450482748448849,0.23554237186908722,1.7320510149002075,-1.7320513725280762,-0.0018450482748448849,1.7320510149002075,-1.7320513725280762,133.08740234375,1024.0,38.0,0.00244140625,773.044921875,2048.0,399.0,0.001953125,59.954626022983575,20.96720092999749,1.1965362319897395,77.70674429298379,159.9264558730065,0.0006447691925458744,0.21996612167823063,0.011298450353735312,0.041873295127753,,,,
haotian_3b_dvao_s1_save10,3b,dvao,1,43,,,,,456871,465460,8589,460909,460910,460909.75,0.16024145483970642,0.001,0.12993724085390568,-0.03513758321059868,0.000770886562349915,1.931067151872412e-05,1.641118347644806,0.4097778383664795,1e-06,2.7896945476531982,4.0,-3.0,0.93798828125,1.0,0.0,1.8517065048217773,3.0,-3.0,0.0,0.0,0.0,2.769798755645752,4.000272274017334,-3.0460453033447266,0.004379711579531431,0.20835238695144653,1.732051968574524,-1.7320512533187866,0.004379711579531431,1.732051968574524,-1.7320512533187866,134.92333984375,1024.0,35.0,0.0009765625,765.291015625,2048.0,399.0,0.0078125,59.14085757601424,21.445749164005974,1.1984965070150793,78.06915987000684,159.94453395198798,0.0006500711402910652,0.21402799468742828,0.011632293070392834,0.042345144504974584,,,,
haotian_3b_dvao_s1_save10,3b,dvao,1,44,,,,,445703,476358,30655,459644,459645,459644.5,0.15801334381103516,0.001,0.16837809886783361,-0.019886076537659392,0.0009119747355725849,0.0003430872830278986,1.6147466003894806,0.4128374999723094,1e-06,2.7660207748413086,4.0,-3.0,0.9482421875,1.0,0.0,1.8177787065505981,3.0,-3.0,0.0,0.0,0.0,2.7472896575927734,3.9993879795074463,-3.035992383956909,-0.006250271573662758,0.2553423345088959,1.7320525646209717,-1.732050895690918,-0.006250271573662758,1.7320525646209717,-1.732050895690918,130.6103515625,1024.0,31.0,0.001953125,767.1328125,2048.0,413.0,0.001953125,63.74856756700319,20.787000112002715,1.4117171940160915,77.44594324400532,163.4922955959919,0.0007678310052747784,0.2383213113275382,0.011306020256960932,0.042122740098056936,,,,
haotian_3b_dvao_s1_save10,3b,dvao,1,45,,,,,440726,464353,23627,453989,453990,453989.25,0.1683478057384491,0.001,0.10751388669013977,-0.024801875601648742,0.0004608535673469305,0.00020585594162791191,418991.80760774016,0.41190462353671803,1e-06,2.7579572200775146,4.0,-3.0,0.94970703125,1.0,0.0,1.808249831199646,3.0,-3.0,0.0,0.0,0.0,2.738049268722534,3.9996955394744873,-3.0378897190093994,-0.008841861970722675,0.226263165473938,1.7320512533187866,-1.7320520877838135,-0.008841861970722675,1.7320512533187866,-1.7320520877838135,125.26220703125,1024.0,36.0,0.00048828125,761.435546875,1917.0,425.0,0.0,64.51257672999054,20.653630073997192,1.6323719859938137,76.42789690199425,163.32313813798828,0.0008989045368330933,0.251474745280371,0.011373413618272455,0.042086842861364146,,,,
haotian_3b_dvao_s1_save10,3b,dvao,1,46,,,,,451755,480343,28588,463188,463189,463188.25,0.1612042486667633,0.001,0.13063385640271008,0.0004916932084597647,0.0006805188095313497,0.00028615714177249174,1.305503636598587,0.409176939921165,1e-06,2.8981375694274902,4.0,-3.0,0.939453125,1.0,0.0,1.9586844444274902,3.0,-3.0,0.0,0.0,0.0,2.879162549972534,4.003101348876953,-3.0223424434661865,-0.004658421501517296,0.1857331097126007,1.732050895690918,-1.7320526838302612,-0.004658421501517296,1.732050895690918,-1.7320526838302612,129.58642578125,1024.0,40.0,0.0009765625,775.078125,2048.0,399.0,0.005859375,61.31511264201254,20.857321856019553,1.19753835699521,78.56295627099462,162.03895544301486,0.0006463561829316752,0.2310351540621363,0.011257475689430568,0.04240336206229034,,,,
haotian_3b_dvao_s1_save10,3b,dvao,1,47,,,,,437180,471334,34154,452736,452737,452736.75,0.1644820123910904,0.001,0.11608298795838509,-0.011963591075337102,0.0005945456270579129,-1.1336897812490801e-06,1.426445096731186,0.4120970015645136,1e-06,2.874990701675415,4.0,-3.0,0.95849609375,1.0,0.0,1.9164948463439941,3.0,-3.0,0.0,0.0,0.0,2.855025053024292,3.9998719692230225,-3.042963981628418,-0.011695497669279575,0.19191700220108032,1.7320513725280762,-1.7320518493652344,-0.011695497669279575,1.7320513725280762,-1.7320518493652344,126.69287109375,942.0,42.0,0.0,757.55859375,2048.0,389.0,0.001953125,53.730520509998314,20.774542046012357,1.3988601920136716,76.27591122701415,152.27891072499915,0.0007724467872409693,0.20708036285923956,0.011471645523591997,0.04211935038795401,,,,
haotian_3b_dvao_s1_save10,3b,dvao,1,48,,,,,429912,469070,39158,457140,457140,457140.0,0.16376028954982758,0.001,0.123391168192029,-0.017077583164791577,0.00039292645851674024,0.00021518460593483724,1.3701410591602325,0.4082678305099144,1e-06,2.8440427780151367,4.0,-3.0,0.94677734375,1.0,0.0,1.8972654342651367,3.0,-3.0,0.0,0.0,0.0,2.8250155448913574,4.000997066497803,-3.0183048248291016,-0.00040101169724948704,0.17870156466960907,1.7320512533187866,-1.732051134109497,-0.00040101169724948704,1.7320512533187866,-1.732051134109497,126.2109375,1024.0,45.0,0.00244140625,766.640625,2048.0,416.0,0.00390625,58.84708550898358,20.447544847003883,1.634278852987336,77.7659065540065,158.80102807699586,0.0008937518336764098,0.22766591422540847,0.011182320977711359,0.04252849594982199,,,,
haotian_3b_dvao_s1_save10,3b,dvao,1,49,,,,,455033,478191,23158,464719,464720,464719.25,0.16374562680721283,0.001,0.1216560541652143,0.0041339439048897475,0.000612442914643907,-2.3627904489842422e-05,1.4586406350135803,0.4067132336163056,1e-06,2.835773229598999,4.0,-3.0,0.9599609375,1.0,0.0,1.8758125305175781,3.0,-3.0,0.0,0.0,0.0,2.815762519836426,4.002984523773193,-3.0723721981048584,-0.0011480078101158142,0.21866029500961304,1.7320520877838135,-1.7320526838302612,-0.0011480078101158142,1.7320520877838135,-1.7320526838302612,131.06494140625,1024.0,27.0,0.00048828125,776.58984375,2048.0,402.0,0.009765625,55.61060591301066,20.96186828901409,1.2226869970036205,79.27459422798711,157.1644604630128,0.0006577557294020101,0.20717680774980593,0.011276630077737307,0.042646497981301136,,,,
haotian_3b_dvao_s1_save10,3b,dvao,1,50,2.6828498600050805,0.975,1.7078498586080968,0.0,458350,464880,6530,460999,460999,460999.0,0.1563079059123993,0.001,0.11971479700878263,0.05340380185225513,0.0005595270731646451,0.00015857146897957364,9.302938044071198,0.4079877637775488,1e-06,2.8274810314178467,4.0,-3.0,0.95556640625,1.0,0.0,1.8719143867492676,3.0,-3.0,0.0,0.0,0.0,2.81663179397583,18.272279739379883,-3.0478053092956543,-0.009058857336640358,0.20002108812332153,1.732051134109497,-1.7320510149002075,-0.009058857336640358,1.732051134109497,-1.7320510149002075,129.966796875,1024.0,25.0,0.00146484375,770.421875,2048.0,407.0,0.0078125,55.75203117800993,20.841018136998173,1.6946349419886246,78.43201799399685,196.78590635198634,0.0009190014197366071,0.20945866273691421,0.01130209508968467,0.04253372458183036,13.687530358001823,26.281779740995262,,
haotian_3b_dvao_s1_save10,3b,dvao,1,51,,,,,435636,469140,33504,456048,456049,456048.5,0.16639314591884613,0.001,0.12551304601853894,0.029738838679247325,0.0007284806061145519,0.00032074037435156626,1.3383854925632477,0.41014240496000365,1e-06,2.8570775985717773,4.0,-3.0,0.95654296875,1.0,0.0,1.9005346298217773,3.0,-3.0,0.0,0.0,0.0,2.837001085281372,3.998811960220337,-3.0499651432037354,-0.005345311015844345,0.17847247421741486,1.732050895690918,-1.7320525646209717,-0.005345311015844345,1.732050895690918,-1.7320525646209717,130.6962890625,1024.0,46.0,0.00048828125,760.0234375,2048.0,389.0,0.001953125,60.76244314998621,20.296093034005025,1.4217019619827624,77.31291400198825,159.90203052101424,0.0007793589727752435,0.2270084476548617,0.01112606062403726,0.04238195827965022,,,,
haotian_3b_dvao_s1_save10,3b,dvao,1,52,,,,,439227,464698,25471,454695,454696,454695.75,0.17204174399375916,0.001,0.12861119955778122,-0.0047217984233171705,0.0006654415215786186,0.0004019005237721778,1.6945900619029999,0.4161276585337115,1e-06,2.861166000366211,4.0,-3.0,0.95947265625,1.0,0.0,1.9016932249069214,3.0,-3.0,0.0,0.0,0.0,2.8405776023864746,3.998365879058838,-3.036752223968506,-0.007676511537283659,0.21939201653003693,1.732050895690918,-1.732053279876709,-0.007676511537283659,1.732050895690918,-1.732053279876709,126.53857421875,710.0,45.0,0.0,761.5390625,2048.0,399.0,0.001953125,54.17451784500736,20.827652252017288,1.2200298070092686,75.78495589300292,152.12459462299012,0.0006707945956220553,0.2090461462429524,0.011451422325817476,0.04166794823406801,,,,
haotian_3b_dvao_s1_save10,3b,dvao,1,53,,,,,445516,461561,16045,451600,451601,451600.75,0.1613321453332901,0.001,0.12258440184016381,0.004571815051378742,0.00039718003338953903,0.0003623779481248705,29.874675631523132,0.4082031994152842,1e-06,2.7865090370178223,4.0,-3.0,0.9541015625,1.0,0.0,1.8324072360992432,3.0,-3.0,0.0,0.0,0.0,2.777157783508301,21.89733123779297,-3.052844762802124,-0.011536083184182644,0.17674411833286285,1.7320514917373657,-1.7320514917373657,-0.011536083184182644,1.7320514917373657,-1.7320514917373657,129.89208984375,1024.0,42.0,0.0029296875,752.140625,2048.0,413.0,0.00390625,57.09858653097763,20.431133956997655,1.2208253180142492,76.66628912099986,155.52836304999073,0.0006758322024566219,0.21464100884138962,0.01131039638275493,0.04244140932062218,,,,
haotian_3b_dvao_s1_save10,3b,dvao,1,54,,,,,443897,476351,32454,464536,464536,464536.0,0.17320343852043152,0.001,0.13991553685627878,-0.026960798335494474,0.0006418734237740864,0.00014030309978352307,1.7064764201641083,0.4121169827369631,1e-06,2.7775015830993652,4.0,-3.0,0.94384765625,1.0,0.0,1.8336536884307861,3.0,-3.0,0.0,0.0,0.0,2.7564427852630615,3.9994444847106934,-3.0293848514556885,-0.013101326301693916,0.2092486023902893,1.7320513725280762,-1.7320513725280762,-0.013101326301693916,1.7320513725280762,-1.7320513725280762,131.8203125,1024.0,40.0,0.00048828125,775.4765625,2047.0,418.0,0.0,58.05532142397715,20.871417567017488,1.2444689249969088,78.3735614939942,158.6616108690214,0.000669737611830358,0.21504519581571574,0.011232400485117132,0.04217841108869614,,,,
haotian_3b_dvao_s1_save10,3b,dvao,1,55,,,,,446728,479956,33228,461652,461653,461652.75,0.15842628479003906,0.001,0.1556288436986506,0.04474431474955054,0.0007168764295784058,0.00040291294203598227,2648.223482221365,0.40138795441332337,1e-06,2.838066816329956,4.0,-3.0,0.9443359375,1.0,0.0,1.893730878829956,3.0,-3.0,0.0,0.0,0.0,2.8299996852874756,28.715484619140625,-3.0300443172454834,-0.018368173390626907,0.19286662340164185,1.7320512533187866,-1.7320537567138672,-0.018368173390626907,1.7320512533187866,-1.7320537567138672,131.81591796875,1024.0,44.0,0.00244140625,769.849609375,2048.0,402.0,0.009765625,59.3719503780012,20.852672748005716,1.2632008549990132,79.86564334199647,161.46392543698312,0.0006840644050095083,0.21992950921436663,0.011292401457592159,0.04324984706686816,,,,
haotian_3b_dvao_s1_save10,3b,dvao,1,56,,,,,447010,474780,27770,457635,457636,457635.5,0.1669970452785492,0.001,0.11717055656481534,-0.012095695055904798,0.0009071765243788832,0.014965027457478186,1.3693456947803497,0.4029202628412892,1e-06,2.8973467350006104,4.0,-3.0,0.9482421875,1.0,0.0,1.9491043090820312,3.0,-3.0,0.0,0.0,0.0,2.888523578643799,23.675756454467773,-3.040024995803833,-0.01006375439465046,0.2177886813879013,1.732052206993103,-1.732051134109497,-0.01006375439465046,1.732052206993103,-1.732051134109497,130.8173828125,1024.0,44.0,0.0009765625,763.001953125,2048.0,399.0,0.009765625,57.435433969978476,20.3681607870094,1.2863027160055935,78.759327207983,158.16332312999293,0.0007026895400409242,0.2143801144023025,0.011126847014168155,0.04302514075502392,,,,
haotian_3b_dvao_s1_save10,3b,dvao,1,57,,,,,452571,481392,28821,464506,464507,464506.75,0.15838810801506042,0.001,0.1294303418835625,0.02260587315322482,0.0005937173918937333,5.99166953634267e-05,56.51720327138901,0.4064753968231322,1e-06,2.7380008697509766,4.0,-3.0,0.94384765625,1.0,0.0,1.7941534519195557,3.0,-3.0,0.0,0.0,0.0,2.7332561016082764,35.12010192871094,-3.0437848567962646,-0.009615370072424412,0.2361876517534256,1.7320524454116821,-1.7320513725280762,-0.009615370072424412,1.7320524454116821,-1.7320513725280762,129.91748046875,1024.0,43.0,0.001953125,777.322265625,2048.0,416.0,0.005859375,56.200077468995005,20.772596177994274,1.2705830199993216,79.35028465799405,157.6937549909926,0.0006838345298530762,0.21122210789223556,0.011179921593170753,0.042706744658712735,,,,
haotian_3b_dvao_s1_save10,3b,dvao,1,58,,,,,448456,477305,28849,465342,465342,465342.0,0.1745183765888214,0.001,0.11279743630439043,-0.03543613717192784,0.000790236525972432,0.0004550664397129367,1.414486140012741,0.4140940415768017,1e-06,2.949315309524536,4.0,-3.0,0.95751953125,1.0,0.0,1.9917957782745361,3.0,-3.0,0.0,0.0,0.0,2.9279913902282715,4.001319408416748,-3.0507216453552246,-0.011660422198474407,0.20605584979057312,1.732050895690918,-1.7320520877838135,-0.011660422198474407,1.732050895690918,-1.7320520877838135,130.23046875,904.0,26.0,0.0,778.640625,2048.0,389.0,0.005859375,55.23472951698932,20.911328514979687,1.436010494013317,77.95983862300636,155.64623429099447,0.0007714812406860529,0.20709502953368922,0.011234387028776516,0.04188308739755189,,,,
haotian_3b_dvao_s1_save10,3b,dvao,1,59,,,,,443315,466781,23466,453027,453027,453027.0,0.1820525974035263,0.001,0.10961032076738775,-0.0003625827739597298,0.00045897948712081416,0.0002735879432407273,1.5095301270484924,0.40404341998794474,1e-06,2.903376579284668,4.0,-3.0,0.95849609375,1.0,0.0,1.944880485534668,3.0,-3.0,0.0,0.0,0.0,2.8820087909698486,3.9986178874969482,-3.0593321323394775,-0.007530643604695797,0.16434144973754883,1.7320510149002075,-1.7320520877838135,-0.007530643604695797,1.7320510149002075,-1.7320520877838135,122.58203125,555.0,44.0,0.0,762.236328125,2048.0,407.0,0.0078125,47.66863492401899,20.242697725974722,1.225483677990269,77.81549695497961,147.05059468300897,0.0006762751877869691,0.18987856873593492,0.011170800926862373,0.042941975287885494,,,,
haotian_3b_dvao_s1_save10,3b,dvao,1,60,2.658394729346037,0.975,1.6833947292529046,0.0,443882,487523,43641,460728,460729,460728.75,0.1898527592420578,0.001,0.08928193140309304,0.008512391068506986,0.00034068268450937467,9.075800323898875e-05,1.3853950202465057,0.4085146324160303,1e-06,2.9383020401000977,4.0,-3.0,0.95849609375,1.0,0.0,1.979805827140808,3.0,-3.0,0.0,0.0,0.0,2.9161229133605957,4.000119686126709,-3.0547242164611816,-0.006655604112893343,0.18795065581798553,1.7320513725280762,-1.7320513725280762,-0.006655604112893343,1.7320513725280762,-1.7320513725280762,125.65966796875,1024.0,38.0,0.0009765625,774.201171875,2048.0,414.0,0.005859375,57.99675451099756,20.85933547798777,1.261044924001908,78.37029818698647,197.38223229401046,0.0006842664604726251,0.22536051739063598,0.011318663898219814,0.042525183303075004,12.879233569983626,25.911718374001794,,
haotian_3b_dvao_s1_save10,3b,dvao,1,61,,,,,453241,471225,17984,460242,460243,460242.5,0.18822193145751953,0.001,0.10898480808828026,0.014231209817808121,0.0003619884191721212,-9.764671182210805e-05,2.6007513105869293,0.41358971056638766,1e-06,2.8849122524261475,4.0,-3.0,0.96533203125,1.0,0.0,1.9195805788040161,3.0,-3.0,0.0,0.0,0.0,2.8630290031433105,3.9991936683654785,-3.0472514629364014,0.0018530592788010836,0.17610430717468262,1.7320536375045776,-1.7320517301559448,0.0018530592788010836,1.7320536375045776,-1.7320517301559448,123.0576171875,910.0,42.0,0.0,775.853515625,2048.0,399.0,0.005859375,54.133808747981675,20.636724599986337,1.516258151998045,77.19833291901159,153.5986710290017,0.0008236191529454825,0.21479794917896722,0.011209701733317945,0.04193350946458203,,,,
haotian_3b_dvao_s1_save10,3b,dvao,1,62,,,,,435593,460340,24747,449291,449292,449291.5,0.18909867107868195,0.001,0.09674551337957382,0.02181072989779134,0.0006920752949231575,0.0008613175124346819,1.527486503124237,0.4044249720966564,1e-06,2.8594841957092285,4.0,-3.0,0.947265625,1.0,0.0,1.9122188091278076,3.0,-3.0,0.0,0.0,0.0,2.836916923522949,3.9977381229400635,-3.02970814704895,-0.004690926056355238,0.19816330075263977,1.732050895690918,-1.7320513725280762,-0.004690926056355238,1.732050895690918,-1.7320513725280762,127.4169921875,829.0,37.0,0.0,750.10546875,2048.0,402.0,0.00390625,51.11460429200088,20.302103068999713,1.2156003979907837,76.95181576098548,149.68250123702455,0.0006763985063098143,0.19587892045219726,0.011296732226739051,0.04281842398586746,,,,
haotian_3b_dvao_s1_save10,3b,dvao,1,63,,,,,440457,468813,28356,453839,453840,453839.25,0.1902642846107483,0.001,0.12122778642562128,0.038018946806269306,0.0006627877742322462,4.357529448292729e-05,1.489963710308075,0.40478433184722284,1e-06,2.7343239784240723,4.0,-3.0,0.958984375,1.0,0.0,1.7753396034240723,3.0,-3.0,0.0,0.0,0.0,2.711355447769165,3.9980525970458984,-3.035569667816162,-0.012494157999753952,0.19576136767864227,1.7320512533187866,-1.7320526838302612,-0.012494157999753952,1.7320512533187866,-1.7320526838302612,127.18212890625,1024.0,42.0,0.00048828125,759.22265625,2048.0,418.0,0.001953125,57.71356072399067,20.41239351098193,1.5736397719883826,77.74450184899615,157.55042644101195,0.0008668486540049052,0.2215755453585289,0.01124428611616444,0.04282601265150389,,,,
haotian_3b_dvao_s1_save10,3b,dvao,1,64,,,,,449900,469725,19825,459783,459784,459783.25,0.1921759396791458,0.001,0.0930940838297829,0.0008135533425956964,0.0003849555459964904,0.00046353935584875217,1.1526117026805878,0.4126743644631742,1e-06,2.803253173828125,4.0,-3.0,0.94775390625,1.0,0.0,1.8554993867874146,3.0,-3.0,0.0,0.0,0.0,2.780991315841675,3.999424457550049,-3.032031297683716,0.0032558096572756767,0.13605967164039612,1.732051134109497,-1.732051134109497,0.0032558096572756767,1.732051134109497,-1.732051134109497,123.42236328125,543.0,44.0,0.0,774.591796875,2048.0,422.0,0.005859375,48.63972348198877,20.679677445994457,1.2300429530150723,77.25620120199164,147.9214989389875,0.0006688167484434635,0.1924275662046721,0.011244253376995823,0.04200685932012076,,,,
haotian_3b_dvao_s1_save10,3b,dvao,1,65,,,,,456300,489301,33001,467447,467447,467447.0,0.19918029010295868,0.001,0.09160392859485,0.021453991834277986,0.0004821877910217154,2.182930577987463e-05,1.665965884923935,0.41234927722292936,1e-06,2.827155590057373,4.0,-3.0,0.96435546875,1.0,0.0,1.8628000020980835,3.0,-3.0,0.0,0.0,0.0,2.803483247756958,3.9991819858551025,-3.0421783924102783,-0.010771430097520351,0.2043759673833847,1.732051134109497,-1.7320513725280762,-0.010771430097520351,1.732051134109497,-1.7320513725280762,128.248046875,1024.0,40.0,0.00048828125,784.734375,2048.0,418.0,0.0078125,54.72986560399295,20.894232571008615,1.2831556930032093,78.81746920000296,155.82046202098718,0.0006862573152695436,0.2083740676027327,0.011174653260695125,0.04215315811204423,,,,
haotian_3b_dvao_s1_save10,3b,dvao,1,66,,,,,431927,457969,26042,447213,447213,447213.0,0.1989014446735382,0.001,0.08785610273480415,0.018755240606204156,0.0005342842327551015,0.0004499739584242625,1.3758662939071655,0.41765215201520806,1e-06,2.9325475692749023,4.0,-3.0,0.9580078125,1.0,0.0,1.9745399951934814,3.0,-3.0,0.0,0.0,0.0,2.9098212718963623,3.9995689392089844,-3.0482141971588135,-0.008754746988415718,0.1454317271709442,1.7320514917373657,-1.7320514917373657,-0.008754746988415718,1.7320514917373657,-1.7320514917373657,120.55859375,527.0,44.0,0.0,752.904296875,2048.0,393.0,0.001953125,46.38383151599555,20.15854931398644,1.207606299984036,74.35138169699349,142.21551943497616,0.0006750733431184,0.18786180667788108,0.011268986654002925,0.04156374126925731,,,,
haotian_3b_dvao_s1_save10,3b,dvao,1,67,,,,,438599,457235,18636,444979,444980,444979.75,0.19987665116786957,0.001,0.08620882617930571,-0.005097384238615632,0.0007003467190467443,0.0002577864185392779,1.3581868410110474,0.410306239528195,1e-06,2.976083278656006,4.0,-3.0,0.97998046875,1.0,0.0,1.9961028099060059,3.0,-3.0,0.0,0.0,0.0,2.9531235694885254,3.999629497528076,-3.0390849113464355,-0.009912037290632725,0.15153174102306366,1.7320512533187866,-1.7320514917373657,-0.009912037290632725,1.7320512533187866,-1.7320514917373657,120.91162109375,1024.0,43.0,0.00048828125,748.189453125,2048.0,418.0,0.001953125,54.572157897026045,20.07046338400687,1.19831122100004,75.16070318999118,151.0997640400019,0.0006732391872888822,0.22038048313401223,0.011276054350791733,0.042227035719036195,,,,
haotian_3b_dvao_s1_save10,3b,dvao,1,68,,,,,438856,468973,30117,453844,453845,453844.75,0.19457954168319702,0.001,0.07684602623339742,-0.017916833792696707,0.0005560601148317801,0.00021039442071923986,91.46842256188393,0.41664226378909675,1e-06,2.9631385803222656,4.0,-3.0,0.96435546875,1.0,0.0,1.998782992362976,3.0,-3.0,0.0,0.0,0.0,2.954479694366455,30.441059112548828,-3.0392398834228516,0.005470691714435816,0.15402851998806,1.732050895690918,-1.732051134109497,0.005470691714435816,1.732050895690918,-1.732051134109497,122.08544921875,1024.0,39.0,0.00048828125,764.330078125,2048.0,414.0,0.001953125,52.651699585985625,20.365280020982027,1.4461426060006488,75.66259575000731,150.22882805400877,0.0007966064419609618,0.21058068633883648,0.01121819742377874,0.041678677427692684,,,,
haotian_3b_dvao_s1_save10,3b,dvao,1,69,,,,,442422,496047,53625,469613,469613,469613.0,0.20476947724819183,0.001,0.0775192539440468,0.013621245219837874,0.0005234197633399162,0.0004996764746891813,1.4334467053413391,0.41118273403769023,1e-06,2.8147494792938232,4.0,-3.0,0.95849609375,1.0,0.0,1.8562535047531128,3.0,-3.0,0.0,0.0,0.0,2.7902700901031494,4.000341892242432,-3.026540994644165,-0.0025248192250728607,0.16254204511642456,1.7320525646209717,-1.7320513725280762,-0.0025248192250728607,1.7320525646209717,-1.7320513725280762,128.109375,1024.0,28.0,0.00048828125,789.103515625,2048.0,399.0,0.009765625,56.44752853299724,21.190127231006045,1.2655287869856693,79.33698336701491,158.3379671050061,0.0006737083444163967,0.2151463918351218,0.011280632792856056,0.04223529979313547,,,,
haotian_3b_dvao_s1_save10,3b,dvao,1,70,2.677144729346037,0.975,1.7021447292529046,0.0,441326,461956,20630,451950,451951,451950.75,0.2019408941268921,0.001,0.07798284688784231,0.005120618711976755,0.0003516033166013057,0.0004211192956004637,1.2152788937091827,0.41760929341050085,1e-06,2.863790512084961,4.0,-3.0,0.9404296875,1.0,0.0,1.9233609437942505,3.0,-3.0,0.0,0.0,0.0,2.8401107788085938,3.9978106021881104,-3.049084424972534,-0.0014566874597221613,0.1340312659740448,1.732050895690918,-1.7320513725280762,-0.0014566874597221613,1.732050895690918,-1.7320513725280762,124.70458984375,787.0,32.0,0.0,758.01171875,2048.0,389.0,0.005859375,52.120033760991646,20.82431716201245,1.2455136720091105,75.39189079700736,191.47322965500643,0.0006889653751039856,0.20407617126800306,0.011519129662918166,0.041703598675855366,13.835777671978576,27.947096082003554,,
haotian_3b_dvao_s1_save10,3b,dvao,1,71,,,,,448721,460680,11959,454224,454225,454224.75,0.2060091197490692,0.001,0.08210019983591572,-0.008592173374528366,0.0004947040691941736,0.00022008363486102393,1.6857808828353882,0.4113479379157863,1e-06,2.914642572402954,4.0,-3.0,0.95556640625,1.0,0.0,1.959076166152954,3.0,-3.0,0.0,0.0,0.0,2.8903017044067383,3.996710777282715,-3.0401928424835205,-0.00021509910584427416,0.15444622933864594,1.732050895690918,-1.732051134109497,-0.00021509910584427416,1.732050895690918,-1.732051134109497,126.14013671875,516.0,40.0,0.0,761.017578125,2048.0,389.0,0.00390625,52.015078702010214,20.356393947004108,1.2827089299971703,76.67519548197743,150.4307645810186,0.000705988021346905,0.20134739273427996,0.011203921597735542,0.04220113252413999,,,,
haotian_3b_dvao_s1_save10,3b,dvao,1,72,,,,,441078,465727,24649,449070,449071,449070.5,0.18982812762260437,0.001,0.06854642927646637,-0.01896058945285697,0.0003836800948896956,8.120915155755469e-05,191.4405901134014,0.41439782877592646,1e-06,2.981025218963623,4.0,-3.0,0.96337890625,1.0,0.0,2.017646551132202,3.0,-3.0,0.0,0.0,0.0,2.970837116241455,31.351123809814453,-3.0708534717559814,-0.006413792259991169,0.14971604943275452,1.7320510149002075,-1.732050895690918,-0.006413792259991169,1.7320510149002075,-1.732050895690918,124.6923828125,1024.0,30.0,0.00048828125,752.3984375,2048.0,399.0,0.005859375,46.44632215099409,20.520993180020014,1.5143779900099616,75.1459009340033,143.71894518402405,0.0008430624979874884,0.18187853761598502,0.011424148981073136,0.041834133467909436,,,,
haotian_3b_dvao_s1_save10,3b,dvao,1,73,,,,,439540,466447,26907,456777,456778,456777.5,0.18749457597732544,0.001,0.07326795975677669,0.03723936865571886,0.0005121987205711775,0.0003373404473308028,1311.32501912117,0.40857494461164034,1e-06,2.876474142074585,4.0,-3.0,0.96044921875,1.0,0.0,1.916024923324585,3.0,-3.0,0.0,0.0,0.0,2.8694424629211426,34.737003326416016,-3.0377800464630127,-0.008713954128324986,0.1522972136735916,1.732051134109497,-1.7320553064346313,-0.008713954128324986,1.732051134109497,-1.7320553064346313,125.0107421875,1024.0,43.0,0.00048828125,767.1328125,2048.0,423.0,0.00390625,45.37218781298725,20.44302158401115,1.2639697550039273,77.47028602700448,144.64836193600786,0.0006917863483883988,0.17721987881114612,0.0111887196632995,0.04240044990559106,,,,
haotian_3b_dvao_s1_save10,3b,dvao,1,74,,,,,449243,491397,42154,464046,464047,464046.25,0.20419439673423767,0.001,0.08224158838856965,0.01108645138447173,0.0004079738246218767,0.00021062677865302248,1.5176709592342377,0.412782008794485,1e-06,2.8603434562683105,4.0,-3.0,0.96484375,1.0,0.0,1.8954999446868896,3.0,-3.0,0.0,0.0,0.0,2.836184024810791,3.9992117881774902,-3.057187795639038,-0.008316396735608578,0.1637270152568817,1.732051134109497,-1.7320513725280762,-0.008316396735608578,1.732051134109497,-1.7320513725280762,126.45556640625,1024.0,43.0,0.00048828125,779.884765625,2048.0,426.0,0.0078125,55.08377513397136,21.14884624199476,1.2256663140142336,78.0479093560134,155.60235580100561,0.0006603147391096436,0.21269427152559978,0.011393716812707117,0.042047484144098465,,,,
haotian_3b_dvao_s1_save10,3b,dvao,1,75,,,,,429579,464649,35070,445234,445235,445234.25,0.21193987131118774,0.001,0.06658199693887465,-0.004102771260565327,0.0006584667341573344,0.0003631508790872871,1.5791650414466858,0.40906359679377663,1e-06,2.873474597930908,4.0,-3.0,0.96435546875,1.0,0.0,1.9091191291809082,3.0,-3.0,0.0,0.0,0.0,2.8485183715820312,3.996600866317749,-3.0464537143707275,-0.0007685137679800391,0.14885181188583374,1.7320510149002075,-1.7320525646209717,-0.0007685137679800391,1.7320510149002075,-1.7320525646209717,125.10205078125,550.0,45.0,0.0,744.49609375,2048.0,399.0,0.0078125,50.08776515198406,20.04108258301858,1.2374894179811236,75.85426249098964,147.3262135279947,0.000694853000404351,0.19549572869018675,0.011253111470545325,0.04259233341268649,,,,
haotian_3b_dvao_s1_save10,3b,dvao,1,76,,,,,435489,483641,48152,451805,451805,451805.0,0.21102802455425262,0.001,0.07379209709664186,0.01878158803253124,0.00046790583874098954,0.0003501923730558095,1.460059404373169,0.4167378651496662,1e-06,2.9170126914978027,4.0,-3.0,0.96728515625,1.0,0.0,1.9497276544570923,3.0,-3.0,0.0,0.0,0.0,2.8915786743164062,3.9989092350006104,-3.0253851413726807,-0.0012674074387177825,0.14790520071983337,1.732050895690918,-1.7320512533187866,-0.0012674074387177825,1.732050895690918,-1.7320512533187866,128.146484375,1024.0,44.0,0.00048828125,754.28515625,2048.0,421.0,0.00390625,60.45244763998198,20.636962485994445,1.2726788389845751,75.1875362790015,157.6629574369872,0.0007042190983856836,0.23034417871996304,0.011419175576849773,0.041603975320659084,,,,
haotian_3b_dvao_s1_save10,3b,dvao,1,77,,,,,442180,482636,40456,456251,456251,456251.0,0.2090291678905487,0.001,0.07644404334326585,-0.006017205181221167,0.0003106921765720472,0.00018300742764646807,1.3447811901569366,0.4114423002437408,1e-06,2.9708070755004883,4.0,-3.0,0.95654296875,1.0,0.0,2.0142643451690674,3.0,-3.0,0.0,0.0,0.0,2.9466805458068848,3.9973978996276855,-3.0262694358825684,0.0025258995592594147,0.12285691499710083,1.7320514917373657,-1.7320516109466553,0.0025258995592594147,1.7320514917373657,-1.7320516109466553,121.271484375,670.0,43.0,0.0,769.84375,2048.0,393.0,0.001953125,48.7738929479965,20.39096338499803,1.236623934993986,76.9738646990154,147.4889321619994,0.0006776006710089327,0.19638068700776481,0.011173106132916985,0.042177367665503965,,,,
haotian_3b_dvao_s1_save10,3b,dvao,1,78,,,,,440501,464172,23671,452988,452989,452988.75,0.21039843559265137,0.001,0.08447904259927812,0.02383803365932357,0.00048154061228307263,0.0005246427278888727,1.2829432040452957,0.4082326724089822,1e-06,3.0045413970947266,4.0,-3.0,0.97705078125,1.0,0.0,2.0274906158447266,3.0,-3.0,0.0,0.0,0.0,2.9799840450286865,3.997519016265869,-3.0645668506622314,-0.00023683591280132532,0.10974486172199249,1.7320510149002075,-1.7320525646209717,-0.00023683591280132532,1.7320510149002075,-1.7320525646209717,124.22412109375,640.0,40.0,0.0,760.51953125,2048.0,407.0,0.005859375,48.213112464000005,20.770129323005676,1.2265432140266057,77.03374964598333,147.34656287601683,0.0006769170393451304,0.1895087573414672,0.011462828449385154,0.04251416268394267,,,,
haotian_3b_dvao_s1_save10,3b,dvao,1,79,,,,,441343,471027,29684,459603,459604,459603.5,0.21022701263427734,0.001,0.07388199586421251,0.03895505979198788,0.0005910500149184372,0.00033052209460038284,2.9368318617343903,0.40915977667473263,1e-06,2.9123921394348145,4.0,-3.0,0.96435546875,1.0,0.0,1.9480366706848145,3.0,-3.0,0.0,0.0,0.0,2.8879692554473877,3.997751235961914,-3.0174546241760254,-0.001816609757952392,0.125662699341774,1.732050895690918,-1.7320553064346313,-0.001816609757952392,1.732050895690918,-1.7320553064346313,122.8818359375,539.0,40.0,0.0,774.78125,2048.0,414.0,0.00390625,51.618912204983644,20.749218735989416,1.2603989799972624,78.03408629697515,151.77365818899125,0.0006855903947626935,0.20511206381966146,0.011286477766155727,0.04244641647473047,,,,
haotian_3b_dvao_s1_save10,3b,dvao,1,80,2.7053498603403567,0.975,1.7303498595021665,0.0,445965,467816,21851,457308,457308,457308.0,0.19510270655155182,0.001,0.08025281748268753,-0.00021004097652621567,0.000601921281486284,0.0009931326330274715,266.90685895085335,0.4119045005910651,1e-06,2.7758448123931885,4.0,-3.0,0.9541015625,1.0,0.0,1.8217432498931885,3.0,-3.0,0.0,0.0,0.0,2.773953437805176,49.83987045288086,-3.043086051940918,-0.007000534329563379,0.1739215850830078,1.7320514917373657,-1.732051134109497,-0.007000534329563379,1.7320514917373657,-1.732051134109497,121.974609375,1024.0,39.0,0.00048828125,771.205078125,2048.0,418.0,0.009765625,61.97943868098082,21.032773245999124,1.2574527770048007,76.99956911301706,206.28069907799363,0.0006874211565317033,0.2481122747473252,0.011498144164326408,0.0420939329254119,18.738303800026188,26.152425575011875,,
haotian_3b_dvao_s1_save10,3b,dvao,1,81,,,,,416670,477420,60750,450869,450870,450869.75,0.21293354034423828,0.001,0.07053968024750551,-0.010717195198715975,0.0004238496835265929,0.0003761908563319594,1.2328562438488007,0.40356782452321593,1e-06,3.0140230655670166,4.0,-3.0,0.96923828125,1.0,0.0,2.0447847843170166,3.0,-3.0,0.0,0.0,0.0,2.9896368980407715,3.998012065887451,-3.0527610778808594,0.0010678808903321624,0.11570118367671967,1.732050895690918,-1.7320526838302612,0.0010678808903321624,1.732050895690918,-1.7320526838302612,119.12255859375,529.0,42.0,0.0,761.482421875,2048.0,399.0,0.001953125,50.67805413500173,20.336055593012134,1.4473304029961582,77.4948963180068,150.05979282900807,0.0008025213506761977,0.20772844298111487,0.011276014632281348,0.04296966935462337,,,,
haotian_3b_dvao_s1_save10,3b,dvao,1,82,,,,,427710,466753,39043,454240,454241,454240.5,0.20811359584331512,0.001,0.06728919259002132,-0.01865273033599219,0.0005353977246540448,0.00021378400431844527,1.6432119309902191,0.4110955896101544,1e-06,2.90716552734375,4.0,-3.0,0.96435546875,1.0,0.0,1.9428099393844604,3.0,-3.0,0.0,0.0,0.0,2.8827624320983887,4.003286838531494,-3.0444488525390625,0.0053138346411287785,0.11617352813482285,1.732050895690918,-1.7320526838302612,0.0053138346411287785,1.732050895690918,-1.7320526838302612,121.6259765625,481.0,25.0,0.0,765.5625,2048.0,389.0,0.00390625,50.671113716001855,20.434257687011268,1.403597519005416,76.54010076998384,149.1461700280197,0.0007724969036256212,0.20342492157855335,0.01124638692884676,0.04212531729886692,,,,
haotian_3b_dvao_s1_save10,3b,dvao,1,83,,,,,448351,462454,14103,452544,452545,452544.5,0.2127484232187271,0.001,0.06866362546720813,0.008128516533742509,0.0005846285738141066,0.00032666923130642727,1.2227353751659393,0.4103105198592499,1e-06,2.865107536315918,4.0,-3.0,0.9580078125,1.0,0.0,1.9070994853973389,3.0,-3.0,0.0,0.0,0.0,2.838987112045288,3.9960360527038574,-3.0329103469848633,-0.004081718157976866,0.13217653334140778,1.732050895690918,-1.7320524454116821,-0.004081718157976866,1.732050895690918,-1.7320524454116821,129.6513671875,430.0,25.0,0.0,754.224609375,2048.0,413.0,0.005859375,45.978659279004205,20.34669119300088,1.4663857219857164,76.4426073509967,144.33611191197997,0.0008100781923024787,0.1731606670495703,0.01124016046654024,0.04222933178449671,,,,
haotian_3b_dvao_s1_save10,3b,dvao,1,84,,,,,438342,477108,38766,453727,453727,453727.0,0.21606940031051636,0.001,0.06457166810287163,-0.006069976407161448,0.0005797774192615179,0.0003660046827462793,1.1717211157083511,0.4039034263343388,1e-06,2.947871685028076,4.0,-3.0,0.94970703125,1.0,0.0,1.9981645345687866,3.0,-3.0,0.0,0.0,0.0,2.922708511352539,3.998914957046509,-3.031614303588867,0.004813480656594038,0.11804955452680588,1.732050895690918,-1.7320528030395508,0.004813480656594038,1.732050895690918,-1.7320528030395508,124.33203125,554.0,43.0,0.0,761.853515625,2048.0,416.0,0.005859375,47.97560678998707,20.82813809000072,1.1847683849919122,77.84117614399293,147.92615184900933,0.0006527980398961888,0.18841153818053924,0.011476139886980895,0.04288987438701737,,,,
haotian_3b_dvao_s1_save10,3b,dvao,1,85,,,,,438950,465285,26335,457271,457272,457271.75,0.2192080318927765,0.001,0.07498049159203807,-0.011423195779864346,0.00023792311455303383,0.0003667976808144651,1.096904218196869,0.4057865075203769,1e-06,2.8917222023010254,4.0,-3.0,0.9580078125,1.0,0.0,1.9337143898010254,3.0,-3.0,0.0,0.0,0.0,2.8661203384399414,3.9982478618621826,-3.056093692779541,-0.005365790333598852,0.10202104598283768,1.732050895690918,-1.7320513725280762,-0.005365790333598852,1.732050895690918,-1.7320513725280762,124.54833984375,1024.0,20.0,0.00048828125,768.560546875,2048.0,393.0,0.005859375,54.51443458299036,20.80731844701222,1.2047853200056124,78.25667926299502,154.87872215500101,0.0006586812546399447,0.2137192378045295,0.011375794834806776,0.04278455823205513,,,,
haotian_3b_dvao_s1_save10,3b,dvao,1,86,,,,,460600,476733,16133,465443,465444,465443.5,0.19139587879180908,0.001,0.06597992940805852,0.005543076229514554,0.00041181537653756095,0.0004242566374159651,64.4077929854393,0.40841626788381025,1e-06,2.980234146118164,4.0,-3.0,0.955078125,1.0,0.0,2.025155782699585,3.0,-3.0,0.0,0.0,0.0,2.979459285736084,51.98014450073242,-3.0379457473754883,-0.008160759694874287,0.13780581951141357,1.732050895690918,-1.7320513725280762,-0.008160759694874287,1.732050895690918,-1.7320513725280762,127.6826171875,1024.0,42.0,0.00048828125,781.38671875,2048.0,414.0,0.005859375,51.97521843900904,21.485024524998153,1.1964200980146416,79.06572840400622,153.8358597100014,0.0006426237008437338,0.19876256602066986,0.011540081946035423,0.04246795175139744,,,,
haotian_3b_dvao_s1_save10,3b,dvao,1,87,,,,,441559,457018,15459,447439,447440,447439.75,0.21845677495002747,0.001,0.06537931735316913,0.010457550237576167,0.00035573579370975497,0.0008574885568426301,1.2511844635009766,0.4064513195884096,1e-06,2.930048704147339,4.0,-3.0,0.95947265625,1.0,0.0,1.9705760478973389,3.0,-3.0,0.0,0.0,0.0,2.9048688411712646,3.9981143474578857,-3.0604450702667236,0.0016280459240078926,0.11447262018918991,1.732050895690918,-1.7320514917373657,0.0016280459240078926,1.732050895690918,-1.7320514917373657,122.38427734375,449.0,41.0,0.0,751.521484375,2048.0,389.0,0.005859375,53.913699711003574,20.60192689698306,1.2056329380138777,76.30506204199628,152.13690270198276,0.0006736286494516176,0.21510155763776995,0.011511006172888673,0.042634266424695325,,,,
haotian_3b_dvao_s1_save10,3b,dvao,1,88,,,,,436731,487865,51134,455727,455727,455727.0,0.21489869058132172,0.001,0.06249310580953475,0.007999793295898745,0.0003869012983951477,0.0006179794098927466,1.59353506565094,0.41359258473539323,1e-06,2.9731667041778564,4.0,-3.0,0.958984375,1.0,0.0,2.0141825675964355,3.0,-3.0,0.0,0.0,0.0,2.9474775791168213,3.995847702026367,-3.0519421100616455,-0.004584372974932194,0.12226573377847672,1.732051134109497,-1.7320512533187866,-0.004584372974932194,1.732051134109497,-1.7320512533187866,129.1640625,1024.0,45.0,0.00146484375,760.927734375,2048.0,399.0,0.005859375,64.83295789000113,21.10888720100047,1.5348850259906612,76.56072712299647,164.1266139850195,0.0008419980745000083,0.24508920753191013,0.011579787461024072,0.041999227126655034,,,,
haotian_3b_dvao_s1_save10,3b,dvao,1,89,,,,,458221,465251,7030,461432,461433,461432.75,0.22474586963653564,0.001,0.06073359533911571,0.00865207618335262,0.000352175722582615,0.0016933540905483824,1.2741347402334213,0.4139958707616532,1e-06,2.9892802238464355,4.0,-3.0,0.97607421875,1.0,0.0,2.0132060050964355,3.0,-3.0,0.0,0.0,0.0,2.963480234146118,3.998960494995117,-3.0464680194854736,0.009180239401757717,0.12469404935836792,1.7320520877838135,-1.7320514917373657,0.009180239401757717,1.7320520877838135,-1.7320514917373657,122.44873046875,1009.0,42.0,0.0,778.787109375,2048.0,425.0,0.00390625,54.75868697001715,21.443837898026686,1.1941237070132047,77.34050823500729,154.8377431370027,0.0006469651899508675,0.21835783858046914,0.011618073217617673,0.04190237268323894,,,,
haotian_3b_dvao_s1_save10,3b,dvao,1,90,2.740781094878912,0.975,1.7657810926437378,0.0,440566,468398,27832,454663,454664,454663.75,0.22085675597190857,0.001,0.07608371484093368,-0.033753269861335866,0.0006988923514654743,0.00010049255092781095,5.107166171073914,0.410358043929868,1e-06,2.8469603061676025,4.0,-3.0,0.9736328125,1.0,0.0,1.8733274936676025,3.0,-3.0,0.0,0.0,0.0,2.820958137512207,3.9991278648376465,-3.0552985668182373,0.002272142330184579,0.15564510226249695,1.7320512533187866,-1.7320512533187866,0.002272142330184579,1.7320512533187866,-1.7320512533187866,125.80419921875,763.0,43.0,0.0,762.2109375,2048.0,418.0,0.00390625,55.903437697008485,21.008270127000287,1.2621348509856034,76.85514055998647,201.88862182499724,0.0006939935562190759,0.21697686251735315,0.011551542280971536,0.04225932931753767,18.468213676009327,28.29483937099576,,
haotian_3b_dvao_s1_save10,3b,dvao,1,91,,,,,428084,469421,41337,450718,450718,450718.0,0.21850278973579407,0.001,0.07472441538140692,-0.003961151883263013,0.0002936738982780612,0.00015376134414791837,1.1221466213464737,0.41442882860798436,1e-06,2.940988063812256,4.0,-3.0,0.962890625,1.0,0.0,1.9780977964401245,3.0,-3.0,0.0,0.0,0.0,2.9162685871124268,4.0063934326171875,-3.0503909587860107,0.0010880448389798403,0.09458926320075989,1.732050895690918,-1.732050895690918,0.0010880448389798403,1.732050895690918,-1.732050895690918,121.8515625,614.0,39.0,0.0,758.45703125,1981.0,407.0,0.0,52.5871656180243,20.99519064000924,1.2187381249968894,75.38214994801092,150.28459883498726,0.0006759981435159509,0.21072628397297677,0.011645413895167956,0.041812258412139584,,,,
haotian_3b_dvao_s1_save10,3b,dvao,1,92,,,,,435268,462044,26776,450402,450402,450402.0,0.2275306135416031,0.001,0.06451371888960561,0.019454903359855374,0.000395580756312777,0.0006009253692970942,1.0602830201387405,0.4095362859633096,1e-06,3.0217459201812744,4.0,-3.0,0.97265625,1.0,0.0,2.049089193344116,3.0,-3.0,0.0,0.0,0.0,2.9965808391571045,4.000483989715576,-3.0286808013916016,-0.0009784259600564837,0.07068139314651489,1.732050895690918,-1.7320512533187866,-0.0009784259600564837,1.732050895690918,-1.7320512533187866,117.744140625,530.0,24.0,0.0,761.947265625,2048.0,399.0,0.001953125,51.16860380402068,20.503553016023943,1.5212616520002484,76.33706130899373,149.64285928400932,0.000844391039560353,0.21219459154026987,0.011380696031558443,0.04237162651863986,,,,
haotian_3b_dvao_s1_save10,3b,dvao,1,93,,,,,440051,473755,33704,456928,456929,456928.5,0.22749769687652588,0.001,0.07042075645539068,0.0064997372608031,0.0003521348154472728,0.0005774687099713652,52.777783036231995,0.40483319321321354,1e-06,2.952704668045044,4.0,-3.0,0.97509765625,1.0,0.0,1.9776068925857544,3.0,-3.0,0.0,0.0,0.0,2.926413059234619,3.998030185699463,-3.0426573753356934,0.0013719156850129366,0.0817079246044159,1.732050895690918,-1.7320514917373657,0.0013719156850129366,1.732050895690918,-1.7320514917373657,122.5166015625,581.0,42.0,0.0,769.921875,2048.0,420.0,0.0078125,48.86848020000616,20.877512194012525,1.5112156079849228,78.34848203300498,149.71123993999208,0.0008268337431266177,0.19476187139819284,0.011422745677941146,0.04286692668163891,,,,
haotian_3b_dvao_s1_save10,3b,dvao,1,94,,,,,432797,464400,31603,449166,449166,449166.0,0.2273150086402893,0.001,0.05530596574147542,-0.005237645593782266,0.0004616724201090013,0.0006056905961789502,1.0806949883699417,0.4077753075193857,1e-06,2.9595389366149902,4.0,-3.0,0.96240234375,1.0,0.0,1.9971368312835693,3.0,-3.0,0.0,0.0,0.0,2.934084177017212,3.9962165355682373,-3.0431807041168213,0.004122706595808268,0.09382802993059158,1.732050895690918,-1.7320513725280762,0.004122706595808268,1.732050895690918,-1.7320513725280762,119.76171875,607.0,42.0,0.0,757.515625,2048.0,416.0,0.00390625,49.126861659024144,20.382003715989413,1.4091500449867453,76.52434909899603,147.5561986870016,0.0007843147327417622,0.20029543388166665,0.011344360278821979,0.04259246531293332,,,,
haotian_3b_dvao_s1_save10,3b,dvao,1,95,,,,,444879,455625,10746,448800,448800,448800.0,0.23361997306346893,0.001,0.06367408544305832,0.02478624790185882,0.0001532213326783911,8.688873945615225e-05,1.2359580099582672,0.4074206626349645,1e-06,2.8949742317199707,4.0,-3.0,0.943359375,1.0,0.0,1.9516148567199707,3.0,-3.0,0.0,0.0,0.0,2.8697104454040527,3.998002529144287,-3.0541672706604004,0.0021519616711884737,0.08411744982004166,1.732050895690918,-1.7320512533187866,0.0021519616711884737,1.732050895690918,-1.7320512533187866,116.513671875,1024.0,41.0,0.0009765625,760.048828125,2048.0,399.0,0.001953125,53.327334282017546,20.267509178986074,1.2804123530222569,76.4828391399933,151.46608302299865,0.000713242175257496,0.22348224910744088,0.011289833544444114,0.04260407706104796,,,,
haotian_3b_dvao_s1_save10,3b,dvao,1,96,,,,,452238,470716,18478,463495,463496,463495.75,0.21456022560596466,0.001,0.07262930937577039,0.0007719966815784574,0.0007413120783894556,0.0005257562601741483,344.9831106364727,0.40537322541866,1e-06,2.86474871635437,4.0,-3.0,0.9599609375,1.0,0.0,1.9047877788543701,3.0,-3.0,0.0,0.0,0.0,2.857532501220703,40.042991638183594,-3.0656633377075195,-0.003947107121348381,0.11307068914175034,1.732051134109497,-1.7320510149002075,-0.003947107121348381,1.732051134109497,-1.7320510149002075,123.94482421875,1024.0,37.0,0.00048828125,781.3203125,2048.0,407.0,0.0078125,53.181042329990305,20.833553695003502,1.2556535119947512,79.39122975300415,154.75463859300362,0.0006772734766148078,0.20950698013303828,0.011237187015740436,0.042821983671373555,,,,
haotian_3b_dvao_s1_save10,3b,dvao,1,97,,,,,426745,459319,32574,450144,450145,450144.75,0.19757325947284698,0.001,0.06661764147380987,0.03711532595334575,0.010157807804838133,0.025593241721859766,33.12453964352608,0.41215752269477673,1e-06,2.9470226764678955,4.0,-3.0,0.970703125,1.0,0.0,1.9763197898864746,3.0,-3.0,0.0,0.0,0.0,2.9574763774871826,50.59770965576172,-3.020834445953369,-0.018534453585743904,0.12720219790935516,1.7320517301559448,-1.732050895690918,-0.018534453585743904,1.7320517301559448,-1.732050895690918,119.13232421875,1024.0,40.0,0.0009765625,760.056640625,2048.0,393.0,0.00390625,52.131480056996224,20.27357883899822,1.3112448930041865,76.01112069402006,149.82649017201038,0.0007282351360335683,0.21366849353027148,0.01125947755638504,0.042214821284720115,,,,
haotian_3b_dvao_s1_save10,3b,dvao,1,98,,,,,458171,474841,16670,463904,463905,463904.75,0.2286648005247116,0.001,0.06982121472397158,0.031652048740896485,0.0002792589751357633,0.0001553704167294669,1.7569250166416168,0.41713671372567074,1e-06,2.963850259780884,4.0,-3.0,0.9599609375,1.0,0.0,2.003889560699463,3.0,-3.0,0.0,0.0,0.0,2.9374403953552246,4.00055456161499,-3.044767141342163,-0.007620856165885925,0.10522545129060745,1.7320512533187866,-1.732051134109497,-0.007620856165885925,1.7320512533187866,-1.732051134109497,124.49951171875,501.0,43.0,0.0,781.564453125,2048.0,389.0,0.0078125,49.521148881001864,21.727209756994853,1.2456186359922867,77.25091752799926,149.85833842301508,0.0006712685287186038,0.19421962498677073,0.011708874373993181,0.04163080757849497,,,,
haotian_3b_dvao_s1_save10,3b,dvao,1,99,,,,,443747,472350,28603,456372,456373,456372.25,0.23986797034740448,0.001,0.07094793696887791,0.00814855404314585,0.0004915982426609844,-8.827154260870884e-06,2.0798304975032806,0.368797669219064,1e-06,2.9160990715026855,4.0,-3.0,0.95947265625,1.0,0.0,1.956626296043396,3.0,-3.0,0.0,0.0,0.0,2.888619899749756,3.9995532035827637,-3.066190004348755,-0.007466047536581755,0.1271609663963318,1.732050895690918,-1.7320512533187866,-0.007466047536581755,1.732050895690918,-1.7320512533187866,125.23291015625,1024.0,43.0,0.00146484375,766.119140625,2048.0,399.0,0.005859375,58.75249139100197,20.857512779999524,1.5937945320038125,85.88342278302298,167.19091732197558,0.0008730781352305122,0.22907508817945457,0.011425712661100408,0.047046803778616565,,,,
haotian_3b_dvao_s1_save10,3b,dvao,1,100,2.73356955870986,0.975,1.7585695564746857,0.0,448041,458357,10316,454272,454273,454272.25,0.23591840267181396,0.001,0.07692562000205119,-0.0038498563730778794,0.00023331718111876398,0.0005337479034399924,1.4877201914787292,0.39323057780342424,1e-06,2.9770212173461914,4.0,-3.0,0.96044921875,1.0,0.0,2.0165722370147705,3.0,-3.0,0.0,0.0,0.0,2.9512338638305664,3.996657609939575,-3.0153579711914062,-0.0015988160157576203,0.09528283029794693,1.732050895690918,-1.732050895690918,-0.0015988160157576203,1.732050895690918,-1.732050895690918,116.49072265625,1024.0,46.0,0.0009765625,770.759765625,2048.0,418.0,0.00390625,58.076992873015115,20.557048034999752,1.2192255620029755,80.10051213699626,256.8450316610106,0.0006709773500378768,0.24343489360914736,0.011313176203807162,0.044081777027430276,14.810897820017999,81.96752943398315,,
haotian_3b_dvao_s2_save10,3b,dvao,2,0,1.0617072492837907,0.0875,0.9742072492837905,0.0,,,,,,,,,,,,,,,,,,,,,,,,,,,,,,,,,,,,,,,,,,,,,,,,,,,,,,,,,,
haotian_3b_dvao_s2_save10,3b,dvao,2,1,,,,,460200,486039,25839,471238,471239,471238.75,-2.915258301072754e-05,0.001,0.6283904379233718,-0.10623481718357652,0.0,0.0,29.868369340896606,0.3900761517309871,1e-06,-0.5239455103874207,4.0,-3.0,0.0458984375,1.0,0.0,-0.5698439478874207,3.0,-3.0,0.0,0.0,0.0,-0.5238460898399353,4.00131893157959,-3.031709909439087,0.09156665951013565,0.7667182683944702,1.7320513725280762,-1.732050895690918,0.09156665951013565,1.7320513725280762,-1.732050895690918,175.69482421875,1024.0,26.0,0.01611328125,744.693359375,2048.0,414.0,0.00390625,64.98342069299542,20.941015007003443,1.2338205210107844,83.82602594100172,171.09721566500957,0.0006545623216526572,0.1805982960872302,0.011109556995792177,0.04447110193134675,,,,
haotian_3b_dvao_s2_save10,3b,dvao,2,2,,,,,463979,500498,36519,477741,477742,477741.5,-6.257522909436375e-05,0.001,0.5701452832330357,-0.08614769879954332,0.0029274364792262063,0.00223619468857633,70.36804676055908,0.4115658033892669,1e-06,-0.5871127843856812,4.0,-3.0,0.060546875,1.0,0.0,-0.6476596593856812,3.0,-3.0,0.0,0.0,0.0,-0.587121307849884,4.0009894371032715,-3.017935037612915,0.06849246472120285,0.7783218622207642,1.732051134109497,-1.7320510149002075,0.06849246472120285,1.732051134109497,-1.7320510149002075,175.5009765625,1024.0,17.0,0.0166015625,757.587890625,2048.0,418.0,0.001953125,69.92423110999516,30.156392495002365,1.2249637490021996,80.6415314039914,182.04589484300232,0.0006410180761992623,0.19454416516889475,0.015780705933544796,0.04219935436004167,,,,
haotian_3b_dvao_s2_save10,3b,dvao,2,3,,,,,483321,518456,35135,500093,500093,500093.0,-0.00032660155557096004,0.001,0.5088076188283808,-0.017695171292871237,0.002855480487650151,-0.0006993044736351722,63.00977611541748,0.41496896305407704,1e-06,-0.1729746162891388,4.0,-3.0,0.06884765625,1.0,0.0,-0.2418222874403,3.0,-3.0,0.0,0.0,0.0,-0.1725424975156784,4.000741958618164,-3.003190279006958,0.058317869901657104,0.7685708403587341,1.732051134109497,-1.7320514917373657,0.058317869901657104,1.732051134109497,-1.7320514917373657,187.9140625,1024.0,21.0,0.01708984375,788.830078125,2048.0,402.0,0.0078125,77.4947531609796,22.743500981014222,1.281818960007513,83.97509489100776,185.61714368200046,0.0006407902930092567,0.201364572924842,0.011369635738259795,0.041979739214010076,,,,
haotian_3b_dvao_s2_save10,3b,dvao,2,4,,,,,478779,502809,24030,487081,487082,487081.25,0.0017886476125568151,0.001,0.48860381227551086,-0.043362192121673034,0.007460874625284112,0.0024833060489816653,32.83154058456421,0.4086814392697129,1e-06,0.53471440076828,4.0,-3.0,0.07568359375,1.0,0.0,0.45903080701828003,3.0,-3.0,0.0,0.0,0.0,0.5342530608177185,4.00270414352417,-3.086911678314209,0.019683733582496643,0.7720744609832764,1.7320512533187866,-1.732051134109497,0.019683733582496643,1.7320512533187866,-1.732051134109497,186.19580078125,1024.0,24.0,0.01513671875,765.134765625,2048.0,418.0,0.00390625,71.80403016501805,21.796007561992155,1.3573867500235792,82.99149143300019,178.04791441300767,0.0006966942117067631,0.18829942166742641,0.011187049163764852,0.04259632835024967,,,,
haotian_3b_dvao_s2_save10,3b,dvao,2,5,,,,,484466,522132,37666,502121,502122,502121.25,-0.0006273249164223671,0.001,0.5003048154440793,-0.028613064522770317,0.00481432028446403,0.00676515417735297,31.213887214660645,0.39438658562256196,1e-06,0.7225933074951172,4.0,-3.0,0.07373046875,1.0,0.0,0.6488628387451172,3.0,-3.0,0.0,0.0,0.0,0.7258614301681519,4.00127649307251,-3.0159242153167725,-0.005874837748706341,0.6673312783241272,1.7320514917373657,-1.732051134109497,-0.005874837748706341,1.7320514917373657,-1.732051134109497,204.75244140625,1024.0,26.0,0.01708984375,775.953125,2048.0,424.0,0.00390625,68.05846403900068,22.06975361800869,1.3613457700121216,88.7267390479974,180.32568458499736,0.0006777973298342391,0.16230171257449494,0.010988259119689064,0.04417595304321287,,,,
haotian_3b_dvao_s2_save10,3b,dvao,2,6,,,,,473656,500442,26786,487309,487310,487309.5,0.0011963502038270235,0.001,0.4205920733511448,0.031938992455252446,0.0032747616296546767,-0.00033915982623966556,35.40289497375488,0.40631806725408526,1e-06,1.2045977115631104,4.0,-3.0,0.1015625,1.0,0.0,1.1030350923538208,3.0,-3.0,0.0,0.0,0.0,1.2077022790908813,4.00124979019165,-3.0080060958862305,-0.003949709702283144,0.719067394733429,1.7320512533187866,-1.7320514917373657,-0.003949709702283144,1.7320512533187866,-1.7320514917373657,189.9736328125,1024.0,26.0,0.009765625,761.802734375,2048.0,393.0,0.005859375,74.6141768359812,21.324616832018364,1.4356499039859045,83.46009622799465,180.92663547300617,0.000736518528771707,0.19177768511250326,0.010939975945481446,0.042816780828197815,,,,
haotian_3b_dvao_s2_save10,3b,dvao,2,7,,,,,473186,501545,28359,488722,488723,488722.75,0.0021727411076426506,0.001,0.48029919248074293,-0.055851846365840174,0.004286792842322029,0.005548638014715834,14.837050199508667,0.4190127966094197,1e-06,1.2151092290878296,4.0,-3.0,0.15625,1.0,0.0,1.05885910987854,3.0,-3.0,0.0,0.0,0.0,1.2187273502349854,4.000086784362793,-3.006892681121826,-0.010638506151735783,0.6622986793518066,1.7320517301559448,-1.7320514917373657,-0.010638506151735783,1.7320517301559448,-1.7320514917373657,192.05224609375,1024.0,20.0,0.00927734375,762.484375,2048.0,389.0,0.00390625,64.87678266101284,21.901528077025432,1.3685880099947099,81.2046048019838,169.44660974101862,0.0007000840507193034,0.16494530617587286,0.011203452303491823,0.04153919824787357,,,,
haotian_3b_dvao_s2_save10,3b,dvao,2,8,,,,,459161,508702,49541,484016,484016,484016.0,0.008596095256507397,0.001,0.3934991382993758,0.01293299815733917,0.0022097929067967925,0.004927171052599988,21.748678386211395,0.40356383041731014,1e-06,1.601496934890747,4.0,-3.0,0.33984375,1.0,0.0,1.261653184890747,3.0,-3.0,0.0,0.0,0.0,1.6063735485076904,4.890408515930176,-3.0086138248443604,-0.04955935850739479,0.6330913305282593,1.732051134109497,-1.7320512533187866,-0.04955935850739479,1.732051134109497,-1.7320512533187866,173.857421875,1024.0,18.0,0.0107421875,771.486328125,2048.0,416.0,0.005859375,67.99839247699128,21.856014170014532,1.2981087369844317,83.47563243401237,174.74230007801089,0.0006704885463416663,0.19097453372182016,0.011288890331112264,0.043116153409191206,,,,
haotian_3b_dvao_s2_save10,3b,dvao,2,9,,,,,471830,491730,19900,483365,483366,483365.75,0.021344823762774467,0.001,0.361086486838758,0.034534569924289826,0.006612840479647275,0.004703808641668417,16.058393478393555,0.3990958548910203,1e-06,1.9040720462799072,4.0,-3.0,0.5390625,1.0,0.0,1.3650095462799072,3.0,-3.0,0.0,0.0,0.0,1.9111138582229614,5.92434024810791,-3.0144619941711426,-0.0397874154150486,0.6135437488555908,1.7320512533187866,-1.7320510149002075,-0.0397874154150486,1.7320512533187866,-1.7320510149002075,174.05419921875,1024.0,24.0,0.00927734375,770.01953125,2048.0,407.0,0.0078125,62.11655785300536,21.2633034310129,1.3593326809932478,84.28420229098992,169.11889768901165,0.000703055957622798,0.1742580796688727,0.010997522802873859,0.043592353353019905,,,,
haotian_3b_dvao_s2_save10,3b,dvao,2,10,2.5246553476899862,0.8125,1.7121553435921668,0.0,468313,483816,15503,476664,476665,476664.5,0.03678445145487785,0.001,0.36907464917749166,0.12537009481457062,0.002257319774798816,0.00048669869829609524,26.182461857795715,0.41171469113881926,1e-06,2.112088680267334,4.0,-3.0,0.6357421875,1.0,0.0,1.476346492767334,3.0,-3.0,0.0,0.0,0.0,2.114891290664673,5.86898136138916,-3.016836404800415,-0.04483220726251602,0.6433368921279907,1.7320512533187866,-1.732053279876709,-0.04483220726251602,1.7320512533187866,-1.732053279876709,166.9345703125,1024.0,16.0,0.00634765625,764.05078125,1973.0,413.0,0.0,61.91109231300652,21.423278784001013,1.5788351400115062,80.53784187498968,206.4873875080084,0.0008280641520458866,0.18108906673357042,0.011236036449117259,0.04224031885896143,15.306874561996665,25.636298601981252,,
haotian_3b_dvao_s2_save10,3b,dvao,2,11,,,,,445444,488907,43463,472985,472985,472985.0,0.04919974505901337,0.001,0.4521370427682996,0.014145006018225104,0.007653503325855127,0.011229362951780786,16.431229412555695,0.40933184901643627,1e-06,2.0978782176971436,4.0,-3.0,0.7236328125,1.0,0.0,1.3742456436157227,3.0,-3.0,0.0,0.0,0.0,2.0992071628570557,6.1221184730529785,-3.0182833671569824,-0.04029368236660957,0.5862106680870056,1.7320520877838135,-1.7320526838302612,-0.04029368236660957,1.7320520877838135,-1.7320526838302612,153.2421875,1024.0,32.0,0.00634765625,770.556640625,2048.0,418.0,0.0078125,60.73199992501759,21.167700485995738,1.3103292920277454,80.44083440600662,163.74761826600297,0.0006925850143385865,0.19351261765554928,0.011188357181515132,0.042517645594472665,,,,
haotian_3b_dvao_s2_save10,3b,dvao,2,12,,,,,451465,482921,31456,467011,467012,467011.75,0.061374932527542114,0.001,0.3151117656379938,0.023709606553893536,0.0013783409231109545,0.00031413532997248694,2.5614914894104004,0.418689541974064,1e-06,2.2449254989624023,4.0,-3.0,0.8056640625,1.0,0.0,1.4392613172531128,3.0,-3.0,0.0,0.0,0.0,2.2368834018707275,4.001893520355225,-3.0256032943725586,-0.03234812989830971,0.5412564277648926,1.732050895690918,-1.7320529222488403,-0.03234812989830971,1.732050895690918,-1.7320529222488403,150.45458984375,1024.0,31.0,0.001953125,761.677734375,2048.0,399.0,0.00390625,59.10187526099617,20.543576995987678,1.2452557380020153,78.4588488220179,159.4470141089987,0.0006666083551441775,0.19180762487706907,0.010997355524774098,0.04200046830835514,,,,
haotian_3b_dvao_s2_save10,3b,dvao,2,13,,,,,444770,474407,29637,464095,464096,464095.75,0.06458989530801773,0.001,0.3442336186285942,0.07814207238956325,0.0013343674983198365,-0.0016044551484370576,30.106329083442688,0.4118539524084645,1e-06,2.4200007915496826,4.0,-3.0,0.8447265625,1.0,0.0,1.5752742290496826,3.0,-3.0,0.0,0.0,0.0,2.416189670562744,4.11646842956543,-3.019608974456787,-0.02500501461327076,0.5252209901809692,1.7320520877838135,-1.7320514917373657,-0.02500501461327076,1.7320520877838135,-1.7320514917373657,145.18505859375,1024.0,23.0,0.00439453125,761.251953125,2048.0,389.0,0.005859375,64.35968878201675,20.92046361998655,1.3717716669780202,78.32643212599214,165.09371780900983,0.0007389486258913275,0.21645222719527793,0.011269475975586153,0.04219303458714723,,,,
haotian_3b_dvao_s2_save10,3b,dvao,2,14,,,,,460626,480536,19910,468277,468278,468277.25,0.07069995254278183,0.001,0.33424607245251536,0.007487834052881226,0.001191623839076783,0.0036161433705501622,11.300658106803894,0.4071707639054983,1e-06,2.296497344970703,4.0,-3.0,0.83642578125,1.0,0.0,1.4600714445114136,3.0,-3.0,0.0,0.0,0.0,2.290025234222412,4.0011210441589355,-3.0286521911621094,-0.01956496760249138,0.5130263566970825,1.7320514917373657,-1.7320516109466553,-0.01956496760249138,1.7320514917373657,-1.7320516109466553,148.60205078125,1024.0,20.0,0.00390625,766.001953125,2048.0,418.0,0.00390625,67.41433342400705,20.743867858021986,1.2502651099930517,79.94666050100932,169.47658710100222,0.0006674812357385778,0.22151211789564546,0.011074565259161099,0.04268126441173969,,,,
haotian_3b_dvao_s2_save10,3b,dvao,2,15,,,,,459256,472038,12782,467678,467679,467678.25,0.07699207961559296,0.001,0.3044664850458503,0.0031182163293124177,0.0010928231440630043,7.020092292009394e-05,2.13992178440094,0.41128247726095507,1e-06,2.486903190612793,4.0,-3.0,0.8642578125,1.0,0.0,1.6226451396942139,3.0,-3.0,0.0,0.0,0.0,2.4763591289520264,4.0029802322387695,-3.020900011062622,-0.014614176005125046,0.493921160697937,1.732050895690918,-1.7320516109466553,-0.014614176005125046,1.732050895690918,-1.7320516109466553,149.81494140625,1024.0,36.0,0.0048828125,763.619140625,2048.0,407.0,0.005859375,60.27384315000381,20.75200681699789,1.4422700830036774,79.0509939090116,161.61829464699258,0.0007709734646649044,0.19644627698235717,0.011093100233439278,0.04225714682530757,,,,
haotian_3b_dvao_s2_save10,3b,dvao,2,16,,,,,445397,491543,46146,463083,463084,463083.75,0.07570444047451019,0.001,0.2927236813120544,-0.06035924518073443,0.000856322390063724,4.896782689911561e-05,8.213432967662811,0.40336188260878164,1e-06,2.4281976222991943,4.0,-3.0,0.857421875,1.0,0.0,1.5707756280899048,3.0,-3.0,0.0,0.0,0.0,2.4214072227478027,5.244862079620361,-3.0274786949157715,-0.017479373142123222,0.45555558800697327,1.7320520877838135,-1.7320514917373657,-0.017479373142123222,1.7320520877838135,-1.7320514917373657,141.81201171875,1024.0,18.0,0.00244140625,762.6484375,2048.0,389.0,0.00390625,57.965632998006186,20.551134152017767,1.368897570995614,79.7663304900052,159.75520975800464,0.0007390118801381035,0.19958486868828115,0.011094717830207693,0.04306258343658421,,,,
haotian_3b_dvao_s2_save10,3b,dvao,2,17,,,,,455207,459975,4768,456497,456498,456497.5,0.07673805952072144,0.001,0.2976942537352443,0.0222748639062047,0.0012927615034641349,0.00017802034602709682,2.3524580597877502,0.41356873227409563,1e-06,2.4663712978363037,4.0,-3.0,0.89697265625,1.0,0.0,1.5693987607955933,3.0,-3.0,0.0,0.0,0.0,2.4599320888519287,8.222594261169434,-3.021470546722412,-0.015662984922528267,0.4557669162750244,1.7320510149002075,-1.7320518493652344,-0.015662984922528267,1.7320510149002075,-1.7320518493652344,135.2607421875,1024.0,20.0,0.001953125,756.3359375,2048.0,399.0,0.001953125,54.678160819021286,20.52271341299638,1.3110638950020075,76.73675170500064,153.3705406379886,0.0007180016840190841,0.19738410628712372,0.01123922552313889,0.042024738199552374,,,,
haotian_3b_dvao_s2_save10,3b,dvao,2,18,,,,,443735,501776,58041,473631,473632,473631.25,0.08141684532165527,0.001,0.3000096082687378,0.027678050524131817,0.000950688631167974,0.0003198909618566342,5.211381018161774,0.403919975573174,1e-06,2.4551808834075928,4.0,-3.0,0.90283203125,1.0,0.0,1.5523486137390137,3.0,-3.0,0.0,0.0,0.0,2.4485902786254883,13.454435348510742,-3.0177767276763916,-0.01374063827097416,0.48703834414482117,1.732050895690918,-1.7320513725280762,-0.01374063827097416,1.732050895690918,-1.7320513725280762,147.34814453125,1024.0,24.0,0.0029296875,777.712890625,2048.0,420.0,0.00390625,61.08842322099372,20.978642924979795,1.3066724539967254,81.5199646030087,165.00183735700557,0.0006897097974409023,0.20243438928781193,0.011073299600152964,0.0430292366704101,,,,
haotian_3b_dvao_s2_save10,3b,dvao,2,19,,,,,453456,477059,23603,464146,464147,464146.25,0.08128435909748077,0.001,0.28374336179225673,-0.03357654518537944,0.0007675916562983466,0.011055631330823563,2.1398985683918,0.41992962767989567,1e-06,2.579627752304077,4.0,-3.0,0.9072265625,1.0,0.0,1.6724008321762085,3.0,-3.0,0.0,0.0,0.0,2.571967124938965,8.96387004852295,-3.0203473567962646,-0.013634889386594296,0.4383687973022461,1.7320514917373657,-1.7320514917373657,-0.013634889386594296,1.7320514917373657,-1.7320514917373657,147.49072265625,1024.0,28.0,0.00244140625,759.044921875,2048.0,414.0,0.001953125,61.331809819996124,20.577685497992206,1.2009878429817036,76.90615595600684,160.11854629698792,0.0006468800744278897,0.20304445069041063,0.01108362154062012,0.04142345002033672,,,,
haotian_3b_dvao_s2_save10,3b,dvao,2,20,2.7414506362751125,0.95,1.7914506340399385,0.0,462217,471673,9456,468484,468485,468484.5,0.09109928458929062,0.001,0.26570282643660903,-0.047954159206710756,0.0008799714933047653,2.1069004901619337e-05,2.1290221214294434,0.4147862838290409,1e-06,2.596898078918457,4.0,-3.0,0.9091796875,1.0,0.0,1.6877182722091675,3.0,-3.0,0.0,0.0,0.0,2.5852768421173096,4.002656936645508,-3.0268867015838623,0.005074609536677599,0.4181657135486603,1.7320514917373657,-1.7320538759231567,0.005074609536677599,1.7320514917373657,-1.7320538759231567,137.4619140625,1024.0,34.0,0.00244140625,777.546875,2048.0,393.0,0.00390625,59.67060539301019,21.447070139984135,1.3442437860067002,78.64049859900842,206.20255273400107,0.0007173363184943686,0.21195716637779707,0.011444919810572246,0.04196536843748749,18.277361526997993,26.487026979011716,,
haotian_3b_dvao_s2_save10,3b,dvao,2,21,,,,,446962,493717,46755,463862,463863,463862.75,0.09728588163852692,0.001,0.24721724227551492,0.024435991361256567,0.0010166580398236552,0.00011579729189472874,2.0598347187042236,0.41707851917707756,1e-06,2.59037709236145,4.0,-3.0,0.923828125,1.0,0.0,1.6665488481521606,3.0,-3.0,0.0,0.0,0.0,2.5775840282440186,4.001382350921631,-3.0244977474212646,-0.003877809504047036,0.42331093549728394,1.7320512533187866,-1.7320529222488403,-0.003877809504047036,1.7320512533187866,-1.7320529222488403,140.54052734375,1024.0,25.0,0.0009765625,765.44140625,2048.0,402.0,0.009765625,58.9877167789964,20.466175054985797,1.2438119500002358,77.34530166399782,158.14417795802,0.0006703555900965511,0.20494156829969531,0.011030296706830737,0.04168544556768021,,,,
haotian_3b_dvao_s2_save10,3b,dvao,2,22,,,,,462738,495721,32983,472709,472710,472709.5,0.09402395039796829,0.001,0.26520654931664467,0.024337762487675718,0.0009883814409477054,0.0002191035514442774,1.9882076680660248,0.4161512153796645,1e-06,2.5056281089782715,4.0,-3.0,0.9130859375,1.0,0.0,1.592542290687561,3.0,-3.0,0.0,0.0,0.0,2.493178367614746,4.001689910888672,-3.030595064163208,-0.012821300886571407,0.4569830894470215,1.732051134109497,-1.7320517301559448,-0.012821300886571407,1.732051134109497,-1.7320517301559448,144.0869140625,1024.0,33.0,0.0009765625,779.173828125,2048.0,423.0,0.0078125,59.692493212001864,21.2436230769963,1.3059333869896363,79.10809126400272,161.4559849590005,0.0006906638151918019,0.20228572032939734,0.011235030751971508,0.04183758273527543,,,,
haotian_3b_dvao_s2_save10,3b,dvao,2,23,,,,,447073,466765,19692,457355,457356,457355.25,0.09984263777732849,0.001,0.2408635993488133,-0.019622855877969414,0.0009490672700849245,9.225516890865038e-06,2.1716631054878235,0.4076108818503729,1e-06,2.5784976482391357,4.0,-3.0,0.9052734375,1.0,0.0,1.6732240915298462,3.0,-3.0,0.0,0.0,0.0,2.56593656539917,4.003622531890869,-3.0286691188812256,-0.004466229118406773,0.402629017829895,1.7320520877838135,-1.732051134109497,-0.004466229118406773,1.7320520877838135,-1.732051134109497,138.37353515625,1024.0,36.0,0.00244140625,754.8984375,2048.0,418.0,0.001953125,64.61234045901801,20.129094356001588,1.204490560980048,77.86876336598652,163.92316994801513,0.0006583998767807126,0.22799875951084203,0.011002986385310755,0.04256470400524894,,,,
haotian_3b_dvao_s2_save10,3b,dvao,2,24,,,,,448070,480404,32334,464264,464265,464264.75,0.10264510661363602,0.001,0.22915232367813587,0.001645095951971598,0.0009038863954629051,-0.00016190491319889588,1.803932547569275,0.4098766113185937,1e-06,2.6909570693969727,4.0,-3.0,0.9384765625,1.0,0.0,1.7524802684783936,3.0,-3.0,0.0,0.0,0.0,2.677382469177246,4.001753330230713,-3.021197557449341,0.0020271192770451307,0.3639166057109833,1.732050895690918,-1.732051134109497,0.0020271192770451307,1.732050895690918,-1.732051134109497,139.87451171875,1024.0,30.0,0.001953125,766.892578125,2048.0,413.0,0.00390625,61.32666967599653,21.465790204005316,1.2616905070026405,78.69889032197534,162.85967134698876,0.0006794024890984296,0.21408234109115845,0.0115590243519486,0.04237823909847525,,,,
haotian_3b_dvao_s2_save10,3b,dvao,2,25,,,,,457510,489846,32336,472229,472229,472229.0,0.09952506422996521,0.001,0.2160647683776915,-0.023781276162480935,0.0007494052379115601,0.0001349975962625649,1.9659810066223145,0.4130469048813194,1e-06,2.569383144378662,4.0,-3.0,0.95263671875,1.0,0.0,1.6167465448379517,3.0,-3.0,0.0,0.0,0.0,2.555966377258301,4.002042293548584,-3.0261728763580322,-0.0028471655678004026,0.4129701554775238,1.7320525646209717,-1.732053279876709,-0.0028471655678004026,1.7320525646209717,-1.732053279876709,139.521484375,830.0,42.0,0.0,782.80078125,2048.0,399.0,0.00390625,55.546472601999994,20.7263643820188,1.6234972680103965,79.50987964399974,157.50204891100293,0.0008594862174974411,0.19439515854273112,0.01097262365399986,0.04209286153751662,,,,
haotian_3b_dvao_s2_save10,3b,dvao,2,26,,,,,438295,475318,37023,463202,463203,463202.5,0.10192060470581055,0.001,0.2408640435896814,-0.0011929645552299917,0.0007209828572740662,1.584835399626172e-05,2.1347954273223877,0.41800992727997666,1e-06,2.660402536392212,4.0,-3.0,0.9326171875,1.0,0.0,1.7277854681015015,3.0,-3.0,0.0,0.0,0.0,2.6469082832336426,4.001951694488525,-3.0226309299468994,-0.005254821851849556,0.38083308935165405,1.732051968574524,-1.7320528030395508,-0.005254821851849556,1.732051968574524,-1.7320528030395508,142.8642578125,1024.0,35.0,0.00244140625,761.828125,2048.0,425.0,0.00390625,58.38473355601309,20.44724087798386,1.2879775349865668,77.05376737299957,157.2754888049967,0.0006951481992144724,0.19954725638278348,0.011035800151113098,0.041587517000123905,,,,
haotian_3b_dvao_s2_save10,3b,dvao,2,27,,,,,439690,462234,22544,455169,455170,455169.25,0.10510849952697754,0.001,0.22333804301677213,0.003924642531802097,0.0007462970520024218,3.939207911776799e-05,1.8040221631526947,0.4109011575190384,1e-06,2.7099156379699707,4.0,-3.0,0.94189453125,1.0,0.0,1.7680209875106812,3.0,-3.0,0.0,0.0,0.0,2.696629762649536,4.002569198608398,-3.00892972946167,0.004313956014811993,0.3289654850959778,1.7320518493652344,-1.7320525646209717,0.004313956014811993,1.7320518493652344,-1.7320525646209717,133.02392578125,1024.0,43.0,0.0009765625,755.978515625,2048.0,389.0,0.009765625,56.110074561001966,20.415991135989316,1.24538878002204,76.98574089698377,154.85649282298982,0.000684025107156316,0.20595917000143876,0.011213406406512147,0.042284128869087584,,,,
haotian_3b_dvao_s2_save10,3b,dvao,2,28,,,,,437620,486291,48671,459903,459904,459903.5,0.11168219149112701,0.001,0.2291960906117193,-0.002614220363959189,0.0011354583163460297,2.646125912794941e-05,1.7098515331745148,0.4140555344863364,1e-06,2.7573723793029785,4.0,-3.0,0.93017578125,1.0,0.0,1.8271965980529785,3.0,-3.0,0.0,0.0,0.0,2.7430992126464844,4.001012325286865,-3.0237877368927,0.00429403455927968,0.34091538190841675,1.7320514917373657,-1.7320512533187866,0.00429403455927968,1.7320514917373657,-1.7320512533187866,135.6923828125,1024.0,28.0,0.0009765625,762.556640625,2048.0,393.0,0.00390625,64.78900015700492,20.51201861401205,1.2402683679829352,77.13074850401608,163.7685922079836,0.0006742003311471511,0.23313949779057394,0.01115017531613265,0.04192768075477578,,,,
haotian_3b_dvao_s2_save10,3b,dvao,2,29,,,,,446325,485016,38691,464302,464303,464302.5,0.11420677602291107,0.001,0.19017148716375232,0.008885176030162256,0.0007943613745737821,-3.465646103251174e-05,1.6400043666362762,0.41088920331475476,1e-06,2.7852776050567627,4.0,-3.0,0.94384765625,1.0,0.0,1.8414298295974731,3.0,-3.0,0.0,0.0,0.0,2.7707691192626953,3.999802589416504,-3.028045177459717,-0.0033840136602520943,0.35060033202171326,1.732050895690918,-1.732050895690918,-0.0033840136602520943,1.732050895690918,-1.732050895690918,139.8486328125,1024.0,39.0,0.001953125,766.9921875,2048.0,393.0,0.0078125,66.95400050998433,21.196700572996633,1.2845665630011354,79.31646149099106,168.84748373401817,0.0006916646814313596,0.23376977238917748,0.011413195369934813,0.042707319845893064,,,,
haotian_3b_dvao_s2_save10,3b,dvao,2,30,2.74930778183043,0.975,1.774307776801288,0.0,434249,497600,63351,471010,471011,471010.25,0.11857086420059204,0.001,0.2140255012819844,0.002153818563167607,0.0007432209583179604,0.00033745588828629306,1.7833087742328644,0.40891660812616637,1e-06,2.65010666847229,4.0,-3.0,0.92529296875,1.0,0.0,1.724813461303711,3.0,-3.0,0.0,0.0,0.0,2.634540557861328,4.000362873077393,-3.0387911796569824,-0.014486866071820259,0.35674139857292175,1.7320517301559448,-1.7320514917373657,-0.014486866071820259,1.7320517301559448,-1.7320514917373657,140.81884765625,1024.0,40.0,0.00244140625,779.123046875,2048.0,407.0,0.005859375,61.34639611199964,21.249492372007808,1.2904802499979269,80.0605874239991,206.1044089650095,0.0006849533794635715,0.21271509797952004,0.011278678315391123,0.04249407917555886,16.088281005009776,25.967492966010468,,
haotian_3b_dvao_s2_save10,3b,dvao,2,31,,,,,442860,497171,54311,472989,472990,472989.25,0.11245518177747726,0.001,0.215509963221848,0.06323526130290702,0.00426407277063845,0.0014689894127570824,32.31433391571045,0.4106003492364698,1e-06,2.6767807006835938,4.0,-3.0,0.93359375,1.0,0.0,1.7431871891021729,3.0,-3.0,0.0,0.0,0.0,2.670372486114502,14.659618377685547,-3.0282464027404785,-0.011122911237180233,0.3548049032688141,1.7320520877838135,-1.7320512533187866,-0.011122911237180233,1.7320520877838135,-1.7320512533187866,134.76806640625,1024.0,45.0,0.00341796875,789.0390625,2048.0,416.0,0.00390625,63.40688960099942,21.283168769994518,1.584242593991803,80.27009458001703,166.6633651930024,0.0008373565540822561,0.22973094545750772,0.011249287785078898,0.042427018468187715,,,,
haotian_3b_dvao_s2_save10,3b,dvao,2,32,,,,,445216,459969,14753,453339,453339,453339.0,0.12353494763374329,0.001,0.20833228970877826,0.023258451896253973,0.0006731757648594794,8.589698154537473e-06,1.8470019698143005,0.4014464056766312,1e-06,2.8256475925445557,4.0,-3.0,0.94970703125,1.0,0.0,1.8759405612945557,3.0,-3.0,0.0,0.0,0.0,2.8104631900787354,4.002486228942871,-3.043222188949585,-0.016072867438197136,0.3560304045677185,1.732050895690918,-1.7320531606674194,-0.016072867438197136,1.732050895690918,-1.7320531606674194,128.69921875,1018.0,30.0,0.0,756.728515625,2048.0,407.0,0.005859375,52.14945173700107,19.99358799000038,1.339769084006548,78.41079585399712,151.99176021199673,0.0007388340094314343,0.1978535668535871,0.01102573790805577,0.04324070720476129,,,,
haotian_3b_dvao_s2_save10,3b,dvao,2,33,,,,,452465,480978,28513,466105,466106,466105.75,0.1203538104891777,0.001,0.1941797067411244,0.00023476500064134598,0.0010030295943579404,0.00010510433003219077,3.9308639764785767,0.411648745508998,1e-06,2.6059887409210205,4.0,-3.0,0.9384765625,1.0,0.0,1.6675119400024414,3.0,-3.0,0.0,0.0,0.0,2.5952911376953125,12.972197532653809,-3.027224063873291,-0.003072335384786129,0.29622724652290344,1.7320514917373657,-1.7320525646209717,-0.003072335384786129,1.7320514917373657,-1.7320525646209717,137.34716796875,1024.0,47.0,0.0009765625,773.015625,2048.0,418.0,0.001953125,57.47441893699579,20.64572254300583,1.2327875760092866,78.62857770800474,158.08732602902455,0.0006612166745471851,0.20432660925316773,0.011073518478910542,0.04217314295522247,,,,
haotian_3b_dvao_s2_save10,3b,dvao,2,34,,,,,438240,458490,20250,448683,448684,448683.5,0.1311092972755432,0.001,0.17372362411791278,-0.009746344346973685,0.0005646963733353562,6.943679839042165e-05,1.3585516512393951,0.41219856147920036,1e-06,2.744565010070801,4.0,-3.0,0.93994140625,1.0,0.0,1.8046236038208008,3.0,-3.0,0.0,0.0,0.0,2.7289562225341797,4.006589412689209,-3.023834228515625,-0.009629359468817711,0.2399805337190628,1.7320514917373657,-1.7320526838302612,-0.009629359468817711,1.7320514917373657,-1.7320526838302612,127.2216796875,1024.0,36.0,0.00146484375,749.11328125,2048.0,399.0,0.001953125,54.98044927002047,19.913054739008658,1.4071828639716841,75.52320971398149,151.9098333720176,0.0007840620749212329,0.211016884551988,0.011095268011309006,0.04208044741670994,,,,
haotian_3b_dvao_s2_save10,3b,dvao,2,35,,,,,437112,483454,46342,452750,452751,452750.25,0.13467110693454742,0.001,0.1841423341538757,0.010652763798134401,0.0005374639913497958,8.926154237087758e-06,1.4862578213214874,0.40098774835002055,1e-06,2.691948175430298,4.0,-3.0,0.95654296875,1.0,0.0,1.7354052066802979,3.0,-3.0,0.0,0.0,0.0,2.6755194664001465,4.001302242279053,-3.0266499519348145,0.005521858111023903,0.2794644832611084,1.732051134109497,-1.7320525646209717,0.005521858111023903,1.732051134109497,-1.7320525646209717,131.86572265625,1024.0,43.0,0.0009765625,752.412109375,2048.0,389.0,0.005859375,62.54268510302063,20.14091632599593,1.5838867150014266,78.38466774200788,162.76058044898673,0.0008745918500328971,0.23158725289108992,0.011121427501142148,0.043282509364714804,,,,
haotian_3b_dvao_s2_save10,3b,dvao,2,36,,,,,434887,484268,49381,459168,459169,459168.25,0.13241294026374817,0.001,0.19974013466027477,-0.01160820780111657,0.00045663389966883245,4.047369715877839e-05,1.7741081416606903,0.408580706519404,1e-06,2.769577741622925,4.0,-3.0,0.94775390625,1.0,0.0,1.821824073791504,3.0,-3.0,0.0,0.0,0.0,2.7532780170440674,4.002125263214111,-3.021249532699585,-0.013814687728881836,0.3310588598251343,1.7320512533187866,-1.7320526838302612,-0.013814687728881836,1.7320512533187866,-1.7320526838302612,132.94970703125,1024.0,42.0,0.00146484375,763.86328125,1917.0,416.0,0.0,61.326111989008496,20.39692948400625,1.3999521679943427,78.08963264798513,161.3114495619957,0.0007622217825352378,0.22523096355973607,0.011105367958262712,0.04251689475915698,,,,
haotian_3b_dvao_s2_save10,3b,dvao,2,37,,,,,437515,457877,20362,449446,449447,449446.75,0.1331508755683899,0.001,0.15815870752257685,0.0035386322997510433,0.00040883332258090377,-5.294272716949514e-05,40.951234579086304,0.40234495886088806,1e-06,2.8617072105407715,4.0,-3.0,0.953125,1.0,0.0,1.908582091331482,3.0,-3.0,0.0,0.0,0.0,2.8548266887664795,23.031909942626953,-3.0346760749816895,-0.0043542045168578625,0.294109582901001,1.732050895690918,-1.732051134109497,-0.0043542045168578625,1.732050895690918,-1.732051134109497,125.01513671875,1024.0,43.0,0.00146484375,752.810546875,2048.0,418.0,0.005859375,59.91199970798334,19.904749636974884,1.4011237740051001,77.52637909498299,158.86011702602264,0.0007793602768320719,0.234002912569116,0.011071806413649049,0.04312322822168754,,,,
haotian_3b_dvao_s2_save10,3b,dvao,2,38,,,,,439823,478836,39013,454259,454260,454259.5,0.1429673135280609,0.001,0.17461466952227056,0.0009336730945506133,0.0005409914319898235,0.00031032105141548527,1.6235128939151764,0.40040262726660153,1e-06,2.670496940612793,4.0,-3.0,0.9599609375,1.0,0.0,1.710536241531372,3.0,-3.0,0.0,0.0,0.0,2.6536598205566406,3.9990901947021484,-3.027756452560425,0.0012310835300013423,0.2914474606513977,1.7320514917373657,-1.7320520877838135,0.0012310835300013423,1.7320514917373657,-1.7320520877838135,126.0126953125,595.0,27.0,0.0,761.212890625,2048.0,393.0,0.0078125,50.376374842977384,19.98334859102033,1.3575659159978386,79.55978871401749,151.3863714929903,0.000747131274083337,0.19520127886953892,0.010997760416138974,0.043785429206223254,,,,
haotian_3b_dvao_s2_save10,3b,dvao,2,39,,,,,441583,478279,36696,460609,460610,460609.5,0.14723053574562073,0.001,0.1620534968096763,0.00819766144741152,0.0006215826670086244,0.0002789602322650353,1.4551008641719818,0.4026506005907128,1e-06,2.777742624282837,4.0,-3.0,0.9365234375,1.0,0.0,1.841219425201416,3.0,-3.0,0.0,0.0,0.0,2.7604644298553467,4.000042915344238,-3.029939651489258,-0.0009551403345540166,0.24538984894752502,1.732051968574524,-1.7320531606674194,-0.0009551403345540166,1.732051968574524,-1.7320531606674194,129.0634765625,1024.0,42.0,0.00048828125,770.564453125,2048.0,399.0,0.005859375,70.54864798102062,20.452746997994836,1.540478430018993,79.45000677401549,172.09384503800538,0.0008361086940342052,0.26690418497522195,0.011100914656555518,0.043122214573307484,,,,
haotian_3b_dvao_s2_save10,3b,dvao,2,40,2.707920830324292,0.975,1.7329208276234567,0.0,463339,490436,27097,475839,475840,475839.5,0.14778418838977814,0.001,0.15533719421364367,0.01792445161845535,0.0006026935689078528,0.00014138525254026035,1.642162710428238,0.40982043329941437,1e-06,2.7643003463745117,4.0,-3.0,0.94775390625,1.0,0.0,1.8165462017059326,3.0,-3.0,0.0,0.0,0.0,2.747175455093384,4.00007963180542,-3.040621519088745,-0.0009926642524078488,0.26749682426452637,1.7320512533187866,-1.7320525646209717,-0.0009926642524078488,1.7320512533187866,-1.7320525646209717,124.5283203125,1024.0,37.0,0.0009765625,804.845703125,2048.0,413.0,0.0078125,65.28258647301118,20.90206202698755,1.3200787659734488,80.75570561099448,205.83740682699136,0.000693552535032006,0.2559760128963635,0.010981676608913063,0.04242801701571353,11.503856233990518,25.95577110099839,,
haotian_3b_dvao_s2_save10,3b,dvao,2,41,,,,,428961,465993,37032,448447,448448,448447.25,0.14790205657482147,0.001,0.14835478365421295,-0.005052080874641736,0.0006403538320834438,0.00019264548852030808,1.335131287574768,0.4129227276147819,1e-06,2.7781121730804443,4.0,-3.0,0.94921875,1.0,0.0,1.8288935422897339,3.0,-3.0,0.0,0.0,0.0,2.760890483856201,4.001598358154297,-3.0314784049987793,0.0032712670508772135,0.22055567800998688,1.732051134109497,-1.7320514917373657,0.0032712670508772135,1.732051134109497,-1.7320514917373657,124.80908203125,992.0,42.0,0.0,751.064453125,2048.0,421.0,0.005859375,57.03903814498335,19.98969968999154,1.207779574993765,75.39927698197425,153.7395340789808,0.0006733119530746175,0.22314956885314427,0.011143841159685749,0.04203352622965926,,,,
haotian_3b_dvao_s2_save10,3b,dvao,2,42,,,,,440208,474027,33819,456226,456227,456226.75,0.1569085568189621,0.001,0.14189824798414785,-0.028405078897072424,0.0007811621218288858,7.398913270838919e-05,1.6117923855781555,0.40142739540134603,1e-06,2.7280690670013428,4.0,-3.0,0.93505859375,1.0,0.0,1.7930104732513428,3.0,-3.0,0.0,0.0,0.0,2.7097675800323486,3.9994871616363525,-3.0364036560058594,-0.012339426204562187,0.29400163888931274,1.7320513725280762,-1.7320516109466553,-0.012339426204562187,1.7320513725280762,-1.7320516109466553,126.39013671875,1024.0,22.0,0.0029296875,764.677734375,2048.0,389.0,0.00390625,60.14580039400607,20.12097035199986,1.2088547610037494,78.88212533001206,160.4452245720022,0.0006624199266065336,0.2323604306559708,0.01102575109416527,0.043225285085767146,,,,
haotian_3b_dvao_s2_save10,3b,dvao,2,43,,,,,417732,468432,50700,439799,439800,439799.75,0.15967294573783875,0.001,0.1285388688246409,0.028539363791545234,0.0007440229140532514,0.0001568231471234564,1.3405383229255676,0.4119857975453623,1e-06,2.777359962463379,4.0,-3.0,0.9453125,1.0,0.0,1.832047700881958,3.0,-3.0,0.0,0.0,0.0,2.759218215942383,4.000791072845459,-3.030003786087036,-0.004126689862459898,0.19251105189323425,1.732050895690918,-1.7320512533187866,-0.004126689862459898,1.732050895690918,-1.7320512533187866,119.91552734375,924.0,31.0,0.0,739.068359375,2048.0,389.0,0.005859375,58.11227122301352,19.47143268500804,1.4399048009945545,74.01833883699146,153.12522966400138,0.0008185002384577041,0.23662600717063004,0.011068351383219318,0.04207502325603383,,,,
haotian_3b_dvao_s2_save10,3b,dvao,2,44,,,,,434276,457036,22760,450044,450045,450044.25,0.16375604271888733,0.001,0.12722722347825766,0.014901693983119912,0.0006134454570201342,-2.9080518601176664e-05,1.5031455159187317,0.40497350915912833,1e-06,2.8692471981048584,4.0,-3.0,0.95703125,1.0,0.0,1.912216067314148,3.0,-3.0,0.0,0.0,0.0,2.8510844707489014,4.001269817352295,-3.0295369625091553,-0.0016725707100704312,0.21229778230190277,1.7320514917373657,-1.7320510149002075,-0.0016725707100704312,1.7320514917373657,-1.7320510149002075,118.32666015625,1024.0,43.0,0.00048828125,760.666015625,2048.0,399.0,0.00390625,61.80547136097448,20.02841370299575,1.32762494799681,77.54828806399019,160.82306757199694,0.0007374968950257725,0.2550435613844358,0.01112580246442197,0.04307814624005872,,,,
haotian_3b_dvao_s2_save10,3b,dvao,2,45,,,,,438183,477452,39269,461108,461109,461108.5,0.16349050402641296,0.001,0.1274694229941815,-0.0023278849766938947,0.0005529024301722529,7.862041076123205e-05,1.731243908405304,0.41760338369155636,1e-06,2.799062728881836,4.0,-3.0,0.94873046875,1.0,0.0,1.850332260131836,3.0,-3.0,0.0,0.0,0.0,2.780423879623413,3.9983408451080322,-3.032255172729492,-0.006866654381155968,0.2092260867357254,1.7320520877838135,-1.732054352760315,-0.006866654381155968,1.7320520877838135,-1.732054352760315,124.3720703125,1024.0,25.0,0.0009765625,776.23046875,2048.0,427.0,0.001953125,60.584619250003016,20.83846630199696,1.4457828629820142,76.66458850397612,159.66304696898442,0.0007838626174653114,0.23785351119295764,0.011298027634492185,0.04156537371571773,,,,
haotian_3b_dvao_s2_save10,3b,dvao,2,46,,,,,443241,506265,63024,466532,466532,466532.0,0.16293862462043762,0.001,0.13258976442739367,-0.013805174428853206,0.0004902101882180432,-5.264683932182379e-05,1.695077657699585,0.403599503134689,1e-06,2.799487829208374,4.0,-3.0,0.94287109375,1.0,0.0,1.856616735458374,3.0,-3.0,0.0,0.0,0.0,2.7809042930603027,3.999129056930542,-3.0315463542938232,-0.022497892379760742,0.2638883590698242,1.7320513725280762,-1.7320514917373657,-0.022497892379760742,1.7320513725280762,-1.7320514917373657,127.8984375,1024.0,41.0,0.00537109375,783.296875,2048.0,416.0,0.0078125,65.14502516499488,20.599257979978574,1.2522698770044371,80.41459174198098,167.51002141300705,0.0006710525092621927,0.24870588680057296,0.011038502171329392,0.04309168060389265,,,,
haotian_3b_dvao_s2_save10,3b,dvao,2,47,,,,,421852,473073,51221,441711,441711,441711.0,0.1693803071975708,0.001,0.10793059642116229,0.00047261857738097507,0.0003889323027882104,-5.322388555365857e-05,1.271787941455841,0.41700474203715115,1e-06,2.9217677116394043,4.0,-3.0,0.95556640625,1.0,0.0,1.9662015438079834,3.0,-3.0,0.0,0.0,0.0,2.902803897857666,3.999966621398926,-3.032170057296753,-0.00285373255610466,0.19950714707374573,1.732051134109497,-1.7320513725280762,-0.00285373255610466,1.732051134109497,-1.7320513725280762,118.146484375,1024.0,39.0,0.00048828125,744.5703125,2048.0,399.0,0.005859375,54.41440994301229,19.486677052016603,1.592884306999622,74.21890399599215,149.82519614399644,0.0009015421321857628,0.22488638782220616,0.011029087487076733,0.04200648387519903,,,,
haotian_3b_dvao_s2_save10,3b,dvao,2,48,,,,,425677,479592,53915,456663,456664,456663.5,0.1636492908000946,0.001,0.14044753654349235,-0.010041370311932217,0.0006547200910356496,6.72925434041498e-05,1.4168884754180908,0.40690067058071766,1e-06,2.803652763366699,4.0,-3.0,0.93603515625,1.0,0.0,1.8676176071166992,3.0,-3.0,0.0,0.0,0.0,2.78485107421875,3.9979889392852783,-3.0382425785064697,0.004855409264564514,0.2191978543996811,1.732051134109497,-1.7320553064346313,0.004855409264564514,1.732051134109497,-1.7320553064346313,127.0439453125,983.0,35.0,0.0,764.876953125,2048.0,423.0,0.005859375,59.505360286013456,20.13144754600944,1.2156649340176955,77.93101847200887,158.87258572599967,0.0006655146152570193,0.22870315960894688,0.01102094186748527,0.042663262156932225,,,,
haotian_3b_dvao_s2_save10,3b,dvao,2,49,,,,,436951,482492,45541,468625,468626,468625.75,0.1643843948841095,0.001,0.15101045020855963,-0.017089350586502405,0.0004483351804083213,0.00013709787072002655,1.4619114696979523,0.41805257168317267,1e-06,2.722393274307251,4.0,-3.0,0.96044921875,1.0,0.0,1.76194429397583,3.0,-3.0,0.0,0.0,0.0,2.7038567066192627,4.000730037689209,-3.036849021911621,-0.0008742744685150683,0.20620505511760712,1.7320513725280762,-1.7320513725280762,-0.0008742744685150683,1.7320513725280762,-1.7320513725280762,121.00341796875,1024.0,43.0,0.00048828125,794.28125,2048.0,416.0,0.00390625,54.78062301001046,20.56356144201709,1.2681951760023367,77.87000405599247,154.56405601499137,0.0006765500914121432,0.221054508443841,0.01097014058767422,0.041541680144546296,,,,
haotian_3b_dvao_s2_save10,3b,dvao,2,50,2.6966387782245875,0.975,1.7216387762688101,0.0,444339,456300,11961,450278,450279,450278.5,0.1700071096420288,0.001,0.1286348449366708,-0.023135092229612412,0.0006125005179895989,0.00014175774484673668,1.3222202956676483,0.41128491100944387,1e-06,2.86759877204895,4.0,-3.0,0.951171875,1.0,0.0,1.916426658630371,3.0,-3.0,0.0,0.0,0.0,2.8484363555908203,4.000822067260742,-3.0363991260528564,-0.002115444280207157,0.20900359749794006,1.7320514917373657,-1.7320518493652344,-0.002115444280207157,1.7320514917373657,-1.7320518493652344,123.8466796875,1024.0,43.0,0.00048828125,755.603515625,2048.0,407.0,0.00390625,52.10536141099874,19.999465800006874,1.2828266719880048,75.93554215901531,194.49874734098557,0.0007122406865906349,0.2054319991917565,0.011103942226870079,0.04216031975711438,17.91719475699938,27.156982354004867,,
haotian_3b_dvao_s2_save10,3b,dvao,2,51,,,,,424012,457595,33583,444167,444168,444167.75,0.16950669884681702,0.001,0.11020873679268745,0.00721883172950437,0.0007999185022086867,3.0017703407323888e-05,37.23142382502556,0.4158698979021275,1e-06,2.7626895904541016,4.0,-3.0,0.94970703125,1.0,0.0,1.812982439994812,3.0,-3.0,0.0,0.0,0.0,2.7501087188720703,14.573455810546875,-3.043240547180176,0.007509469985961914,0.22606569528579712,1.7320514917373657,-1.7320513725280762,0.007509469985961914,1.7320514917373657,-1.7320513725280762,118.08544921875,1024.0,45.0,0.00048828125,749.4296875,1969.0,416.0,0.0,63.10787996900035,20.304664051014697,1.1911707769904751,74.02668775399798,158.74146263397415,0.0006704509596827297,0.2609499707201913,0.011428488477053262,0.04166595152056739,,,,
haotian_3b_dvao_s2_save10,3b,dvao,2,52,,,,,445154,466659,21505,453322,453322,453322.0,0.17329350113868713,0.001,0.13436540340383848,-0.005498967257638773,0.0005229710009492313,0.0002423196247643015,1.545704334974289,0.41346239594915335,1e-06,2.891566276550293,4.0,-3.0,0.9443359375,1.0,0.0,1.947230577468872,3.0,-3.0,0.0,0.0,0.0,2.872580051422119,4.004478931427002,-3.0449280738830566,0.003994039259850979,0.20585492253303528,1.7320510149002075,-1.7320512533187866,0.003994039259850979,1.7320510149002075,-1.7320512533187866,118.55859375,752.0,43.0,0.0,766.8359375,2048.0,393.0,0.005859375,57.080541700008325,20.194129013019847,1.2104417440132238,76.17125870200107,154.7550682379806,0.000667539709088255,0.23508509480745415,0.011136746624375084,0.04200725902449091,,,,
haotian_3b_dvao_s2_save10,3b,dvao,2,53,,,,,426638,497442,70804,455908,455908,455908.0,0.1715513914823532,0.001,0.12549197625729344,0.045253281721905354,0.0005063103087576887,9.929519681815779e-05,1.4812264442443848,0.41174231389073956,1e-06,2.7395060062408447,4.0,-3.0,0.93798828125,1.0,0.0,1.8015177249908447,3.0,-3.0,0.0,0.0,0.0,2.719552516937256,4.0010294914245605,-3.040217876434326,-0.002199453068897128,0.23523171246051788,1.7320510149002075,-1.7320513725280762,-0.002199453068897128,1.7320510149002075,-1.7320513725280762,125.154296875,1024.0,41.0,0.00048828125,765.291015625,2048.0,418.0,0.001953125,56.6691045530024,20.570498455985216,1.4681591289991047,76.91072731901659,155.7156232179841,0.0008050742304363516,0.22109078072770486,0.011279961338683033,0.04217447781077355,,,,
haotian_3b_dvao_s2_save10,3b,dvao,2,54,,,,,453406,478258,24852,460776,460777,460776.25,0.1717567890882492,0.001,0.1094467923976481,0.04247031894919928,0.0005147291740286164,0.00022630582179772318,1.3066332936286926,0.41323776046604366,1e-06,2.834049701690674,4.0,-3.0,0.9619140625,1.0,0.0,1.8721357583999634,3.0,-3.0,0.0,0.0,0.0,2.8146796226501465,4.000330924987793,-3.0408568382263184,-0.004053135868161917,0.12443701177835464,1.7320520877838135,-1.7320513725280762,-0.004053135868161917,1.7320520877838135,-1.7320513725280762,119.94189453125,1024.0,36.0,0.0009765625,780.01171875,1917.0,424.0,0.0,56.34197619499173,20.507473747013137,1.2380236070021056,77.39070671101217,155.61012028800906,0.000671705413962908,0.22936715041459582,0.011126590046152084,0.0419893097305971,,,,
haotian_3b_dvao_s2_save10,3b,dvao,2,55,,,,,437892,484619,46727,461208,461209,461208.5,0.16958150267601013,0.001,0.12987274304032326,0.03350716172644752,0.0008143260711221956,6.969948731239128e-05,1.717012345790863,0.40663014479249987,1e-06,2.7983205318450928,4.0,-3.0,0.96484375,1.0,0.0,1.8334766626358032,3.0,-3.0,0.0,0.0,0.0,2.7787604331970215,4.003958702087402,-3.0410966873168945,-0.006197681184858084,0.18648068606853485,1.732051134109497,-1.7320538759231567,-0.006197681184858084,1.732051134109497,-1.7320538759231567,123.4248046875,1024.0,44.0,0.00146484375,777.373046875,2048.0,389.0,0.009765625,56.520672796992585,20.582274595013587,1.3144299059931654,78.77251591600361,157.31080956500955,0.0007124922383223453,0.22360160774839416,0.011156708188928428,0.04269897232813555,,,,
haotian_3b_dvao_s2_save10,3b,dvao,2,56,,,,,452795,461383,8588,457188,457189,457188.75,0.17490652203559875,0.001,0.11307730048429221,-0.009764668546267785,0.0005958276951787411,0.00011623485897871433,1.449565440416336,0.40925459740158426,1e-06,2.922523021697998,4.0,-3.0,0.962890625,1.0,0.0,1.9596322774887085,3.0,-3.0,0.0,0.0,0.0,2.9023184776306152,4.000039100646973,-3.045523166656494,-0.004110373556613922,0.1931033879518509,1.7320512533187866,-1.7320513725280762,-0.004110373556613922,1.7320512533187866,-1.7320513725280762,121.79443359375,1024.0,35.0,0.00048828125,771.15234375,2048.0,399.0,0.0078125,54.38892444598605,20.100723882002058,1.6025405960099306,77.5232184670167,153.72201608802425,0.0008763014159960906,0.21804848736538998,0.010991479931429885,0.04239125441462454,,,,
haotian_3b_dvao_s2_save10,3b,dvao,2,57,,,,,433352,471861,38509,449554,449555,449554.5,0.17820417881011963,0.001,0.11020025511582693,0.03366266736993566,0.0007282829746448745,-6.620932532920657e-05,1.3112744390964508,0.4156470717217275,1e-06,2.873581647872925,4.0,-3.0,0.9599609375,1.0,0.0,1.9136205911636353,3.0,-3.0,0.0,0.0,0.0,2.8535072803497314,3.997962474822998,-3.033851385116577,-0.001883822726085782,0.2113533765077591,1.732051134109497,-1.7320547103881836,-0.001883822726085782,1.732051134109497,-1.7320547103881836,119.1923828125,1024.0,43.0,0.0009765625,758.84375,2048.0,399.0,0.005859375,55.205185685976176,20.269955860974733,1.2270288080035243,75.10732474600081,152.32620201600366,0.0006823582057367485,0.22615251442396408,0.011272246113082359,0.04176764149063173,,,,
haotian_3b_dvao_s2_save10,3b,dvao,2,58,,,,,440244,464227,23983,452077,452078,452077.25,0.17983824014663696,0.001,0.11470200265607526,0.0022868230608442137,0.0004194554733863521,4.050740778526937e-05,1.2250910103321075,0.4070394112693681,1e-06,2.933253288269043,4.0,-3.0,0.9541015625,1.0,0.0,1.979151964187622,3.0,-3.0,0.0,0.0,0.0,2.912698745727539,3.9976582527160645,-3.0438179969787598,-0.00639541307464242,0.15280619263648987,1.7320520877838135,-1.7320531606674194,-0.00639541307464242,1.7320520877838135,-1.7320531606674194,121.04931640625,1024.0,45.0,0.00048828125,761.9140625,2048.0,418.0,0.00390625,54.826693852985045,20.089983654004754,1.2030586789769586,77.02572431901353,153.26292306100368,0.0006652948577798145,0.22115652861729523,0.01110981787626161,0.04259544376487289,,,,
haotian_3b_dvao_s2_save10,3b,dvao,2,59,,,,,452193,482895,30702,464335,464336,464335.25,0.16947895288467407,0.001,0.10894308635033667,-0.010998987956554629,0.0005065634422862786,-3.409359885608865e-05,40.93512988090515,0.4113534824574998,1e-06,2.8130195140838623,4.0,-3.0,0.94677734375,1.0,0.0,1.8662421703338623,3.0,-3.0,0.0,0.0,0.0,2.80540132522583,26.170183181762695,-3.0392568111419678,-0.013039727695286274,0.18109291791915894,1.732050895690918,-1.7320525646209717,-0.013039727695286274,1.732050895690918,-1.7320525646209717,122.75634765625,1024.0,28.0,0.001953125,784.1484375,2048.0,389.0,0.005859375,61.95622345499578,20.554451391013572,1.237959858000977,78.41961724701105,162.27064164399053,0.000666522656852445,0.24643990157314205,0.01106660079706073,0.042221443045197975,,,,
haotian_3b_dvao_s2_save10,3b,dvao,2,60,2.826316811516881,0.975,1.851316806487739,0.0,450711,462222,11511,456173,456173,456173.0,0.17923156917095184,0.001,0.09331283054780215,-0.011646384446066804,0.00027301505906507373,8.581429764831228e-05,1.4300581812858582,0.41109992254609384,1e-06,2.8384251594543457,4.0,-3.0,0.96484375,1.0,0.0,1.8735815286636353,3.0,-3.0,0.0,0.0,0.0,2.8175976276397705,4.0011091232299805,-3.0253512859344482,0.0025165651459246874,0.15302470326423645,1.7320512533187866,-1.7320513725280762,0.0025165651459246874,1.7320512533187866,-1.7320513725280762,124.32421875,957.0,43.0,0.0,766.638671875,2048.0,413.0,0.005859375,52.86816229298711,20.05893279297743,1.2069708380149677,76.95634547399823,194.78850278700702,0.0006614655174763564,0.20763880625328773,0.010993051316593392,0.04217497828345728,16.763452517974656,26.85063172801165,,
haotian_3b_dvao_s2_save10,3b,dvao,2,61,,,,,439078,461401,22323,450184,450184,450184.0,0.18883159756660461,0.001,0.10425718948245048,0.02970197981533905,0.000608285217701147,0.00034936946285597515,1.3228910267353058,0.4011456226072536,1e-06,2.8742735385894775,4.0,-3.0,0.96044921875,1.0,0.0,1.9138245582580566,3.0,-3.0,0.0,0.0,0.0,2.8526508808135986,3.998635768890381,-3.050668954849243,-0.008243332616984844,0.15749259293079376,1.732050895690918,-1.7320510149002075,-0.008243332616984844,1.732050895690918,-1.7320510149002075,121.18359375,1024.0,34.0,0.0009765625,758.08203125,2048.0,402.0,0.001953125,57.32980914899963,19.89109856900177,1.5297685709956568,77.90439717000118,156.75430052599404,0.0008495240673789255,0.23099720025867757,0.011046093691136164,0.04326253108173612,,,,
haotian_3b_dvao_s2_save10,3b,dvao,2,62,,,,,449836,475044,25208,463875,463876,463875.25,0.18609224259853363,0.001,0.09023651119787246,-0.003744948480743915,0.00040606080347060924,0.00036948744696019276,1.7409636080265045,0.4149184141083875,1e-06,2.88185977935791,4.0,-3.0,0.9521484375,1.0,0.0,1.929711103439331,3.0,-3.0,0.0,0.0,0.0,2.8603198528289795,4.000512599945068,-3.043553352355957,-0.016003137454390526,0.1700149029493332,1.732050895690918,-1.7320518493652344,-0.016003137454390526,1.732050895690918,-1.7320518493652344,125.48681640625,1024.0,35.0,0.00146484375,780.51953125,2048.0,393.0,0.0078125,61.21596554998541,20.537167389993556,1.2577207070135046,77.72258614798193,160.81941711599939,0.0006778334837941368,0.23819719899448402,0.0110682599416511,0.04188765521979343,,,,
haotian_3b_dvao_s2_save10,3b,dvao,2,63,,,,,423747,453532,29785,439581,439582,439581.25,0.18708276748657227,0.001,0.07739996614641156,0.030621055545734948,0.0003698095910106625,0.0002130360464026784,1.271239310503006,0.4132577950276391,1e-06,2.9967010021209717,4.0,-3.0,0.96728515625,1.0,0.0,2.0294158458709717,3.0,-3.0,0.0,0.0,0.0,2.976484775543213,3.99930477142334,-3.0261776447296143,-0.009296100586652756,0.13723960518836975,1.732050895690918,-1.7320525646209717,-0.009296100586652756,1.732050895690918,-1.7320525646209717,112.45361328125,687.0,46.0,0.0,746.103515625,2048.0,407.0,0.001953125,47.345346398011316,19.39918120400398,1.1955804519820958,73.71178247901844,141.755785751011,0.0006799541904836113,0.205576719558895,0.011032761977452394,0.04192159155959134,,,,
haotian_3b_dvao_s2_save10,3b,dvao,2,64,,,,,433459,481707,48248,453032,453033,453032.25,0.19339458644390106,0.001,0.07463191137198479,0.004363129576367717,0.0005299584243461609,0.00034433326506968435,1.444640576839447,0.40957439885611724,1e-06,2.8603262901306152,4.0,-3.0,0.96826171875,1.0,0.0,1.8920645713806152,3.0,-3.0,0.0,0.0,0.0,2.837860107421875,3.997807741165161,-3.0305259227752686,-0.0051990388892591,0.15498404204845428,1.7320512533187866,-1.7320513725280762,-0.0051990388892591,1.7320512533187866,-1.7320513725280762,123.56494140625,990.0,45.0,0.0,761.263671875,2048.0,421.0,0.009765625,55.999205857980996,20.32221849699272,1.2005469279829413,76.79725718300324,154.41433452401543,0.0006625063270787793,0.2212873807421175,0.011214553984287386,0.042379575175389414,,,,
haotian_3b_dvao_s2_save10,3b,dvao,2,65,,,,,448643,463326,14683,454181,454181,454181.0,0.19629201292991638,0.001,0.07421929389238358,-0.014762978996926298,0.00032315302232746037,0.0004455361685055929,1.5472487211227417,0.4093802845258599,1e-06,2.969395160675049,4.0,-3.0,0.96923828125,1.0,0.0,2.000156879425049,3.0,-3.0,0.0,0.0,0.0,2.9472503662109375,3.999845504760742,-3.042884111404419,0.00030832772608846426,0.10393558442592621,1.732050895690918,-1.7320514917373657,0.00030832772608846426,1.732050895690918,-1.7320514917373657,119.63671875,664.0,40.0,0.0,767.435546875,2048.0,389.0,0.0078125,51.30484483297914,20.170984239986865,1.228786344989203,77.0239654330071,149.820610862982,0.0006763748070643658,0.2093938552297774,0.011102943672229169,0.04239717504310347,,,,
haotian_3b_dvao_s2_save10,3b,dvao,2,66,,,,,433855,475047,41192,453960,453960,453960.0,0.19711637496948242,0.001,0.08060260453531819,0.007710231468081474,0.0006687779809468456,0.00030383980573523946,1.3834129571914673,0.41150646059886054,1e-06,2.9055306911468506,4.0,-3.0,0.96240234375,1.0,0.0,1.9431283473968506,3.0,-3.0,0.0,0.0,0.0,2.884007453918457,3.9990193843841553,-3.048377513885498,-0.0017458152724429965,0.13581311702728271,1.7320512533187866,-1.7320510149002075,-0.0017458152724429965,1.7320512533187866,-1.7320510149002075,116.001953125,593.0,43.0,0.0,770.638671875,2048.0,418.0,0.005859375,48.899234117998276,20.168836693977937,1.4085733429819811,76.63261742799659,147.21587790100602,0.0007757144588631053,0.20582911335510193,0.011107166211768623,0.04220229614283009,,,,
haotian_3b_dvao_s2_save10,3b,dvao,2,67,,,,,437224,468891,31667,452060,452060,452060.0,0.20336772501468658,0.001,0.08034544078012308,0.006668597149352233,0.0006963619050414612,-4.0828609780874106e-05,1.272106260061264,0.41646852928462735,1e-06,2.898116111755371,4.0,-3.0,0.96484375,1.0,0.0,1.9332724809646606,3.0,-3.0,0.0,0.0,0.0,2.8750147819519043,4.001856327056885,-3.0623035430908203,-0.0022818304132670164,0.1368519812822342,1.732050895690918,-1.732050895690918,-0.0022818304132670164,1.732050895690918,-1.732050895690918,120.951171875,869.0,44.0,0.0,761.978515625,2048.0,418.0,0.001953125,52.21268737601349,20.35084079299122,1.2438617710140534,75.32515642701765,149.21447704397724,0.0006878853310478992,0.21078320997308722,0.011254502053373016,0.04165661440241209,,,,
haotian_3b_dvao_s2_save10,3b,dvao,2,68,,,,,441745,455180,13435,448078,448079,448078.5,0.1883619725704193,0.001,0.08901145032817318,0.011469312132366242,0.00037251653022042685,0.00012819025165123504,2.5970107316970825,0.40521525214775034,1e-06,2.907266139984131,4.0,-3.0,0.95068359375,1.0,0.0,1.9565824270248413,3.0,-3.0,0.0,0.0,0.0,2.9007980823516846,31.404510498046875,-3.040738582611084,0.0008186807972379029,0.10272271931171417,1.7320512533187866,-1.7320513725280762,0.0008186807972379029,1.7320512533187866,-1.7320513725280762,113.4267578125,1024.0,44.0,0.00048828125,761.7265625,2048.0,393.0,0.001953125,47.49933444597991,19.86537987101474,1.4641573039989453,76.72512175500742,145.65265674801776,0.0008169089255559825,0.20447586482010138,0.011083649333216579,0.04280785719188012,,,,
haotian_3b_dvao_s2_save10,3b,dvao,2,69,,,,,421087,484659,63572,447597,447598,447597.75,0.202532559633255,0.001,0.07451069775608278,-0.01856583155571453,0.0004341073386791733,0.0003091288752095293,1.3512095212936401,0.3880324262595916,1e-06,2.8446261882781982,4.0,-3.0,0.96337890625,1.0,0.0,1.8812472820281982,3.0,-3.0,0.0,0.0,0.0,2.822383165359497,3.998121976852417,-3.056567907333374,0.0012885959586128592,0.13831427693367004,1.7320512533187866,-1.732051134109497,0.0012885959586128592,1.7320512533187866,-1.732051134109497,114.45263671875,1024.0,26.0,0.00048828125,759.76171875,2048.0,414.0,0.00390625,56.248667123989435,19.964770168007817,1.3816159889975097,79.88334334400133,157.5971548249945,0.0007716839444554344,0.23996974016096245,0.011151067095404197,0.0446178199868081,,,,
haotian_3b_dvao_s2_save10,3b,dvao,2,70,2.7918456602841615,0.975,1.8168456558138133,0.0,437838,460036,22198,452439,452440,452439.25,0.20579460263252258,0.001,0.08083212934434414,-0.01774166627728846,0.0004097329247088055,0.0002706308086999343,1.3623017370700836,0.4205969633457609,1e-06,2.945375919342041,4.0,-3.0,0.95556640625,1.0,0.0,1.989809513092041,3.0,-3.0,0.0,0.0,0.0,2.922908067703247,3.996823310852051,-3.0594980716705322,-0.007488173432648182,0.14602583646774292,1.732051134109497,-1.7320526838302612,-0.007488173432648182,1.732051134109497,-1.7320526838302612,113.85400390625,1006.0,44.0,0.0,769.81640625,2048.0,399.0,0.001953125,53.28692935599247,20.072199174988782,1.2523433699971065,74.59018896601629,187.41695232401253,0.0006919953176018143,0.22852958685607883,0.01109110183023952,0.04121558251523066,12.262663285015151,25.843852178019006,,
haotian_3b_dvao_s2_save10,3b,dvao,2,71,,,,,429060,459724,30664,445763,445764,445763.75,0.2053672820329666,0.001,0.09121474565472454,-0.0066120285518991295,0.0005398422936195857,0.0002174203447609102,1.542822152376175,0.4036203626387907,1e-06,2.8202414512634277,4.0,-3.0,0.95263671875,1.0,0.0,1.8676047325134277,3.0,-3.0,0.0,0.0,0.0,2.7972023487091064,3.9971840381622314,-3.050605297088623,-0.0017553218640387058,0.15550854802131653,1.732050895690918,-1.732051134109497,-0.0017553218640387058,1.732050895690918,-1.732051134109497,117.37646484375,505.0,41.0,0.0,753.255859375,2048.0,418.0,0.001953125,51.02527772801113,19.65490232402226,1.4420112179941498,76.52341771300416,148.7457443609892,0.0008087306437513985,0.2122630496990733,0.011023160992802948,0.042917025954333526,,,,
haotian_3b_dvao_s2_save10,3b,dvao,2,72,,,,,441113,469397,28284,458035,458036,458035.5,0.20572853088378906,0.001,0.07184717605911917,0.015059702939564181,0.00019765768346617058,1.5895243244989204e-05,1.1942457556724548,0.41803829046439445,1e-06,2.9941246509552,4.0,-3.0,0.978515625,1.0,0.0,2.015608787536621,3.0,-3.0,0.0,0.0,0.0,2.971700429916382,4.000668048858643,-3.041585683822632,-0.004340400453656912,0.11346722394227982,1.7320510149002075,-1.732051134109497,-0.004340400453656912,1.7320510149002075,-1.732051134109497,118.1904296875,952.0,42.0,0.0,776.41015625,2048.0,399.0,0.0078125,59.255801566992886,20.481382047990337,1.2372916490130592,76.16189946199302,157.23183996599982,0.0006753251925959119,0.24480405846213193,0.01117892720541876,0.041569867107458386,,,,
haotian_3b_dvao_s2_save10,3b,dvao,2,73,,,,,452832,469684,16852,462020,462021,462020.25,0.21077711880207062,0.001,0.07965456845704466,0.004433471825905144,0.00038457620485132793,0.00041663503657218826,1.3792969286441803,0.41303940297100483,1e-06,2.865260601043701,4.0,-3.0,0.943359375,1.0,0.0,1.9219012260437012,3.0,-3.0,0.0,0.0,0.0,2.8422555923461914,3.9962291717529297,-3.0632212162017822,0.0016185311833396554,0.11961109191179276,1.7320517301559448,-1.7320536375045776,0.0016185311833396554,1.7320517301559448,-1.7320536375045776,116.77587890625,609.0,24.0,0.0,785.607421875,2048.0,393.0,0.01171875,52.13454879698111,20.696034199005226,1.5261627210129518,77.63528625498293,152.10767921200022,0.0008258094320611227,0.2179929870209992,0.011198661854650974,0.042008594999344145,,,,
haotian_3b_dvao_s2_save10,3b,dvao,2,74,,,,,411811,455461,43650,439357,439358,439357.75,0.19355882704257965,0.001,0.06464024571081002,0.01953282915055752,0.0006824748396563033,0.0002645599568495527,132.0408452451229,0.41351293387215476,1e-06,2.966893434524536,4.0,-3.0,0.97412109375,1.0,0.0,1.9927724599838257,3.0,-3.0,0.0,0.0,0.0,2.959730863571167,32.53751754760742,-3.0193541049957275,-0.0034466530196368694,0.14531832933425903,1.732050895690918,-1.7320514917373657,-0.0034466530196368694,1.732050895690918,-1.7320514917373657,114.92919921875,1024.0,37.0,0.00048828125,743.19140625,1942.0,407.0,0.0,45.78942345001269,19.795835077005904,1.2047662359836977,73.67698428800213,140.55955634999555,0.000685526906025726,0.19453817716415375,0.011264075276358448,0.041923116348808076,,,,
haotian_3b_dvao_s2_save10,3b,dvao,2,75,,,,,410243,462516,52273,443932,443933,443932.25,0.20867198705673218,0.001,0.07831757913033167,-0.016136753015841047,0.0006690659249822299,9.152882333485953e-05,1.7983867526054382,0.4103879468895681,1e-06,2.9421041011810303,4.0,-3.0,0.970703125,1.0,0.0,1.9714012145996094,3.0,-3.0,0.0,0.0,0.0,2.919780969619751,3.99788761138916,-3.0427045822143555,-0.002717656083405018,0.13189390301704407,1.7320524454116821,-1.732051134109497,-0.002717656083405018,1.7320524454116821,-1.732051134109497,112.69775390625,1024.0,43.0,0.00048828125,754.357421875,2048.0,389.0,0.001953125,57.79923133298871,19.73413160801283,1.5665054839919321,75.07919057802064,154.28233393098344,0.0008821759874349815,0.2504245199756882,0.011113256362886922,0.042280770645757686,,,,
haotian_3b_dvao_s2_save10,3b,dvao,2,76,,,,,439286,469737,30451,451585,451586,451585.75,0.2106650471687317,0.001,0.08725182868299945,0.006236798031398306,0.00031115991840769926,9.193829605318305e-05,1.7296267449855804,0.40435505843986536,1e-06,2.953335762023926,4.0,-3.0,0.96728515625,1.0,0.0,1.9860504865646362,3.0,-3.0,0.0,0.0,0.0,2.929935932159424,4.001620769500732,-3.0433788299560547,-0.004271834623068571,0.09801455587148666,1.732050895690918,-1.732050895690918,-0.004271834623068571,1.732050895690918,-1.732050895690918,117.15771484375,529.0,44.0,0.0,764.845703125,2048.0,418.0,0.00390625,47.541000183002325,20.213284775003558,1.554519191995496,77.5376916009991,146.972123553016,0.0008605891527774603,0.19813786080213022,0.011190169737975323,0.042925231587245115,,,,
haotian_3b_dvao_s2_save10,3b,dvao,2,77,,,,,461807,467670,5863,463479,463480,463479.75,0.20878106355667114,0.001,0.06935605779290199,-0.024528575246222317,0.0004309422984078992,2.442288086967892e-05,1.2171282768249512,0.4120895516836205,1e-06,2.8507275581359863,4.0,-3.0,0.95361328125,1.0,0.0,1.8971145153045654,3.0,-3.0,0.0,0.0,0.0,2.827430009841919,3.996997594833374,-3.0492911338806152,0.004039396066218615,0.12380298227071762,1.732050895690918,-1.732050895690918,0.004039396066218615,1.732050895690918,-1.732050895690918,119.33544921875,1024.0,44.0,0.00048828125,785.8984375,2048.0,407.0,0.00390625,59.39286458099377,20.73992651401204,1.2576569579832722,78.07796822299133,159.5694436079939,0.000678377511629835,0.24301598853102416,0.01118707263586599,0.04211509144843509,,,,
haotian_3b_dvao_s2_save10,3b,dvao,2,78,,,,,449989,462866,12877,458508,458509,458508.75,0.2151108980178833,0.001,0.06862249135250045,0.016219085056124436,0.0004103443145962252,0.00014428602533429982,1.1356757879257202,0.4133960214357572,1e-06,2.907940626144409,4.0,-3.0,0.962890625,1.0,0.0,1.9450500011444092,3.0,-3.0,0.0,0.0,0.0,2.88505482673645,3.9967687129974365,-3.046173334121704,-0.008758455514907837,0.11966001987457275,1.732050895690918,-1.732051134109497,-0.008758455514907837,1.732050895690918,-1.732051134109497,114.17724609375,1024.0,42.0,0.00048828125,781.34765625,2048.0,393.0,0.005859375,56.84351715899538,20.1561499920208,1.4343548709875904,77.06871409498854,155.5830095059937,0.000782076062336646,0.2430924248251775,0.010990057437301252,0.04202139768051784,,,,
haotian_3b_dvao_s2_save10,3b,dvao,2,79,,,,,437286,478199,40913,455716,455717,455716.5,0.19381380081176758,0.001,0.06922663538716733,0.0369049684231868,0.00030355204035004135,0.00017548652641607987,85.97930720448494,0.41968949246595993,1e-06,2.955479145050049,4.0,-3.0,0.9658203125,1.0,0.0,1.9896587133407593,3.0,-3.0,0.0,0.0,0.0,2.9492979049682617,37.79834747314453,-3.0390591621398926,-0.006598568055778742,0.16460086405277252,1.732050895690918,-1.7320520877838135,-0.006598568055778742,1.732050895690918,-1.7320520877838135,118.5380859375,1024.0,44.0,0.0009765625,771.533203125,2048.0,389.0,0.00390625,57.92744143499294,20.776907941995887,1.222293195023667,75.32479104597587,155.33557790299528,0.0006705337611342068,0.23861430939667394,0.011397934868496032,0.0413221767513223,,,,
haotian_3b_dvao_s2_save10,3b,dvao,2,80,2.7853552747517822,0.975,1.810355270281434,0.0,436856,483079,46223,457420,457421,457420.5,0.1979387253522873,0.001,0.05551264543206461,0.02010431453104942,0.00041536906557608277,3.507353176246397e-05,10.298633098602295,0.4114334584760058,1e-06,2.926593780517578,4.0,-3.0,0.95556640625,1.0,0.0,1.9710276126861572,3.0,-3.0,0.0,0.0,0.0,2.921861410140991,42.844783782958984,-3.0440564155578613,-0.011898679658770561,0.15370604395866394,1.732051134109497,-1.7320510149002075,-0.011898679658770561,1.732051134109497,-1.7320510149002075,119.7744140625,1024.0,32.0,0.00146484375,773.625,2048.0,416.0,0.009765625,55.22812537601567,20.007104010990588,1.2085095680085942,77.23893397400388,197.8118466779997,0.0006605025179285767,0.2251470675505535,0.01093474385767067,0.042214403362990885,17.10619448198122,26.931033242988633,,
haotian_3b_dvao_s2_save10,3b,dvao,2,81,,,,,447873,479890,32017,463390,463391,463390.25,0.21283100545406342,0.001,0.0741012625512667,-0.022779374550736975,0.0003868232015520334,0.00017702438063338377,1.7106229066848755,0.4143485489483337,1e-06,2.8719544410705566,4.0,-3.0,0.96923828125,1.0,0.0,1.9027161598205566,3.0,-3.0,0.0,0.0,0.0,2.8473286628723145,3.9966588020324707,-3.0239579677581787,-0.005251309368759394,0.12220090627670288,1.732050895690918,-1.7320512533187866,-0.005251309368759394,1.732050895690918,-1.7320512533187866,122.06494140625,723.0,26.0,0.0,782.994140625,2048.0,413.0,0.005859375,52.81884883597377,21.142800534988055,1.2978912800026592,77.724076849001,153.05939482801477,0.0007002150347372756,0.21128469187033735,0.011406584695614579,0.04193230050103611,,,,
haotian_3b_dvao_s2_save10,3b,dvao,2,82,,,,,441469,452447,10978,446052,446053,446052.25,0.21920685470104218,0.001,0.06583967573683837,0.021378304062668104,0.0003832951980915948,0.00037043839256512,1.1135466992855072,0.4151723615873388,1e-06,2.962347984313965,4.0,-3.0,0.958984375,1.0,0.0,2.003363609313965,3.0,-3.0,0.0,0.0,0.0,2.9378812313079834,3.996082067489624,-3.016866445541382,-0.0018406250746920705,0.11855516582727432,1.732050895690918,-1.7320529222488403,-0.0018406250746920705,1.732050895690918,-1.7320529222488403,116.85986328125,560.0,42.0,0.0,754.3359375,2048.0,425.0,0.001953125,46.289640367001994,19.898256504005985,1.190298116998747,74.52107589002117,141.99145552300615,0.0006671293088414793,0.19341425555198907,0.01115242469016017,0.0417670104175134,,,,
haotian_3b_dvao_s2_save10,3b,dvao,2,83,,,,,447966,477601,29635,456933,456933,456933.0,0.21767370402812958,0.001,0.07138214772567153,-0.015029526082798839,0.0006499156279460294,6.137888135526737e-05,1.394428789615631,0.4137024909797077,1e-06,2.9166998863220215,4.0,-3.0,0.96435546875,1.0,0.0,1.952344298362732,3.0,-3.0,0.0,0.0,0.0,2.893205404281616,3.9993557929992676,-3.0336849689483643,0.002206545090302825,0.1018059253692627,1.732051134109497,-1.7320514917373657,0.002206545090302825,1.732051134109497,-1.7320514917373657,113.994140625,524.0,42.0,0.0,778.453125,2048.0,426.0,0.005859375,46.9930063560023,20.5289815570286,1.3134192660218105,76.68726941099158,145.61961232600152,0.0007186060461937585,0.201289327319465,0.011231942952811791,0.04195761162522272,,,,
haotian_3b_dvao_s2_save10,3b,dvao,2,84,,,,,426537,453044,26507,441236,441236,441236.0,0.2183614820241928,0.001,0.059654597255090876,-0.028094779560342432,0.0005385182264338558,0.00032730310025120467,1.2313959896564484,0.41116866074421526,1e-06,2.945504903793335,4.0,-3.0,0.9794921875,1.0,0.0,1.9660125970840454,3.0,-3.0,0.0,0.0,0.0,2.921492099761963,3.998565196990967,-3.036965847015381,-0.001638104091398418,0.1309109479188919,1.732053279876709,-1.7320512533187866,-0.001638104091398418,1.732053279876709,-1.7320512533187866,115.76953125,444.0,47.0,0.0,746.01953125,2048.0,414.0,0.001953125,47.45996362098958,19.33549632402719,1.3076729130116291,74.39130250600283,142.58445797499735,0.000740914676619558,0.20017192875877107,0.01095530301472862,0.042149384063178676,,,,
haotian_3b_dvao_s2_save10,3b,dvao,2,85,,,,,441354,463586,22232,449488,449489,449488.75,0.19581273198127747,0.001,0.07029326212021612,-0.015963116330244848,0.0002561278759516896,0.0002118125670284415,85.90384866297245,0.4131864794244701,1e-06,3.0264270305633545,4.0,-3.0,0.966796875,1.0,0.0,2.0596301555633545,3.0,-3.0,0.0,0.0,0.0,3.0220279693603516,41.81402587890625,-3.031766653060913,-0.005425289738923311,0.10169477760791779,1.732050895690918,-1.732051134109497,-0.005425289738923311,1.732050895690918,-1.732051134109497,116.56787109375,1024.0,27.0,0.00048828125,761.33984375,2048.0,413.0,0.009765625,47.391784959996585,19.965531316003762,1.2559488030092325,75.53129834900028,144.23710671797744,0.0006985429574206432,0.19851542095495175,0.01110457787653404,0.04200955994393646,,,,
haotian_3b_dvao_s2_save10,3b,dvao,2,86,,,,,443541,463394,19853,452234,452235,452234.25,0.22913342714309692,0.001,0.06296326027762505,-0.013152989679046215,0.0004421833455712805,0.00034256851077154877,1.3460454046726227,0.4200176774639594,1e-06,2.744913101196289,4.0,-3.0,0.94921875,1.0,0.0,1.7956944704055786,3.0,-3.0,0.0,0.0,0.0,2.719729423522949,3.9965713024139404,-3.0498061180114746,-0.001691631623543799,0.12472511827945709,1.7320510149002075,-1.732051134109497,-0.001691631623543799,1.7320510149002075,-1.732051134109497,115.56689453125,365.0,42.0,0.0,767.703125,2034.0,399.0,0.0,44.683863100013696,20.009312083013356,1.2452116239874158,74.72146032299497,140.76641447198926,0.0006883664958964385,0.18879362137228461,0.011061364814260174,0.04130683397099787,,,,
haotian_3b_dvao_s2_save10,3b,dvao,2,87,,,,,446254,461489,15235,453579,453580,453579.25,0.22036971151828766,0.001,0.08179971581745532,-0.003942366208760969,0.00039923619741814273,0.0002908538558732553,1.3393830507993698,0.4075826399065584,1e-06,2.881666421890259,4.0,-3.0,0.95458984375,1.0,0.0,1.9270766973495483,3.0,-3.0,0.0,0.0,0.0,2.857635974884033,3.999021530151367,-3.0256330966949463,0.0013561402447521687,0.11467225849628448,1.732050895690918,-1.7320513725280762,0.0013561402447521687,1.732050895690918,-1.7320513725280762,113.76611328125,614.0,42.0,0.0,772.130859375,2048.0,399.0,0.005859375,48.21536781001487,19.978757320001023,1.2145257049996872,77.23731594099081,147.01115229399875,0.000669412073523914,0.2069391261111487,0.011011723596262958,0.042571014845250756,,,,
haotian_3b_dvao_s2_save10,3b,dvao,2,88,,,,,419888,482539,62651,453191,453191,453191.0,0.22045879065990448,0.001,0.059724420122802255,0.004001538851298392,0.0005401974582734207,0.00037315483447552346,1.3374311923980713,0.4110371769462253,1e-06,2.958319664001465,4.0,-3.0,0.9638671875,1.0,0.0,1.9944523572921753,3.0,-3.0,0.0,0.0,0.0,2.933905601501465,3.9962263107299805,-3.0277578830718994,0.00232208170928061,0.10472598671913147,1.7320512533187866,-1.732050895690918,0.00232208170928061,1.7320512533187866,-1.732050895690918,115.302734375,451.0,34.0,0.0,769.8359375,2048.0,424.0,0.001953125,46.16700069102808,19.97492464800598,1.4054663899878506,76.51554373602266,144.14855032600462,0.0007753168035044002,0.19550690561119707,0.011019043101035755,0.04220932439965857,,,,
haotian_3b_dvao_s2_save10,3b,dvao,2,89,,,,,457977,463916,5939,460435,460436,460435.75,0.19901016354560852,0.001,0.07036001072265208,0.01575934624634101,0.0014020946427990566,-0.00802040275652871,357.73788487911224,0.4143497293760818,1e-06,2.9178192615509033,4.0,-3.0,0.95263671875,1.0,0.0,1.9651827812194824,3.0,-3.0,0.0,0.0,0.0,2.915515899658203,44.13166809082031,-3.0374670028686523,-0.004215303808450699,0.11102220416069031,1.732050895690918,-1.7320536375045776,-0.004215303808450699,1.732050895690918,-1.7320536375045776,123.10107421875,1024.0,40.0,0.0009765625,776.1875,2048.0,389.0,0.01171875,57.76579596998636,20.874777639022795,1.3537189399939962,77.19732547798776,157.2717704619863,0.0007350205430366757,0.22912842347214663,0.01133425110833748,0.04191536250062455,,,,
haotian_3b_dvao_s2_save10,3b,dvao,2,90,2.7516945598647,0.9625,1.789194556698203,0.0,434085,452075,17990,443676,443676,443676.0,0.2056397795677185,0.001,0.056631000845560005,0.014461880790934498,0.00044033987900807655,8.222663226271314e-05,7.666684865951538,0.41719632607356577,1e-06,2.9134912490844727,4.0,-2.0,0.95263671875,1.0,0.0,1.9608545303344727,3.0,-3.0,0.0,0.0,0.0,2.912994861602783,48.080360412597656,-2.0867760181427,-0.008534655906260014,0.11984815448522568,1.732051968574524,-1.732050895690918,-0.008534655906260014,1.732051968574524,-1.732050895690918,110.291015625,1024.0,43.0,0.0009765625,756.263671875,2048.0,393.0,0.001953125,52.448895156994695,20.333061684010318,1.1929135019890964,73.78626646002522,186.53994456800865,0.00067217603723725,0.23220216028703666,0.011457156621053606,0.04157666093051304,12.766035100008594,25.92714830598561,,
haotian_3b_dvao_s2_save10,3b,dvao,2,91,,,,,433971,463886,29915,446789,446790,446789.5,0.22579149901866913,0.001,0.05236263123565707,0.0058792638752994866,0.00032844531534496565,8.286765929871511e-05,0.9317822605371475,0.40615713408451964,1e-06,3.009575128555298,4.0,-3.0,0.9765625,1.0,0.0,2.033012628555298,3.0,-3.0,0.0,0.0,0.0,2.9842963218688965,3.995758533477783,-3.0379600524902344,-0.0058398861438035965,0.11166262626647949,1.732050895690918,-1.7320518493652344,-0.0058398861438035965,1.732050895690918,-1.7320518493652344,115.4873046875,381.0,42.0,0.0,757.1484375,2048.0,402.0,0.001953125,45.901455839019036,20.166279867000412,1.2075456790043972,76.31948304499383,143.693237458996,0.0006756793070363098,0.19407172324735977,0.011283993842178706,0.0427043848641216,,,,
haotian_3b_dvao_s2_save10,3b,dvao,2,92,,,,,435976,465076,29100,451923,451924,451923.5,0.22053050994873047,0.001,0.06629324409990542,-0.006008178716705692,0.0002956150593461409,0.00025402952363976747,1.4207653403282166,0.40909663671918783,1e-06,2.916912078857422,4.0,-3.0,0.96142578125,1.0,0.0,1.9554862976074219,3.0,-3.0,0.0,0.0,0.0,2.89206862449646,3.997979164123535,-3.0692944526672363,0.002626674948260188,0.09945012629032135,1.732050895690918,-1.7320520877838135,0.002626674948260188,1.732050895690918,-1.7320520877838135,117.1396484375,571.0,44.0,0.0,765.5234375,2048.0,407.0,0.009765625,51.726852992986096,20.22494041698519,1.5158535800001118,76.71603532499284,150.28846893299487,0.0008385565145428993,0.2156165975814545,0.011188254437413185,0.0424386181095876,,,,
haotian_3b_dvao_s2_save10,3b,dvao,2,93,,,,,444040,470265,26225,456526,456527,456526.5,0.20417852699756622,0.001,0.06534032890340313,0.05343757849186659,0.0008935761488828575,-0.007796401057618141,298.57000367343426,0.40529611456923115,1e-06,2.8356032371520996,4.0,-3.0,0.96240234375,1.0,0.0,1.87320077419281,3.0,-3.0,0.0,0.0,0.0,2.835001230239868,47.015846252441406,-3.0419821739196777,-0.007648773025721312,0.10465268790721893,1.7320512533187866,-1.732050895690918,-0.007648773025721312,1.7320512533187866,-1.732050895690918,115.4677734375,1024.0,29.0,0.00048828125,776.185546875,2048.0,418.0,0.01171875,49.13588448500377,20.2495727520145,1.282458283007145,78.38452905300073,149.18849410500843,0.0007022912596569668,0.20778205365828437,0.011088936103388578,0.04292441350775954,,,,
haotian_3b_dvao_s2_save10,3b,dvao,2,94,,,,,426216,449651,23435,440045,440046,440045.75,0.2236589789390564,0.001,0.055164933782713164,0.009437090139193782,0.00025859992481479103,0.00043954561787641383,1.012275218963623,0.41361504191291304,1e-06,3.0298049449920654,4.0,-2.0,0.97265625,1.0,0.0,2.0571486949920654,3.0,-3.0,0.0,0.0,0.0,3.004256248474121,3.9988465309143066,-2.0801069736480713,-0.0020534610375761986,0.09828058630228043,1.7320513725280762,-1.732051134109497,-0.0020534610375761986,1.7320513725280762,-1.732051134109497,119.97021484375,575.0,44.0,0.0,739.494140625,2034.0,389.0,0.0,49.31977604900021,19.5224617519998,1.277364123990992,74.09927746199537,144.32198531000176,0.0007256996141827254,0.20073250623323746,0.011091154585631039,0.04209748501263526,,,,
haotian_3b_dvao_s2_save10,3b,dvao,2,95,,,,,441053,469765,28712,449884,449884,449884.0,0.2272447645664215,0.001,0.0660559008078229,0.0026798034988103374,0.0004467023574116249,4.2844649156435365e-05,1.1187206357717514,0.4118737994039658,1e-06,2.9128432273864746,4.0,-3.0,0.9638671875,1.0,0.0,1.9489761590957642,3.0,-3.0,0.0,0.0,0.0,2.8889553546905518,3.997981309890747,-3.028120756149292,0.0013417069567367435,0.10763248056173325,1.732050895690918,-1.7320536375045776,0.0013417069567367435,1.732050895690918,-1.7320536375045776,110.408203125,524.0,41.0,0.0,768.271484375,2048.0,424.0,0.005859375,45.81428330097697,20.60423104898655,1.2286658719822299,75.82141512798262,143.59732307499507,0.0006827681535586006,0.20261407110057214,0.01144974651742813,0.04213386957970422,,,,
haotian_3b_dvao_s2_save10,3b,dvao,2,96,,,,,425114,502911,77797,462129,462130,462129.5,0.22837261855602264,0.001,0.05847358674509451,0.02048978564562276,0.00025116901906585554,0.00014319628775183446,1.5472328662872314,0.4123559469961323,1e-06,2.957918167114258,4.0,-3.0,0.9541015625,1.0,0.0,2.003816843032837,3.0,-3.0,0.0,0.0,0.0,2.933196544647217,3.996229648590088,-3.0322484970092773,0.0013386106584221125,0.08129506558179855,1.7320514917373657,-1.7320520877838135,0.0013386106584221125,1.7320514917373657,-1.7320520877838135,114.7197265625,505.0,43.0,0.0,787.876953125,2048.0,399.0,0.005859375,45.840767129004234,20.962850993004395,1.2809458429983351,77.8709255559952,146.05949530299404,0.0006929582741408713,0.19511192839633038,0.011340355351153948,0.04212613864511744,,,,
haotian_3b_dvao_s2_save10,3b,dvao,2,97,,,,,423288,459422,36134,442122,442123,442122.75,0.2271007001399994,0.001,0.06046780968705813,0.015032357784609,0.00024863310197057825,0.00010657162977925813,0.9533528685569763,0.4098757510152087,1e-06,2.992579460144043,4.0,-3.0,0.95849609375,1.0,0.0,2.034083604812622,3.0,-3.0,0.0,0.0,0.0,2.9677000045776367,3.99743390083313,-3.034344434738159,-0.006641887594014406,0.09069088846445084,1.732050895690918,-1.7320513725280762,-0.006641887594014406,1.732050895690918,-1.7320513725280762,115.20458984375,1024.0,44.0,0.0009765625,748.31640625,2048.0,393.0,0.001953125,56.37391570000909,19.493935828009853,1.1969648119993508,74.89569609699538,152.04985519801266,0.0006768283310457055,0.23893428259003002,0.011022920573534076,0.042350057815954606,,,,
haotian_3b_dvao_s2_save10,3b,dvao,2,98,,,,,445719,457846,12127,453342,453342,453342.0,0.23249086737632751,0.001,0.060315849957987666,0.01959004910895601,0.00036926304164808244,0.00019383322546673298,1.2648510336875916,0.4136554910190867,1e-06,2.9167444705963135,4.0,-3.0,0.96923828125,1.0,0.0,1.947506070137024,3.0,-3.0,0.0,0.0,0.0,2.891268491744995,3.997676372528076,-3.0529160499572754,-0.005126822739839554,0.09011265635490417,1.732050895690918,-1.732051134109497,-0.005126822739839554,1.732050895690918,-1.732051134109497,116.408203125,461.0,44.0,0.0,769.025390625,2048.0,402.0,0.001953125,46.91771236099885,19.92136966699036,1.2374104049813468,76.0420613589813,144.2225449019752,0.0006823823983776855,0.1967991827360231,0.010985839425307141,0.04193415862581743,,,,
haotian_3b_dvao_s2_save10,3b,dvao,2,99,,,,,437001,475568,38567,450609,450610,450609.25,0.24907472729682922,0.001,0.05243610876301925,-0.00966230482251073,0.0003325251183317353,0.0004794966468277077,3.1744209229946136,0.41840999398298934,1e-06,2.982483148574829,4.0,-3.0,0.96875,1.0,0.0,2.01373291015625,3.0,-3.0,0.0,0.0,0.0,2.9560933113098145,3.996354579925537,-3.049665927886963,-0.002022229367867112,0.1093701720237732,1.732050895690918,-1.7320513725280762,-0.002022229367867112,1.732050895690918,-1.7320513725280762,110.84228515625,481.0,41.0,0.0,769.25390625,2048.0,389.0,0.005859375,46.74658095801715,19.989242554001976,1.6146486139914487,74.79467146401294,143.26442838998628,0.0008958141749151003,0.20592753885604786,0.011090119962030283,0.041496413724314875,,,,
haotian_3b_dvao_s2_save10,3b,dvao,2,100,2.7735695598646997,0.975,1.7985695566982032,0.0,434672,447710,13038,441109,441110,441109.5,0.23786741495132446,0.001,0.05361537057906389,-0.029948194821675617,0.0001456308120395988,0.00018725557338257205,1.5620704144239426,0.41585083957047897,1e-06,2.8833088874816895,4.0,-3.0,0.95751953125,1.0,0.0,1.925789713859558,3.0,-3.0,0.0,0.0,0.0,2.857529640197754,3.9951283931732178,-3.0105576515197754,0.00132360914722085,0.05320250615477562,1.732050895690918,-1.7320510149002075,0.00132360914722085,1.732050895690918,-1.7320510149002075,114.7314453125,1016.0,42.0,0.0,746.810546875,2048.0,418.0,0.001953125,54.06584245400154,20.01550152298296,1.4531122879998293,73.89009008399444,250.13251207198482,0.000823555312229633,0.23009678875601797,0.011343839524530167,0.04187740803813704,12.050012099003652,88.557921900996,,
haotian_3b_gd2po_hard_s1_save10,3b,gd2po_hard,1,0,1.2337608203291892,0.1125,1.1212608203291894,0.0,,,,,,,,,,,,,,,,,,,,,,,,,,,,,,,,,,,,,,,,,,,,,,,,,,,,,,,,,,
haotian_3b_gd2po_hard_s1_save10,3b,gd2po_hard,1,1,,,,,467153,512646,45493,482989,482990,482989.75,9.26212960621342e-05,0.001,0.571371339487307,0.002337407945147292,0.0,0.0,56.44633102416992,0.3982735314898119,1e-06,-0.4095768332481384,4.0,-3.0,0.064453125,1.0,0.0,-0.4740299582481384,3.0,-3.0,0.0,0.0,0.0,-0.4095580577850342,4.000927448272705,-3.016223669052124,4.085363158878863e-09,0.9679021835327148,3.4391629695892334,-2.8161230087280273,4.085363158878863e-09,3.4391629695892334,-2.8161230087280273,175.07763671875,1024.0,18.0,0.01513671875,768.26171875,2048.0,418.0,0.0078125,68.58399998198729,21.51553771100589,1.4337555870006327,84.26064836498699,175.8982488780166,0.0007421252661162233,0.19127674938291128,0.011136643019342486,0.04361409758953839,,,0.0390625,0.9609375
haotian_3b_gd2po_hard_s1_save10,3b,gd2po_hard,1,2,,,,,465827,496997,31170,482412,482412,482412.0,2.409821900073439e-05,0.001,0.6160749979317188,0.02659378037787974,0.004906920985376928,0.0017511080563963333,32.2545804977417,0.4043519741789133,1e-06,-0.6668105125427246,4.0,-3.0,0.0546875,1.0,0.0,-0.7214980125427246,3.0,-3.0,0.0,0.0,0.0,-0.6667526960372925,4.001266956329346,-3.021430730819702,2.1545145667545285e-09,0.9762955904006958,3.475003242492676,-3.654801845550537,2.1545145667545285e-09,3.475003242492676,-3.654801845550537,172.90625,1024.0,19.0,0.0146484375,769.3046875,2048.0,399.0,0.0078125,65.52472366698203,21.284476673026802,1.3637207910069264,82.96687898001983,171.23295675599365,0.0007067199774295241,0.1850395458696176,0.011030237987978534,0.0429958619292326,,,0.0283203125,0.9716796875
haotian_3b_gd2po_hard_s1_save10,3b,gd2po_hard,1,3,,,,,467067,505926,38859,486741,486742,486741.5,-0.0003963213530369103,0.001,0.4461817876859145,0.03258634568897612,0.006512122017077424,0.00043791349426927894,37.12808012962341,0.4158718510500891,1e-06,-0.2104109823703766,4.0,-3.0,0.0830078125,1.0,0.0,-0.2934187948703766,3.0,-3.0,0.0,0.0,0.0,-0.2098574936389923,4.000670909881592,-3.0021910667419434,-5.213477205501249e-09,0.957397997379303,3.371814012527466,-3.46260929107666,-5.213477205501249e-09,3.371814012527466,-3.46260929107666,182.9248046875,1024.0,20.0,0.01708984375,767.7421875,2048.0,421.0,0.00390625,65.4373024860106,21.928341563994763,1.3855405609938316,81.4049507890013,170.25625526398653,0.0007116408612137201,0.17467181615463415,0.011262827170066022,0.04181118252142118,,,0.0478515625,0.9521484375
haotian_3b_gd2po_hard_s1_save10,3b,gd2po_hard,1,4,,,,,481007,509926,28919,496384,496385,496384.25,0.0022272670175880194,0.001,0.512472908012569,-0.04876579012488946,0.010327073177904822,-0.0006054911164596888,52.534122467041016,0.4177537451552284,1e-06,0.47338125109672546,4.0,-3.0,0.11474609375,1.0,0.0,0.3586350977420807,3.0,-3.0,0.0,0.0,0.0,0.4727461636066437,4.000293254852295,-3.1551265716552734,0.0,0.9537733793258667,3.536642074584961,-3.603672981262207,0.0,3.536642074584961,-3.603672981262207,182.68408203125,1024.0,18.0,0.01220703125,786.81640625,2048.0,414.0,0.001953125,63.071144376997836,22.15203456999734,1.4312154130020645,82.67632367301849,169.4341739230149,0.000720820318635243,0.16857767175392394,0.011156696938912415,0.041639276262803705,,,0.05908203125,0.94091796875
haotian_3b_gd2po_hard_s1_save10,3b,gd2po_hard,1,5,,,,,462073,513394,51321,480882,480883,480882.75,0.005461349152028561,0.001,0.48744579517480097,0.0017611009287506793,0.010309584064860686,0.004248026185092441,67.90023851394653,0.41115057668837496,1e-06,0.9029562473297119,4.0,-3.0,0.19921875,1.0,0.0,0.7037374377250671,3.0,-3.0,0.0,0.0,0.0,0.9031461477279663,4.000762939453125,-3.156339406967163,1.832597718021134e-08,0.9325768947601318,3.2728569507598877,-3.1584742069244385,1.832597718021134e-08,3.2728569507598877,-3.1584742069244385,182.13818359375,1024.0,24.0,0.01318359375,757.0859375,2048.0,422.0,0.001953125,64.03942330001155,21.205639010993764,1.4468154320202302,81.2552967229858,168.05315926900948,0.0007521664231146939,0.17167871690185096,0.01102432922110107,0.04224277993075537,,,0.07861328125,0.92138671875
haotian_3b_gd2po_hard_s1_save10,3b,gd2po_hard,1,6,,,,,481407,496091,14684,486474,486475,486474.25,0.009034210816025734,0.001,0.46225787326693535,0.03835370603337651,0.02055118136559031,0.01075666372449291,30.23038935661316,0.4173702100218536,1e-06,1.3018395900726318,4.0,-3.0,0.3173828125,1.0,0.0,0.9844568967819214,3.0,-3.0,0.0,0.0,0.0,1.3042875528335571,4.000973701477051,-3.0081686973571777,-8.314523292085596e-09,0.9239547848701477,3.3375492095947266,-3.2515957355499268,-8.314523292085596e-09,3.3375492095947266,-3.2515957355499268,186.38720703125,1024.0,20.0,0.01318359375,763.7578125,2047.0,393.0,0.0,63.41460992497741,21.2209988500108,1.4413291300006676,81.13289792599971,167.30694421299268,0.0007407016558433811,0.16612816671070602,0.010905509824009596,0.041694343496084176,,,0.08447265625,0.91552734375
haotian_3b_gd2po_hard_s1_save10,3b,gd2po_hard,1,7,,,,,457128,497762,40634,480409,480410,480409.25,0.015537329949438572,0.001,0.4487700741738081,-0.0025702575148898177,0.003742838991456665,0.002476309429084722,39.638675928115845,0.41600368432885215,1e-06,1.5408109426498413,4.0,-3.0,0.4501953125,1.0,0.0,1.0906156301498413,3.0,-3.0,0.0,0.0,0.0,1.544743299484253,4.151109218597412,-3.0092365741729736,9.474645068507925e-09,0.9277889728546143,3.2593045234680176,-3.159005641937256,9.474645068507925e-09,3.2593045234680176,-3.159005641937256,176.14697265625,1024.0,25.0,0.00927734375,762.15234375,2048.0,389.0,0.009765625,59.64200723299291,21.641139799990924,1.443757255008677,80.34352791699348,163.16839225500007,0.0007513163282184289,0.16532826766808198,0.011261825100157274,0.041809940127606554,,,0.0751953125,0.9248046875
haotian_3b_gd2po_hard_s1_save10,3b,gd2po_hard,1,8,,,,,457944,505511,47567,485508,485509,485508.75,0.029183119535446167,0.001,0.3951171079979223,-0.026821105184567654,0.00788775400553063,0.007233358129162619,43.08733642101288,0.40241526069889133,1e-06,1.832419991493225,4.0,-3.0,0.57763671875,1.0,0.0,1.254783272743225,3.0,-3.0,0.0,0.0,0.0,1.8353780508041382,4.590184688568115,-3.0152862071990967,1.0232394487275087e-08,0.9161142110824585,3.171241044998169,-3.0254857540130615,1.0232394487275087e-08,3.171241044998169,-3.0254857540130615,166.01513671875,1024.0,28.0,0.0087890625,782.244140625,2048.0,389.0,0.013671875,66.59737360000145,21.793430521007394,1.4146703759906814,83.94433670700528,173.8398660789826,0.0007284474152065649,0.19587520433884054,0.011221955588342844,0.043224935033099446,,,0.0693359375,0.9306640625
haotian_3b_gd2po_hard_s1_save10,3b,gd2po_hard,1,9,,,,,452616,494600,41984,474213,474214,474213.25,0.0371071957051754,0.001,0.38994823070243,-0.024663487682119012,0.0023583196780236904,0.0002446737532864063,76.68325757980347,0.41468134248705585,1e-06,1.9190832376480103,4.0,-3.0,0.6474609375,1.0,0.0,1.2716224193572998,3.0,-3.0,0.0,0.0,0.0,1.9229400157928467,4.767244338989258,-3.00913667678833,1.1394563514954825e-08,0.917640745639801,3.1882307529449463,-3.04661226272583,1.1394563514954825e-08,3.1882307529449463,-3.04661226272583,167.39111328125,1024.0,31.0,0.00927734375,758.806640625,2048.0,414.0,0.005859375,60.71182636500453,20.83892290998483,1.5724617110099643,79.46496962700621,162.6829760580149,0.0008289844869423009,0.17709689532609096,0.0109860505321102,0.04189305635545096,,,0.056640625,0.943359375
haotian_3b_gd2po_hard_s1_save10,3b,gd2po_hard,1,10,2.6101261246949434,0.9125,1.6976261217147113,0.0,458059,486873,28814,474259,474260,474259.25,0.045276522636413574,0.001,0.44698755629360676,0.010369113180786371,0.006988708631979534,0.0016451216282575842,9.734382331371307,0.4109071815963324,1e-06,2.0625410079956055,4.0,-3.0,0.69970703125,1.0,0.0,1.3628339767456055,3.0,-3.0,0.0,0.0,0.0,2.0649075508117676,4.762382507324219,-3.0188746452331543,-1.5246924833789421e-09,0.900230348110199,3.1569409370422363,-3.071070432662964,-1.5246924833789421e-09,3.1569409370422363,-3.071070432662964,156.37158203125,1024.0,22.0,0.0078125,769.916015625,1849.0,419.0,0.0,62.004882024019025,21.18405498302309,1.3809201210096944,80.22039004098042,211.09934372699354,0.0007279352595704219,0.19361459996446212,0.011166917136051162,0.04228720369765082,19.602340504003223,26.60707447299501,0.0615234375,0.9384765625
haotian_3b_gd2po_hard_s1_save10,3b,gd2po_hard,1,11,,,,,451139,463438,12299,455193,455194,455193.5,0.06235182657837868,0.001,0.4385370323434472,0.07799331305432133,0.002810414525811211,-0.0017377056812506453,20.77896159887314,0.39931569706529396,1e-06,2.26456356048584,4.0,-3.0,0.7939453125,1.0,0.0,1.4706182479858398,3.0,-3.0,0.0,0.0,0.0,2.2608306407928467,5.034924507141113,-3.024851083755493,-1.005956562494248e-08,0.9331324696540833,3.4611265659332275,-3.392676591873169,-1.005956562494248e-08,3.4611265659332275,-3.392676591873169,142.2041015625,1024.0,21.0,0.00390625,746.845703125,2048.0,402.0,0.00390625,62.904574388987385,20.109744666988263,1.3948334880114999,79.0045385339763,163.50182445600512,0.0007660662377711346,0.2159932370155524,0.011044613261716315,0.043390634166555704,,,0.0390625,0.9609375
haotian_3b_gd2po_hard_s1_save10,3b,gd2po_hard,1,12,,,,,452685,482616,29931,466709,466710,466709.5,0.06802244484424591,0.001,0.2987074861302972,-0.11706892549409531,0.0029721176106249914,0.00023398297480525798,28.004886984825134,0.41385945201313173,1e-06,2.3047072887420654,4.0,-3.0,0.84716796875,1.0,0.0,1.4575393199920654,3.0,-3.0,0.0,0.0,0.0,2.2979397773742676,4.000631332397461,-3.0230491161346436,-1.154945472592317e-08,0.9678990840911865,3.561791181564331,-3.5086898803710938,-1.154945472592317e-08,3.561791181564331,-3.5086898803710938,144.5029296875,1024.0,24.0,0.00439453125,767.0390625,2048.0,393.0,0.005859375,70.33547715900932,21.038040124985855,1.4104672209941782,78.28841517597903,171.17006068400224,0.0007555380922148457,0.2376664250393973,0.011269344273571598,0.04193637325572922,,,0.0166015625,0.9833984375
haotian_3b_gd2po_hard_s1_save10,3b,gd2po_hard,1,13,,,,,441785,472935,31150,459366,459366,459366.0,0.07588475197553635,0.001,0.3568962914869189,-0.03606770921032876,0.008413528345045052,0.0028436126677320317,5.960430443286896,0.40664675610876294,1e-06,2.3950321674346924,4.0,-3.0,0.865234375,1.0,0.0,1.5297977924346924,3.0,-3.0,0.0,0.0,0.0,2.3861632347106934,4.000824928283691,-3.0245888233184814,-9.674099743506304e-09,0.9766209721565247,3.9855597019195557,-3.9079370498657227,-9.674099743506304e-09,3.9855597019195557,-3.9079370498657227,141.708984375,1024.0,23.0,0.00341796875,755.490234375,2048.0,416.0,0.00390625,60.04583235498285,20.31019603597815,1.3967520839942154,78.33652563599753,160.20457161602098,0.0007601520813437517,0.2068976374990795,0.01105338446684025,0.04263295805305439,,,0.013671875,0.986328125
haotian_3b_gd2po_hard_s1_save10,3b,gd2po_hard,1,14,,,,,454370,475370,21000,466251,466252,466251.25,0.08022677153348923,0.001,0.2852829988114536,-0.052299809357464255,0.0022439002350438386,0.00010601216399663826,3.9734522700309753,0.4118674092594483,1e-06,2.37165904045105,4.0,-3.0,0.8701171875,1.0,0.0,1.501542091369629,3.0,-3.0,0.0,0.0,0.0,2.361064910888672,4.001707553863525,-3.027747392654419,-3.465875808572605e-09,0.9813533425331116,2.823512315750122,-4.18291711807251,-3.465875808572605e-09,2.823512315750122,-4.18291711807251,137.58056640625,1024.0,20.0,0.001953125,773.06640625,2034.0,399.0,0.0,58.52557268200326,20.667857223015744,1.438517219008645,78.55902635699022,159.28181569700246,0.0007713208377503788,0.20771058393343125,0.01108193126721684,0.04212268940672557,,,0.0087890625,0.9912109375
haotian_3b_gd2po_hard_s1_save10,3b,gd2po_hard,1,15,,,,,443081,477387,34306,459046,459046,459046.0,0.0830921083688736,0.001,0.30527748552060896,-0.018448296333512953,0.0027344453208629164,0.00013893335070010396,3.769078254699707,0.4108700749649772,1e-06,2.4911715984344482,4.0,-3.0,0.86669921875,1.0,0.0,1.6244723796844482,3.0,-3.0,0.0,0.0,0.0,2.48056697845459,4.001302719116211,-3.0259017944335938,-1.318215980816717e-09,0.986386239528656,2.7758357524871826,-4.3068718910217285,-1.318215980816717e-09,2.7758357524871826,-4.3068718910217285,135.6484375,1024.0,24.0,0.00146484375,760.92578125,2048.0,402.0,0.005859375,58.61378315699403,21.1159866139933,1.4168769259995315,77.57938807399478,159.061544332013,0.0007716421262790284,0.21098666401613356,0.011499929535380605,0.042250334429444314,,,0.00732421875,0.99267578125
haotian_3b_gd2po_hard_s1_save10,3b,gd2po_hard,1,16,,,,,454246,478735,24489,461834,461835,461834.5,0.08406621962785721,0.001,0.2423256803303957,-0.023525645141489804,0.0024337692575500114,0.00021157638866498019,3.434519946575165,0.4102091434175192,1e-06,2.489854097366333,4.0,-3.0,0.91748046875,1.0,0.0,1.572373390197754,3.0,-3.0,0.0,0.0,0.0,2.478602409362793,4.000663757324219,-3.0305771827697754,-1.754324907565774e-09,0.9972551465034485,4.285601615905762,-4.248301982879639,-1.754324907565774e-09,4.285601615905762,-4.248301982879639,135.9033203125,1024.0,24.0,0.00146484375,766.1171875,2048.0,426.0,0.00390625,59.65708734100917,20.476373646000866,1.6596618900075555,78.092038081988,159.99144480697578,0.0008984072703574308,0.21433940768515494,0.011084259429514721,0.04227273952140215,,,0.00244140625,0.99755859375
haotian_3b_gd2po_hard_s1_save10,3b,gd2po_hard,1,17,,,,,446075,476262,30187,461598,461598,461598.0,0.08930112421512604,0.001,0.2699921602203,0.018919402404853534,0.0022323133100965813,-7.724217149159578e-05,3.247219204902649,0.416894705408139,1e-06,2.5362606048583984,4.0,-3.0,0.88427734375,1.0,0.0,1.6519832611083984,3.0,-3.0,0.0,0.0,0.0,2.5250649452209473,4.003211975097656,-3.0291552543640137,8.923921157588666e-09,0.9916513562202454,4.458808422088623,-4.759410381317139,8.923921157588666e-09,4.458808422088623,-4.759410381317139,133.583984375,1024.0,20.0,0.00146484375,767.974609375,2048.0,399.0,0.00390625,55.73766220599646,20.989895658014575,1.3721831490111072,76.91607026799466,155.11011171201244,0.0007431700034505712,0.2037344184735597,0.011368060334974683,0.04165749757797621,,,0.00390625,0.99609375
haotian_3b_gd2po_hard_s1_save10,3b,gd2po_hard,1,18,,,,,456919,495471,38552,477115,477116,477115.75,0.09653512388467789,0.001,0.28966705640777946,0.05065654621284921,0.0022254477225942537,0.0002290142899141756,4.98628157377243,0.4083138849882518,1e-06,2.497061014175415,4.0,-3.0,0.88818359375,1.0,0.0,1.6088776588439941,3.0,-3.0,0.0,0.0,0.0,2.4845852851867676,4.002521514892578,-3.0247695446014404,8.277552532298671e-10,0.9880347847938538,3.395768880844116,-5.059632778167725,8.277552532298671e-10,3.395768880844116,-5.059632778167725,144.01513671875,1024.0,32.0,0.0029296875,787.8515625,2048.0,418.0,0.00390625,59.56815463499515,21.117935485992348,1.4391434339922853,81.20102992400643,163.42673629100318,0.0007540850590198947,0.2019649716555238,0.01106541519850914,0.04254786701340631,,,0.0068359375,0.9931640625
haotian_3b_gd2po_hard_s1_save10,3b,gd2po_hard,1,19,,,,,452701,471338,18637,461974,461975,461974.75,0.09559379518032074,0.001,0.2502396125346422,-0.11962616423261352,0.0019121147433907026,7.910777679853709e-05,3.4483829140663147,0.4172653242095304,1e-06,2.482074737548828,4.0,-3.0,0.90478515625,1.0,0.0,1.5772894620895386,3.0,-3.0,0.0,0.0,0.0,2.4698193073272705,4.001073837280273,-3.0185959339141846,-1.8620511355038616e-08,0.996974527835846,4.843042373657227,-4.775426387786865,-1.8620511355038616e-08,4.843042373657227,-4.775426387786865,134.44287109375,1024.0,44.0,0.0009765625,767.8515625,2048.0,393.0,0.005859375,56.54664475901518,21.211111619020812,1.3563715670024976,76.82318442501128,156.0284286510141,0.000734007414367613,0.20537099633184977,0.01147850159506597,0.041573259374571486,,,0.0029296875,0.9970703125
haotian_3b_gd2po_hard_s1_save10,3b,gd2po_hard,1,20,2.6442780181765557,0.95,1.6942780155688524,0.0,444539,459201,14662,453474,453474,453474.0,0.10362907499074936,0.001,0.2662945774293715,0.0932967769763162,0.0020439089688983176,0.00018033516929819832,3.167536973953247,0.40977282414949656,1e-06,2.601848602294922,4.0,-3.0,0.91796875,1.0,0.0,1.6838798522949219,3.0,-3.0,0.0,0.0,0.0,2.5892250537872314,4.000548362731934,-3.0374608039855957,3.652284696897823e-09,0.9963984489440918,2.510312795639038,-4.805842876434326,3.652284696897823e-09,2.510312795639038,-4.805842876434326,130.55859375,1024.0,35.0,0.00146484375,755.1328125,2048.0,389.0,0.005859375,56.107075064996025,20.064321523008402,1.4154548139777035,76.8676318860089,196.44080622598995,0.0007803395641082529,0.20983706977603755,0.011061450889691803,0.0423770888110503,15.527126745990245,26.34221374199842,0.00244140625,0.99755859375
haotian_3b_gd2po_hard_s1_save10,3b,gd2po_hard,1,21,,,,,443087,470594,27507,455378,455379,455378.5,0.10124446451663971,0.001,0.252044050488621,0.059208899350778665,0.0028690434228337836,0.0002244147494820936,3.052862763404846,0.40377603053347405,1e-06,2.6324117183685303,4.0,-3.0,0.9306640625,1.0,0.0,1.7017478942871094,3.0,-3.0,0.0,0.0,0.0,2.6198039054870605,4.0021586418151855,-3.0300259590148926,1.2566708562644635e-08,0.9897900223731995,3.3643112182617188,-5.071689605712891,1.2566708562644635e-08,3.3643112182617188,-5.071689605712891,132.8056640625,1024.0,33.0,0.00048828125,756.60546875,2048.0,416.0,0.00390625,66.77675166897825,20.65023241599556,1.9258719100034796,78.16132222898887,167.63628383300966,0.0010572918517252569,0.24551540031096544,0.01133685078236871,0.04291008591149388,,,0.00341796875,0.99658203125
haotian_3b_gd2po_hard_s1_save10,3b,gd2po_hard,1,22,,,,,445536,477852,32316,462510,462511,462510.5,0.10096250474452972,0.001,0.21798527520149946,0.07764846881036647,0.002113811769959284,0.0001344430742875602,3.0117478370666504,0.40974944865124013,1e-06,2.680837392807007,4.0,-3.0,0.92919921875,1.0,0.0,1.751638412475586,3.0,-3.0,0.0,0.0,0.0,2.668118476867676,4.002086639404297,-3.0358734130859375,-1.4155438599061654e-08,0.9971299767494202,5.657444477081299,-5.620856761932373,-1.4155438599061654e-08,5.657444477081299,-5.620856761932373,134.7431640625,1024.0,25.0,0.001953125,768.59765625,2048.0,419.0,0.005859375,61.266940900008194,20.467734839010518,1.4484531449852511,78.33814995500143,161.62821650799015,0.0007829298713138681,0.2220186730397392,0.011063389284681384,0.0423439845987288,,,0.00341796875,0.99658203125
haotian_3b_gd2po_hard_s1_save10,3b,gd2po_hard,1,23,,,,,459356,482212,22856,471623,471623,471623.0,0.10811523348093033,0.001,0.22871019272133708,0.004586849710904062,0.0016376315916204476,0.00023662944215629977,3.815502643585205,0.41427244955711434,1e-06,2.6746225357055664,4.0,-3.0,0.93603515625,1.0,0.0,1.7385876178741455,3.0,-3.0,0.0,0.0,0.0,2.660928726196289,4.003657817840576,-3.029228448867798,-7.169454807609554e-09,0.9925611615180969,5.095065593719482,-5.084289073944092,-7.169454807609554e-09,5.095065593719482,-5.084289073944092,136.13671875,1024.0,31.0,0.00146484375,785.001953125,2048.0,422.0,0.001953125,61.18503133399645,20.876610416016774,1.4490587479958776,79.06719909299864,162.682835368003,0.0007681234524163779,0.21945220845168162,0.011066365728567508,0.04191228963229032,,,0.0068359375,0.9931640625
haotian_3b_gd2po_hard_s1_save10,3b,gd2po_hard,1,24,,,,,443885,461425,17540,451679,451680,451679.75,0.1108841598033905,0.001,0.19588901727430283,-0.014495603830343293,0.001992986068099497,0.0003121039020873967,2.932200789451599,0.41270524911835466,1e-06,2.662255048751831,4.0,-3.0,0.93017578125,1.0,0.0,1.7320796251296997,3.0,-3.0,0.0,0.0,0.0,2.6488418579101562,3.9999308586120605,-3.0127665996551514,9.31653065805449e-09,0.9964090585708618,3.6341021060943604,-5.4327778816223145,9.31653065805449e-09,3.6341021060943604,-5.4327778816223145,127.95458984375,1024.0,36.0,0.0009765625,754.232421875,2048.0,389.0,0.001953125,55.22421949100681,19.879412362002768,1.396986592997564,75.91750728900661,152.51265238400083,0.0007732174139960691,0.21073844210099105,0.011003046053095565,0.042019543320796764,,,0.0029296875,0.9970703125
haotian_3b_gd2po_hard_s1_save10,3b,gd2po_hard,1,25,,,,,441593,460985,19392,450730,450731,450730.5,0.11535689234733582,0.001,0.19565334071715673,0.003547231418391069,0.0022342839588721593,-9.74666903251394e-05,3.558154344558716,0.41233044391865764,1e-06,2.7660024166107178,4.0,-3.0,0.931640625,1.0,0.0,1.8343615531921387,3.0,-3.0,0.0,0.0,0.0,2.7523841857910156,4.003313064575195,-3.011303424835205,1.708405328315621e-08,0.9892857670783997,3.6324808597564697,-5.429085731506348,1.708405328315621e-08,3.6324808597564697,-5.429085731506348,125.6005859375,1024.0,30.0,0.00146484375,754.732421875,2048.0,393.0,0.0078125,54.678427751001436,20.03457198399701,1.3798689479881432,75.89373584301211,152.07913186299265,0.0007653514394899742,0.21256629378766642,0.01111227883624306,0.042094852602060494,,,0.005859375,0.994140625
haotian_3b_gd2po_hard_s1_save10,3b,gd2po_hard,1,26,,,,,437417,472399,34982,457826,457827,457826.75,0.11581853777170181,0.001,0.17471323208883405,0.0004382631304906681,0.0023353387441602536,0.00025413204889446206,52.197533905506134,0.40608689958142674,1e-06,2.7336134910583496,4.0,-3.0,0.947265625,1.0,0.0,1.7863481044769287,3.0,-3.0,0.0,0.0,0.0,2.722757339477539,6.260115623474121,-3.0230965614318848,-1.7089568871142546e-08,0.9968500137329102,3.408294439315796,-5.1109938621521,-1.7089568871142546e-08,3.408294439315796,-5.1109938621521,125.56005859375,1024.0,26.0,0.00146484375,768.6328125,2048.0,402.0,0.00390625,56.182717882998986,20.066159074020106,1.383844013005728,78.13069297399488,155.86677415799932,0.0007556592166172727,0.2184848272894453,0.010957288468847717,0.042663896863821785,,,0.00244140625,0.99755859375
haotian_3b_gd2po_hard_s1_save10,3b,gd2po_hard,1,27,,,,,435840,462908,27068,450177,450178,450177.75,0.12826257944107056,0.001,0.1895174624458436,-0.04612326552911151,0.0024115839830389425,0.00019422177184981506,2.9487305879592896,0.4128021933124535,1e-06,2.6021859645843506,4.0,-3.0,0.927734375,1.0,0.0,1.674451470375061,3.0,-3.0,0.0,0.0,0.0,2.587313652038574,4.002277374267578,-3.018659830093384,-8.652321525914886e-09,0.9999998211860657,3.0658884048461914,-5.2937541007995605,-8.652321525914886e-09,3.0658884048461914,-5.2937541007995605,123.99951171875,1024.0,37.0,0.001953125,755.25390625,2048.0,399.0,0.00390625,58.7346309919958,19.77846444500028,1.386667226004647,75.62796462498954,155.6319842680241,0.0007700665048442794,0.23128332234169505,0.0109836972423672,0.04199894631897597,,,0.0,1.0
haotian_3b_gd2po_hard_s1_save10,3b,gd2po_hard,1,28,,,,,431091,488999,57908,458675,458675,458675.0,0.122266486287117,0.001,0.22323625222329171,0.013158141995870298,0.003742400500472755,8.154326778528611e-05,58.050278306007385,0.40066525620687476,1e-06,2.532041549682617,4.0,-3.0,0.92919921875,1.0,0.0,1.602842092514038,3.0,-3.0,0.0,0.0,0.0,2.521775722503662,12.28488540649414,-3.0150091648101807,-3.138445592298922e-08,0.9930270314216614,5.265750408172607,-5.221621990203857,-3.138445592298922e-08,5.265750408172607,-5.221621990203857,125.345703125,1024.0,30.0,0.00048828125,770.50390625,2048.0,407.0,0.005859375,53.135263789998135,20.16481147700688,1.362844211020274,79.41781637701206,154.18008841000847,0.0007428158342073768,0.20698717527306565,0.010990794940320967,0.04328654078433099,,,0.005859375,0.994140625
haotian_3b_gd2po_hard_s1_save10,3b,gd2po_hard,1,29,,,,,431133,486526,55393,456231,456232,456231.5,0.13321241736412048,0.001,0.18270438092370186,-0.008805565941598146,0.0021008666371926665,0.00018342999946100697,3.521206557750702,0.41293798536127785,1e-06,2.7546777725219727,4.0,-3.0,0.9384765625,1.0,0.0,1.8162009716033936,3.0,-3.0,0.0,0.0,0.0,2.7393200397491455,4.002649307250977,-3.0336639881134033,-1.3083113481471287e-09,0.9969899654388428,2.8601531982421875,-5.523134708404541,-1.3083113481471287e-09,2.8601531982421875,-5.523134708404541,121.0146484375,1015.0,35.0,0.0,770.0625,2048.0,407.0,0.00390625,58.49328129302012,20.030261733016232,1.366383501997916,76.66114317701431,156.65350300900172,0.0007487336483769293,0.2360141757640883,0.010975930932550816,0.04200780918076366,,,0.001953125,0.998046875
haotian_3b_gd2po_hard_s1_save10,3b,gd2po_hard,1,30,2.679743386618793,0.975,1.7047433841973543,0.0,446971,486151,39180,465886,465887,465886.25,0.13928097486495972,0.001,0.18272163532674313,-0.005765557929407805,0.0021861100794922095,0.00014736246532720543,3.5043752193450928,0.4110159491269883,1e-06,2.643843650817871,4.0,-3.0,0.927734375,1.0,0.0,1.7161091566085815,3.0,-3.0,0.0,0.0,0.0,2.6277801990509033,4.002650737762451,-3.0230393409729004,-1.0407926964717262e-08,0.9953262209892273,5.639114856719971,-5.68513298034668,-1.0407926964717262e-08,5.639114856719971,-5.68513298034668,125.99072265625,1024.0,26.0,0.0009765625,783.943359375,2048.0,413.0,0.013671875,64.71536554198246,20.60870790699846,1.3696881039941218,78.92164026299724,208.69815726098022,0.0007349906248543082,0.250806558727827,0.011058873226564672,0.04235027341062182,13.148950107977726,29.83067199002835,0.0029296875,0.9970703125
haotian_3b_gd2po_hard_s1_save10,3b,gd2po_hard,1,31,,,,,433703,457621,23918,442151,442152,442151.5,0.1404748260974884,0.001,0.1571859229227592,-0.014652396199004403,0.0028088374970609256,4.33624116904584e-05,2.734732538461685,0.41413999110094285,1e-06,2.7538795471191406,4.0,-3.0,0.943359375,1.0,0.0,1.8105202913284302,3.0,-3.0,0.0,0.0,0.0,2.7380218505859375,4.003427982330322,-3.0213799476623535,-1.785984338198432e-08,0.9948010444641113,5.878228187561035,-5.853248596191406,-1.785984338198432e-08,5.878228187561035,-5.853248596191406,121.8134765625,1024.0,46.0,0.00390625,741.763671875,2048.0,414.0,0.005859375,62.68170764300157,20.13603243700345,1.406093771016458,74.07317961598164,158.39761160401395,0.0007950294022617011,0.2512554720852737,0.011385256205736863,0.041882239241516565,,,0.001953125,0.998046875
haotian_3b_gd2po_hard_s1_save10,3b,gd2po_hard,1,32,,,,,450589,473156,22567,459505,459506,459505.5,0.13993284106254578,0.001,0.16490464587695897,-0.09359643243806204,0.002362838149565505,7.252776595123578e-05,3.390825927257538,0.40898465692899855,1e-06,2.758633613586426,4.0,-3.0,0.9501953125,1.0,0.0,1.8084383010864258,3.0,-3.0,0.0,0.0,0.0,2.742659568786621,4.0004143714904785,-3.0295028686523438,-5.032068539634338e-09,0.997016429901123,5.989759922027588,-5.981470584869385,-5.032068539634338e-09,5.989759922027588,-5.981470584869385,124.3720703125,1024.0,35.0,0.0009765625,773.099609375,2048.0,399.0,0.001953125,57.94727623599465,20.337964336998994,1.5590750550036319,78.15218362997985,158.0929485890083,0.000848235252354777,0.22749937669698034,0.011065136509246893,0.04251972154303912,,,0.001953125,0.998046875
haotian_3b_gd2po_hard_s1_save10,3b,gd2po_hard,1,33,,,,,435306,466782,31476,456480,456481,456480.5,0.14984837174415588,0.001,0.1631064540706575,-0.013756916305283085,0.0027387001282477286,0.00027790697345153603,3.084158718585968,0.4172846069387491,1e-06,2.743783712387085,4.0,-3.0,0.95849609375,1.0,0.0,1.7852877378463745,3.0,-3.0,0.0,0.0,0.0,2.726959705352783,4.001445770263672,-3.0259366035461426,-1.059378984535897e-08,0.9971244931221008,5.418642044067383,-5.4774627685546875,-1.059378984535897e-08,5.418642044067383,-5.4774627685546875,123.7802734375,1024.0,43.0,0.001953125,767.783203125,1821.0,389.0,0.0,57.86783160502091,20.01097209000727,1.418432335020043,75.90785511798458,155.30347765100305,0.0007768307381257485,0.2282736688666003,0.010959379475140378,0.04157234269480546,,,0.001953125,0.998046875
haotian_3b_gd2po_hard_s1_save10,3b,gd2po_hard,1,34,,,,,445155,475022,29867,457260,457261,457260.25,0.1461630016565323,0.001,0.16354936710558832,-0.07887880352791399,0.0038092511967988685,5.344952842278872e-05,2.812238097190857,0.407185596734119,1e-06,2.7520833015441895,4.0,-3.0,0.947265625,1.0,0.0,1.8048179149627686,3.0,-3.0,0.0,0.0,0.0,2.7346463203430176,3.999401807785034,-3.0300614833831787,1.1100791397211651e-08,0.9980335831642151,4.17308235168457,-5.2000532150268555,1.1100791397211651e-08,4.17308235168457,-5.2000532150268555,128.86572265625,1024.0,38.0,0.0009765625,764.220703125,2048.0,416.0,0.00390625,57.910172044998035,20.154791945999023,1.389172029972542,77.96294416600722,157.51712832099292,0.0007595084145038531,0.2194256984013839,0.011019322117983699,0.04262503911394398,,,0.00146484375,0.99853515625
haotian_3b_gd2po_hard_s1_save10,3b,gd2po_hard,1,35,,,,,434591,477887,43296,451185,451186,451185.75,0.13976043462753296,0.001,0.1471160689989726,0.00850977369894584,0.002556580308979998,4.162158256804105e-05,38.571115255355835,0.4116376830203149,1e-06,2.790525436401367,4.0,-3.0,0.955078125,1.0,0.0,1.835447072982788,3.0,-3.0,0.0,0.0,0.0,2.780102252960205,17.064380645751953,-3.0347440242767334,-1.3514106278478266e-08,0.9988851547241211,3.169579029083252,-6.329009532928467,-1.3514106278478266e-08,3.169579029083252,-6.329009532928467,125.70068359375,1024.0,26.0,0.00048828125,755.521484375,2048.0,393.0,0.001953125,50.75887824399979,19.891221749974648,1.412278416013578,76.03464863001136,148.1932270230027,0.0007825371346577202,0.19717162873735036,0.011021636737183437,0.04213045770506458,,,0.0009765625,0.9990234375
haotian_3b_gd2po_hard_s1_save10,3b,gd2po_hard,1,36,,,,,440044,466833,26789,448333,448333,448333.0,0.15645869076251984,0.001,0.138786879758681,-0.04197753557274418,0.002087603579463077,4.84861304885858e-05,3.199726641178131,0.4047283719317306,1e-06,2.779263973236084,4.0,-3.0,0.947265625,1.0,0.0,1.831998348236084,3.0,-3.0,0.0,0.0,0.0,2.7620790004730225,4.001255035400391,-3.0350213050842285,2.4028588896385372e-08,0.9999998807907104,3.2513787746429443,-6.544431686401367,2.4028588896385372e-08,3.2513787746429443,-6.544431686401367,117.20703125,1024.0,27.0,0.00048828125,758.443359375,2048.0,393.0,0.00390625,54.453175861999625,19.893975905986736,1.3778592089947779,76.82021705899388,152.64601581197348,0.0007683235502376458,0.22685042435427272,0.011093303362671683,0.042836584112140905,,,0.0,1.0
haotian_3b_gd2po_hard_s1_save10,3b,gd2po_hard,1,37,,,,,433010,458896,25886,449004,449005,449004.75,0.15104106068611145,0.001,0.13918652962292394,-0.0014188266809909574,0.002411104169779367,0.00015310774887761762,2.9634628295898438,0.41532805429397784,1e-06,2.655561923980713,4.0,-3.0,0.93798828125,1.0,0.0,1.717573881149292,3.0,-3.0,0.0,0.0,0.0,2.6384119987487793,4.001097202301025,-3.0327987670898438,7.86754128512257e-09,0.9988037347793579,6.263218879699707,-6.272663593292236,7.86754128512257e-09,6.263218879699707,-6.272663593292236,121.21630859375,1024.0,35.0,0.0009765625,755.74609375,2048.0,389.0,0.005859375,55.030227753013605,19.968338774022413,1.3983293450146448,75.32197972698486,151.82269630400697,0.000778571576923543,0.22167172641001892,0.011118111096832724,0.04193829782813259,,,0.0009765625,0.9990234375
haotian_3b_gd2po_hard_s1_save10,3b,gd2po_hard,1,38,,,,,451890,485319,33429,465136,465137,465136.5,0.15942081809043884,0.001,0.13331425562500954,-0.014686638140119612,0.002590606760350056,8.579304312661407e-05,4.813409388065338,0.40732877339726375,1e-06,2.897350549697876,4.0,-3.0,0.9443359375,1.0,0.0,1.953014612197876,3.0,-3.0,0.0,0.0,0.0,2.87935733795166,4.000844955444336,-3.0803444385528564,2.897123874134877e-09,0.9970767498016357,4.606968879699707,-5.751234531402588,2.897123874134877e-09,4.606968879699707,-5.751234531402588,123.4423828125,1024.0,45.0,0.00048828125,785.02734375,2048.0,413.0,0.009765625,59.37957589101279,20.583721282018814,1.394465824996587,79.28197396500036,160.7425235340197,0.0007494927967363273,0.23487827178914122,0.011063269213456057,0.04261220844042575,,,0.00244140625,0.99755859375
haotian_3b_gd2po_hard_s1_save10,3b,gd2po_hard,1,39,,,,,444296,471110,26814,460481,460482,460481.5,0.1588917374610901,0.001,0.13274769065901637,0.014877708581479965,0.0028324346567387693,-6.581646501047089e-05,165.14555460214615,0.4139663388074402,1e-06,2.662562370300293,4.0,-3.0,0.94970703125,1.0,0.0,1.712855339050293,3.0,-3.0,0.0,0.0,0.0,2.6533541679382324,17.531558990478516,-3.038017988204956,1.76199907997443e-08,0.9995347261428833,3.1420395374298096,-6.18041467666626,1.76199907997443e-08,3.1420395374298096,-6.18041467666626,121.7802734375,1024.0,26.0,0.0009765625,777.59765625,2048.0,420.0,0.0078125,56.898096254997654,20.7028943010082,1.4151152379927225,77.37680074898526,156.50413993300754,0.0007682801795472362,0.22813443243144774,0.011239807842990543,0.042008637018525856,,,0.00048828125,0.99951171875
haotian_3b_gd2po_hard_s1_save10,3b,gd2po_hard,1,40,2.6498894890770317,0.975,1.674889487400651,0.0,445840,450864,5024,448070,448071,448070.25,0.16630007326602936,0.001,0.1173502704308879,-0.042977920463008266,0.0024837002988093563,5.338244626463782e-05,3.141789972782135,0.4087950699937152,1e-06,2.8363895416259766,4.0,-3.0,0.953125,1.0,0.0,1.8832645416259766,3.0,-3.0,0.0,0.0,0.0,2.8177826404571533,3.9992763996124268,-3.036332368850708,9.912397125333428e-09,0.9907369613647461,6.142901420593262,-6.105607032775879,9.912397125333428e-09,6.142901420593262,-6.105607032775879,121.76611328125,1024.0,44.0,0.0009765625,753.37109375,2048.0,422.0,0.00390625,59.83780361499521,19.824273836013163,1.3892452570144087,76.31964269801392,198.45165608200477,0.0007751269231858223,0.2399491677861038,0.011060918369392502,0.04258240906309553,12.685961914015934,28.29179283499252,0.00341796875,0.99658203125
haotian_3b_gd2po_hard_s1_save10,3b,gd2po_hard,1,41,,,,,432787,455358,22571,442721,442722,442721.75,0.166947603225708,0.001,0.13295536910494168,0.022634321792672076,0.0025722213506621,1.203620507415811e-05,3.21866774559021,0.3999309451518502,1e-06,2.9321229457855225,4.0,-3.0,0.9560546875,1.0,0.0,1.9760680198669434,3.0,-3.0,0.0,0.0,0.0,2.91388201713562,3.9994137287139893,-3.0489296913146973,6.1681006968683505e-09,1.0000001192092896,3.413198709487915,-6.742220401763916,6.1681006968683505e-09,3.413198709487915,-6.742220401763916,115.96044921875,1024.0,43.0,0.00048828125,748.73046875,2048.0,424.0,0.00390625,54.04896609499701,19.72073247100343,1.4037639549933374,77.01576398301404,152.30434855699423,0.0007926897396577745,0.22758705148070005,0.011136076142070855,0.04348993695420094,,,0.0,1.0
haotian_3b_gd2po_hard_s1_save10,3b,gd2po_hard,1,42,,,,,452649,466351,13702,460537,460538,460537.25,0.17073872685432434,0.001,0.13325111218728125,-0.020849793101660907,0.0024496381483913865,8.066282509844314e-05,3.0614399313926697,0.4078436320347581,1e-06,2.7811927795410156,4.0,-3.0,0.96142578125,1.0,0.0,1.8197669982910156,3.0,-3.0,0.0,0.0,0.0,2.7619690895080566,4.000956058502197,-3.0428521633148193,-2.262717480050469e-08,0.9989496469497681,3.379818916320801,-6.706398010253906,-2.262717480050469e-08,3.379818916320801,-6.706398010253906,126.44189453125,1024.0,37.0,0.0029296875,773.044921875,2048.0,399.0,0.001953125,58.04651768298936,20.37308428599499,1.4096967880032025,78.7445611070143,158.66793373398832,0.0007652458015085656,0.22415850630419173,0.011059411744649859,0.04274603254514934,,,0.00048828125,0.99951171875
haotian_3b_gd2po_hard_s1_save10,3b,gd2po_hard,1,43,,,,,452330,460847,8517,455588,455589,455588.25,0.1610153317451477,0.001,0.11310724937357008,-0.033248449297389016,0.002996822524437448,3.5586484969485355e-05,348.50652182102203,0.41162654684894573,1e-06,2.788574695587158,4.0,-3.0,0.94775390625,1.0,0.0,1.8408207893371582,3.0,-3.0,0.0,0.0,0.0,2.7806737422943115,24.182878494262695,-3.021851062774658,1.4359129441032792e-09,0.9934713244438171,6.521489143371582,-6.491377353668213,1.4359129441032792e-09,6.521489143371582,-6.491377353668213,124.52978515625,1024.0,34.0,0.0009765625,765.291015625,2048.0,399.0,0.0078125,55.259677483991254,20.35051104601007,1.3834228990017436,76.77140816600877,153.86524671598454,0.0007591410111003432,0.21667317873089495,0.01116716193076208,0.042127627394916774,,,0.00244140625,0.99755859375
haotian_3b_gd2po_hard_s1_save10,3b,gd2po_hard,1,44,,,,,437824,472790,34966,453287,453288,453287.5,0.1738368272781372,0.001,0.14710693154484034,-0.02714510922669433,0.0029812134307576343,0.00014678616932428667,4.601646780967712,0.4121401966834772,1e-06,2.8001837730407715,4.0,-3.0,0.96142578125,1.0,0.0,1.8387579917907715,3.0,-3.0,0.0,0.0,0.0,2.781299114227295,3.99849534034729,-3.026992082595825,6.3036695863161185e-09,0.9972981214523315,4.9293060302734375,-6.779097080230713,6.3036695863161185e-09,4.9293060302734375,-6.779097080230713,118.1943359375,1024.0,31.0,0.0009765625,767.1328125,2048.0,413.0,0.001953125,56.09075599600328,20.00749896201887,1.3462725549761672,76.26678408600856,153.81458581701736,0.0007425047872355664,0.23172061701548893,0.011034662858571477,0.042063140989994516,,,0.001953125,0.998046875
haotian_3b_gd2po_hard_s1_save10,3b,gd2po_hard,1,45,,,,,437051,459815,22764,448943,448943,448943.0,0.18493607640266418,0.001,0.10199492564424872,0.029025397794612218,0.0024560256460972596,4.184650319416505e-05,4.152140915393829,0.4089781930961838,1e-06,2.7846145629882812,4.0,-3.0,0.953125,1.0,0.0,1.8314894437789917,3.0,-3.0,0.0,0.0,0.0,2.7646780014038086,3.9992990493774414,-3.028616428375244,-7.230674281544225e-09,0.9994627237319946,4.398214817047119,-6.873457908630371,-7.230674281544225e-09,4.398214817047119,-6.873457908630371,115.40625,677.0,35.0,0.0,761.435546875,1917.0,425.0,0.0,49.915754071989795,19.762982390995603,1.3710106369981077,76.25862678399426,147.4114381649997,0.0007634658726152917,0.21119243362438142,0.011005284852974433,0.04246565086436043,,,0.00048828125,0.99951171875
haotian_3b_gd2po_hard_s1_save10,3b,gd2po_hard,1,46,,,,,443736,472176,28440,455961,455962,455961.75,0.1797269582748413,0.001,0.11654193873982877,-0.10046090325340629,0.00244423442381958,0.00017410202968903832,9.07769525051117,0.4105735271616601,1e-06,2.9111084938049316,4.0,-3.0,0.95361328125,1.0,0.0,1.957495093345642,3.0,-3.0,0.0,0.0,0.0,2.8919618129730225,3.9997568130493164,-3.029749870300293,-8.258910888514492e-09,0.9994332790374756,5.232728958129883,-7.705405235290527,-8.258910888514492e-09,5.232728958129883,-7.705405235290527,115.47216796875,1024.0,39.0,0.00048828125,775.078125,2048.0,399.0,0.005859375,53.0051872979966,20.566125271987403,1.39110291399993,77.0075520890241,152.07202206697548,0.000762730050272819,0.2241357338796492,0.011276233846362881,0.04222259437826972,,,0.00048828125,0.99951171875
haotian_3b_gd2po_hard_s1_save10,3b,gd2po_hard,1,47,,,,,431960,463114,31154,447151,447152,447151.25,0.18007966876029968,0.001,0.09364456658562025,0.03673869053600356,0.0030208456485221785,0.00036277077410886707,3.9393616318702698,0.41013536161474523,1e-06,2.8378896713256836,4.0,-3.0,0.962890625,1.0,0.0,1.8749990463256836,3.0,-3.0,0.0,0.0,0.0,2.818000078201294,4.000026226043701,-3.017829656600952,2.5739654851975047e-09,0.9970943331718445,3.919222354888916,-6.813279628753662,2.5739654851975047e-09,3.919222354888916,-6.813279628753662,115.78369140625,901.0,30.0,0.0,757.55859375,2048.0,389.0,0.001953125,52.1844171959965,19.837485175026814,1.3642683009966277,75.63132378799492,149.11834928300232,0.0007627554999547847,0.220071342945689,0.01109103752646717,0.04228509021723349,,,0.001953125,0.998046875
haotian_3b_gd2po_hard_s1_save10,3b,gd2po_hard,1,48,,,,,425218,461470,36252,450490,450490,450490.0,0.18154454231262207,0.001,0.08776194686370511,-0.00870168269161255,0.0028452561912877907,0.0004349882102331087,3.780216336250305,0.4122737914718487,1e-06,2.8400371074676514,4.0,-3.0,0.95703125,1.0,0.0,1.8830058574676514,3.0,-3.0,0.0,0.0,0.0,2.820902109146118,4.001015663146973,-3.0281217098236084,0.0,0.9999998807907104,3.9236714839935303,-7.782283782958984,0.0,3.9236714839935303,-7.782283782958984,113.22265625,1024.0,43.0,0.00146484375,766.640625,2048.0,416.0,0.00390625,57.540475878020516,19.91621765200398,1.4311678349913564,75.78566648499691,154.7728449900169,0.0007942284151653512,0.24814764480774762,0.011052530384694432,0.042057352263644536,,,0.0,1.0
haotian_3b_gd2po_hard_s1_save10,3b,gd2po_hard,1,49,,,,,450617,470007,19390,457833,457834,457833.5,0.17605659365653992,0.001,0.09341409069020301,-0.02423120941966772,0.0023867166000854922,0.00012616166407042329,467.24778974056244,0.41039518473205844,1e-06,2.8631997108459473,4.0,-3.0,0.96240234375,1.0,0.0,1.9007972478866577,3.0,-3.0,0.0,0.0,0.0,2.8525233268737793,22.500316619873047,-3.0348665714263916,-8.868516587767772e-09,0.9981316924095154,3.6780266761779785,-7.405524253845215,-8.868516587767772e-09,3.6780266761779785,-7.405524253845215,117.6162109375,1024.0,40.0,0.00048828125,776.58984375,2048.0,402.0,0.009765625,54.38240877102362,20.061422636994394,1.3983357770193834,77.68447110199486,153.84015261600143,0.0007635613039562326,0.22576743733767143,0.010954540590080452,0.04241960838492315,,,0.00146484375,0.99853515625
haotian_3b_gd2po_hard_s1_save10,3b,gd2po_hard,1,50,2.696973240748048,0.975,1.7219732362776994,0.0,450933,462121,11188,455206,455206,455206.0,0.18337050080299377,0.001,0.09855531121138483,0.058316766197094694,0.0032848791233845986,0.0002076115804499068,3.4012062549591064,0.41366825781949057,1e-06,2.8450376987457275,4.0,-3.0,0.95654296875,1.0,0.0,1.888494610786438,3.0,-3.0,0.0,0.0,0.0,2.8249919414520264,3.998274564743042,-3.100713014602661,7.0328574075517736e-09,0.9992097616195679,3.5075790882110596,-6.940983772277832,7.0328574075517736e-09,3.5075790882110596,-6.940983772277832,118.65234375,1024.0,30.0,0.00146484375,770.421875,2048.0,407.0,0.0078125,56.70682651398238,19.981157583009917,1.3468315610080026,76.38514210801804,192.92891414402402,0.0007396824520151331,0.23336142598346657,0.010973689704776473,0.04195086516215628,12.267176025983645,26.142146636004327,0.0009765625,0.9990234375
haotian_3b_gd2po_hard_s1_save10,3b,gd2po_hard,1,51,,,,,428247,460917,32670,447731,447731,447731.0,0.18735243380069733,0.001,0.0798302968343099,0.054489847474421066,0.0022151792344326775,0.00017734695308414908,3.4303022027015686,0.4046027601607267,1e-06,2.885955810546875,4.0,-3.0,0.96337890625,1.0,0.0,1.9225767850875854,3.0,-3.0,0.0,0.0,0.0,2.865823745727539,4.003786563873291,-3.0420756340026855,5.207866582424003e-09,1.0,8.986043930053711,-8.99854850769043,5.207866582424003e-09,8.986043930053711,-8.99854850769043,114.451171875,567.0,44.0,0.0,760.0234375,2048.0,389.0,0.001953125,49.8912176140002,20.135975959012285,1.4007944529876113,76.80869337599142,148.3365950009902,0.000782162980108375,0.21285012378197665,0.011243344753329726,0.04288774586525806,,,0.0,1.0
haotian_3b_gd2po_hard_s1_save10,3b,gd2po_hard,1,52,,,,,431501,460106,28605,448139,448140,448139.75,0.1913238912820816,0.001,0.09004671089351177,-0.03353869828085105,0.002824368195918699,3.7252083954323706e-05,3.567468762397766,0.41068105053682485,1e-06,2.8977608680725098,4.0,-3.0,0.96435546875,1.0,0.0,1.9334055185317993,3.0,-3.0,0.0,0.0,0.0,2.877133846282959,3.997708320617676,-3.0311055183410645,0.0,0.998218297958374,4.119441509246826,-8.229201316833496,0.0,4.119441509246826,-8.229201316833496,113.73388671875,519.0,47.0,0.0,761.5390625,2048.0,399.0,0.001953125,48.27759209298529,20.231369811983313,1.3486932190135121,75.68291569800931,145.64206957499846,0.0007523842835931828,0.20726490313697118,0.01128630623147317,0.042220599544009044,,,0.00146484375,0.99853515625
haotian_3b_gd2po_hard_s1_save10,3b,gd2po_hard,1,53,,,,,437098,456812,19714,444665,444666,444665.75,0.19220225512981415,0.001,0.08052543898423513,0.02618724702236553,0.0029261040035635233,0.0001399411296006292,3.5726805925369263,0.40656137522648367,1e-06,2.8227169513702393,4.0,-3.0,0.9599609375,1.0,0.0,1.8627560138702393,3.0,-3.0,0.0,0.0,0.0,2.801703453063965,3.997211217880249,-3.018613576889038,-2.5102696810108682e-08,0.9977084994316101,5.01243782043457,-9.943934440612793,-2.5102696810108682e-08,5.01243782043457,-9.943934440612793,116.34716796875,813.0,45.0,0.0,752.140625,2048.0,413.0,0.00390625,51.58245886999066,19.977930912020383,1.373677260009572,75.81303085500258,148.84821866400307,0.0007723088971938877,0.21647924856991452,0.01123199330734399,0.04262360596414418,,,0.001953125,0.998046875
haotian_3b_gd2po_hard_s1_save10,3b,gd2po_hard,1,54,,,,,438842,469988,31146,458862,458863,458862.5,0.19022010266780853,0.001,0.10719943081494421,0.075864319151151,0.002815559917507926,0.0002777274728202883,3.4521061182022095,0.41060211078064396,1e-06,2.802006721496582,4.0,-3.0,0.9482421875,1.0,0.0,1.8537647724151611,3.0,-3.0,0.0,0.0,0.0,2.780773401260376,3.997610569000244,-3.0211050510406494,-1.9746566604084137e-09,0.9977838397026062,4.027917861938477,-8.040454864501953,-1.9746566604084137e-09,4.027917861938477,-8.040454864501953,120.7392578125,935.0,41.0,0.0,775.4765625,2047.0,418.0,0.0,55.71503637798014,20.44768032297725,1.4059051490039565,77.51386790498509,155.18334853899432,0.0007659730033528325,0.22531700210285005,0.0111404180571398,0.042231533359658444,,,0.00146484375,0.99853515625
haotian_3b_gd2po_hard_s1_save10,3b,gd2po_hard,1,55,,,,,440897,473657,32760,455358,455359,455358.75,0.19058479368686676,0.001,0.11186354433496794,0.02408735662077864,0.002600540352674822,7.460023856159144e-05,3.331097900867462,0.4179188116507872,1e-06,2.8697681427001953,4.0,-3.0,0.94970703125,1.0,0.0,1.9200611114501953,3.0,-3.0,0.0,0.0,0.0,2.8487799167633057,3.998262882232666,-3.034162759780884,9.475069617792542e-09,0.9986518025398254,5.973471164703369,-8.92092227935791,9.475069617792542e-09,5.973471164703369,-8.92092227935791,119.52294921875,835.0,45.0,0.0,769.849609375,2048.0,402.0,0.009765625,53.44650899298722,20.09299085100065,1.3965601020026952,75.6519133450056,150.69219138499466,0.0007667361734032207,0.21834240528544555,0.011031407023034394,0.04153423720583254,,,0.0009765625,0.9990234375
haotian_3b_gd2po_hard_s1_save10,3b,gd2po_hard,1,56,,,,,441264,469841,28577,452530,452531,452530.75,0.19191640615463257,0.001,0.08628003167048577,-0.0891631017288854,0.0031749772869290845,0.00032589634135928784,3.4483553767204285,0.4154384990481842,1e-06,2.9200356006622314,4.0,-3.0,0.9541015625,1.0,0.0,1.965934157371521,3.0,-3.0,0.0,0.0,0.0,2.898297071456909,3.997333526611328,-3.0360846519470215,-5.918680212602112e-09,0.9999998807907104,4.152406692504883,-8.148479461669922,-5.918680212602112e-09,4.152406692504883,-8.148479461669922,120.84716796875,703.0,43.0,0.0,763.001953125,2048.0,399.0,0.009765625,51.037363880022895,20.013232590979896,1.390894443000434,75.6112502879987,148.15943545199116,0.0007683977514237618,0.20621573720690475,0.011056283242066919,0.04177133282544816,,,0.0,1.0
haotian_3b_gd2po_hard_s1_save10,3b,gd2po_hard,1,57,,,,,444759,477182,32423,457828,457829,457828.75,0.19374299049377441,0.001,0.11896487325429916,0.00848144693300128,0.002668355587714662,0.00010552785721908245,4.8229372799396515,0.4192206171084713,1e-06,2.7578630447387695,4.0,-3.0,0.951171875,1.0,0.0,1.806691288948059,3.0,-3.0,0.0,0.0,0.0,2.736976146697998,3.9984095096588135,-3.0373635292053223,4.079907078846645e-09,1.0000001192092896,4.1141276359558105,-8.195880889892578,4.079907078846645e-09,4.1141276359558105,-8.195880889892578,116.87451171875,1024.0,42.0,0.00146484375,777.322265625,2048.0,416.0,0.005859375,55.02642655701493,20.14571588599938,1.3763496610044967,75.7995341780188,152.4517665990279,0.0007515635819094458,0.22989077727185914,0.011000683053433942,0.04139076793343516,,,0.0,1.0
haotian_3b_gd2po_hard_s1_save10,3b,gd2po_hard,1,58,,,,,441824,473808,31984,460447,460448,460447.25,0.19508971273899078,0.001,0.08194630220532417,0.05186322914232733,0.0020666771542892093,0.00028528735393251736,3.3402310013771057,0.41418135318850346,1e-06,2.954185724258423,4.0,-3.0,0.9609375,1.0,0.0,1.9932482242584229,3.0,-3.0,0.0,0.0,0.0,2.932461977005005,4.001718044281006,-3.0291688442230225,2.272150823046104e-08,0.9992150068283081,4.318126678466797,-8.522462844848633,2.272150823046104e-08,4.318126678466797,-8.522462844848633,120.67041015625,732.0,31.0,0.0,778.640625,2048.0,389.0,0.005859375,52.57689488300821,20.673855459986953,1.4435416799969971,77.15714622399537,151.9643595330126,0.0007837714743637828,0.21274736632909488,0.011224877257919855,0.041892500294005104,,,0.00048828125,0.99951171875
haotian_3b_gd2po_hard_s1_save10,3b,gd2po_hard,1,59,,,,,439718,459649,19931,447955,447956,447955.75,0.2031177580356598,0.001,0.07870895800491175,-0.015592085329505305,0.0024188330843268584,0.00024354309280170128,3.768076539039612,0.41815759175873796,1e-06,2.8964967727661133,4.0,-3.0,0.9619140625,1.0,0.0,1.9345827102661133,3.0,-3.0,0.0,0.0,0.0,2.8746066093444824,3.9984889030456543,-3.0469753742218018,-2.1159425322991865e-09,0.9982013702392578,5.190138816833496,-7.790327072143555,-2.1159425322991865e-09,5.190138816833496,-7.790327072143555,112.67724609375,430.0,44.0,0.0,762.236328125,2048.0,407.0,0.0078125,45.94388713000808,20.204088694998063,1.3958730179874692,74.43570646099397,142.0907386750041,0.0007790239426480568,0.1990955531433032,0.011275716795128796,0.04154188581182068,,,0.0009765625,0.9990234375
haotian_3b_gd2po_hard_s1_save10,3b,gd2po_hard,1,60,2.7032323947176335,0.975,1.728232391551137,0.0,440720,485076,44356,456730,456730,456730.0,0.198826864361763,0.001,0.07316370843909681,-0.04226346249924973,0.0056930364880827256,0.00027689880971593084,3.62021940946579,0.41025175673727066,1e-06,2.9301018714904785,4.0,-3.0,0.95703125,1.0,0.0,1.9730706214904785,3.0,-3.0,0.0,0.0,0.0,2.9142093658447266,16.489089965820312,-3.0455381870269775,-4.046149637559893e-09,0.9990387558937073,4.098037242889404,-8.179943084716797,-4.046149637559893e-09,4.098037242889404,-8.179943084716797,117.849609375,1024.0,38.0,0.0009765625,774.201171875,2048.0,414.0,0.005859375,56.63247277500341,20.09699237800669,1.39013769000303,77.27124685901799,194.73651804498513,0.0007609187539700863,0.23464290415404385,0.011000477512976316,0.04229591162120837,11.929063210001914,27.31559244802338,0.0009765625,0.9990234375
haotian_3b_gd2po_hard_s1_save10,3b,gd2po_hard,1,61,,,,,448579,465055,16476,455941,455941,455941.0,0.18804804980754852,0.001,0.08473355491315165,-0.04744389527026684,0.0034323854206670676,0.00011519386692182912,188.53642147779465,0.41666286298211175,1e-06,2.893782615661621,4.0,-3.0,0.966796875,1.0,0.0,1.926985502243042,3.0,-3.0,0.0,0.0,0.0,2.8863978385925293,32.75714874267578,-3.0329225063323975,8.31768254272447e-09,0.9971593618392944,4.805301666259766,-7.131012916564941,8.31768254272447e-09,4.805301666259766,-7.131012916564941,114.65625,1024.0,37.0,0.00048828125,775.853515625,2048.0,399.0,0.005859375,63.986467330978485,20.51116572500905,1.378011491993675,75.97556426201481,161.9733612969867,0.000755586518866298,0.2724961984318721,0.011246611801202924,0.04165865992640211,,,0.0009765625,0.9990234375
haotian_3b_gd2po_hard_s1_save10,3b,gd2po_hard,1,62,,,,,431031,455001,23970,443974,443974,443974.0,0.20772311091423035,0.001,0.09272557174166043,-0.03244141764007509,0.002486752613913268,0.00019572428991523338,7.462055027484894,0.40871614352873853,1e-06,2.858876943588257,4.0,-3.0,0.9482421875,1.0,0.0,1.9106347560882568,3.0,-3.0,0.0,0.0,0.0,2.8361802101135254,4.000555515289307,-3.0172250270843506,-1.4260550962319485e-08,0.996791422367096,5.255914211273193,-7.874061107635498,-1.4260550962319485e-08,5.255914211273193,-7.874061107635498,117.03125,1024.0,35.0,0.0009765625,750.10546875,2048.0,402.0,0.00390625,53.91135217100964,19.689553244010312,1.3971950720006134,75.4149993309984,150.5127043889952,0.0007867550081764999,0.22493054143445276,0.011087109405061057,0.04246588726535698,,,0.0009765625,0.9990234375
haotian_3b_gd2po_hard_s1_save10,3b,gd2po_hard,1,63,,,,,434479,464259,29780,448592,448593,448592.5,0.20988808572292328,0.001,0.08599647022783756,0.0343328580337887,0.002082222777729233,0.0001998644874523355,4.280791163444519,0.4192797806960446,1e-06,2.7649307250976562,4.0,-3.0,0.96240234375,1.0,0.0,1.8025282621383667,3.0,-3.0,0.0,0.0,0.0,2.7418053150177,3.998955488204956,-3.0458970069885254,-2.1663375093794457e-08,1.0,4.058473110198975,-8.126327514648438,-2.1663375093794457e-08,4.058473110198975,-8.126327514648438,116.9345703125,891.0,36.0,0.0,759.22265625,2048.0,418.0,0.001953125,53.64806205101195,19.96097370798816,1.4221490030176938,74.20552858099109,149.33660746199894,0.0007925617364410315,0.22401709544354878,0.011124223938200126,0.041354641785691405,,,0.0,1.0
haotian_3b_gd2po_hard_s1_save10,3b,gd2po_hard,1,64,,,,,443483,466309,22826,454952,454952,454952.0,0.20436307787895203,0.001,0.09613940212875605,0.033559512201463804,0.0022945869823161047,0.00019121105202657418,3.613147556781769,0.41006501803941514,1e-06,2.790231943130493,4.0,-3.0,0.94775390625,1.0,0.0,1.8424781560897827,3.0,-3.0,0.0,0.0,0.0,2.7682971954345703,3.9974892139434814,-3.0392606258392334,-2.4053882441421592e-08,0.9999998211860657,4.033924102783203,-8.142271041870117,-2.4053882441421592e-08,4.033924102783203,-8.142271041870117,113.986328125,661.0,38.0,0.0,774.591796875,2048.0,422.0,0.005859375,51.09175182299805,20.223816693993285,1.397036919981474,77.15073131799,149.96380780800246,0.0007676836896977451,0.21886084809632309,0.01111315957177531,0.04239498415106978,,,0.0,1.0
haotian_3b_gd2po_hard_s1_save10,3b,gd2po_hard,1,65,,,,,453154,487361,34207,463960,463961,463960.5,0.20662307739257812,0.001,0.09088541218079627,0.008244434517109767,0.0030743780662305653,0.00041185423629030993,3.8421438336372375,0.4141758332104008,1e-06,2.818392515182495,4.0,-3.0,0.96728515625,1.0,0.0,1.8511074781417847,3.0,-3.0,0.0,0.0,0.0,2.795287609100342,3.99898624420166,-3.028654098510742,-1.7669583129986677e-08,0.9968957901000977,5.812899112701416,-8.69509506225586,-1.7669583129986677e-08,5.812899112701416,-8.69509506225586,121.4384765625,1024.0,32.0,0.00048828125,784.734375,2048.0,418.0,0.0078125,59.00721413700376,20.50080983398948,1.4016742150124628,77.8771669830021,158.89107977898675,0.0007552766965142845,0.23725689825337448,0.011046635346106769,0.04196325278930108,,,0.0009765625,0.9990234375
haotian_3b_gd2po_hard_s1_save10,3b,gd2po_hard,1,66,,,,,427718,454393,26675,443901,443901,443901.0,0.20590244233608246,0.001,0.07451552212718994,0.0911306356560559,0.0027116298067173168,0.00019544323901842995,3.8653194308280945,0.4130045741831543,1e-06,2.959529161453247,4.0,-3.0,0.9658203125,1.0,0.0,1.993708848953247,3.0,-3.0,0.0,0.0,0.0,2.9373390674591064,3.9989707469940186,-3.0411128997802734,1.2538464488898171e-08,0.9988272786140442,4.895830154418945,-9.415276527404785,1.2538464488898171e-08,4.895830154418945,-9.415276527404785,114.08984375,622.0,44.0,0.0,752.904296875,2048.0,393.0,0.001953125,47.35123518700129,19.690901304013096,1.5821490900125355,74.6399863009865,143.36886400700314,0.0008910483925540466,0.2026536240755696,0.01108969190428333,0.042036392292981145,,,0.0009765625,0.9990234375
haotian_3b_gd2po_hard_s1_save10,3b,gd2po_hard,1,67,,,,,434833,453297,18464,441169,441170,441169.75,0.20937150716781616,0.001,0.07362864326153483,0.009586575906723738,0.0025008155457076748,0.00018251837173011154,3.4491389393806458,0.4186532059681603,1e-06,2.997655153274536,4.0,-3.0,0.98291015625,1.0,0.0,2.014744997024536,3.0,-3.0,0.0,0.0,0.0,2.9748973846435547,3.9976494312286377,-3.0341408252716064,1.943568861406675e-08,0.9989455342292786,4.5263285636901855,-8.888154029846191,1.943568861406675e-08,4.5263285636901855,-8.888154029846191,113.47021484375,781.0,43.0,0.0,748.189453125,2048.0,418.0,0.001953125,50.51024708501063,19.292890350014204,1.3385833670035936,73.04504978400655,144.28149379900424,0.0007585421297604797,0.21735401328392137,0.010932804408061865,0.04139282542831107,,,0.00048828125,0.99951171875
haotian_3b_gd2po_hard_s1_save10,3b,gd2po_hard,1,68,,,,,434524,464177,29653,450033,450034,450033.5,0.21228763461112976,0.001,0.07708650132020314,0.02807997961062938,0.0030936704405273,0.0004097233880505276,3.7117221355438232,0.41658354017678606,1e-06,2.9303479194641113,4.0,-3.0,0.96875,1.0,0.0,1.9615981578826904,3.0,-3.0,0.0,0.0,0.0,2.9075417518615723,3.9989817142486572,-3.0340867042541504,1.87171771415251e-08,1.0,4.419816017150879,-8.835258483886719,1.87171771415251e-08,4.419816017150879,-8.835258483886719,114.6416015625,990.0,44.0,0.0,764.330078125,2048.0,414.0,0.001953125,53.09475966898026,20.350547292997362,1.3896468130114954,74.9785731890006,149.93783685201197,0.0007719685384596343,0.2261410802559789,0.01130501801143546,0.04165166214792932,,,0.0,1.0
haotian_3b_gd2po_hard_s1_save10,3b,gd2po_hard,1,69,,,,,437522,492676,55154,465717,465718,465717.25,0.21728478372097015,0.001,0.08632826997387794,-0.04692514597498361,0.0022593770577992883,0.00018412252792322466,3.6150529384613037,0.40994006727834803,1e-06,2.8278191089630127,4.0,-3.0,0.96044921875,1.0,0.0,1.8673697710037231,3.0,-3.0,0.0,0.0,0.0,2.8035221099853516,3.999032735824585,-3.025245428085327,-4.45178116592615e-09,0.9936907887458801,4.594630718231201,-9.209861755371094,-4.45178116592615e-09,4.594630718231201,-9.209861755371094,120.50048828125,1024.0,41.0,0.00048828125,789.103515625,2048.0,399.0,0.009765625,56.68558888800908,20.628996006998932,1.4215088689816184,78.93402001899085,157.76745728799142,0.0007630750573344762,0.22969624931826926,0.01107377706483866,0.042372287057753845,,,0.00146484375,0.99853515625
haotian_3b_gd2po_hard_s1_save10,3b,gd2po_hard,1,70,2.7731474820524453,0.975,1.7981474787928164,0.0,436235,458793,22558,447357,447358,447357.25,0.21739085018634796,0.001,0.09254336580634118,0.02008827527364095,0.0030794043675996365,7.84450267625895e-05,3.395714223384857,0.405044922140728,1e-06,2.8742597103118896,4.0,-3.0,0.94677734375,1.0,0.0,1.9274823665618896,3.0,-3.0,0.0,0.0,0.0,2.8506734371185303,3.9971914291381836,-3.038414478302002,-4.120151775310887e-09,0.9982110857963562,4.76184606552124,-9.502097129821777,-4.120151775310887e-09,4.76184606552124,-9.502097129821777,115.73291015625,1024.0,30.0,0.00048828125,758.01171875,2048.0,389.0,0.005859375,52.47845563100418,19.87144208000973,1.362579206994269,76.61378143000184,189.56136566700297,0.0007614603356681204,0.22140846435971573,0.011104906693704935,0.042814652847361835,12.15946834901115,26.972842842980754,0.00146484375,0.99853515625
haotian_3b_gd2po_hard_s1_save10,3b,gd2po_hard,1,71,,,,,444166,454937,10771,449884,449884,449884.0,0.21723084151744843,0.001,0.08299408612712737,0.015934800909411524,0.003313306891810029,0.0003689796399304478,3.7894227504730225,0.41218694263844113,1e-06,2.910423994064331,4.0,-2.0,0.9619140625,1.0,0.0,1.9485095739364624,3.0,-3.0,0.0,0.0,0.0,2.886752128601074,3.9963786602020264,-2.0561935901641846,7.09204561744059e-09,1.0,4.551829814910889,-4.518453121185303,7.09204561744059e-09,4.551829814910889,-4.518453121185303,117.662109375,1024.0,44.0,0.0009765625,761.017578125,2048.0,389.0,0.00390625,56.57448911500978,19.923723819985753,1.3903905680053867,75.76168716099346,153.7731445110112,0.000772638373450371,0.23477619439192016,0.011071589465276468,0.04210067881998107,,,0.0,1.0
haotian_3b_gd2po_hard_s1_save10,3b,gd2po_hard,1,72,,,,,434846,461961,27115,443764,443765,443764.75,0.214781254529953,0.001,0.07099729403853416,-0.021960966909925144,0.002927197158957521,0.00023179010931926314,4.333072006702423,0.4103051729673811,1e-06,3.0036354064941406,4.0,-3.0,0.96630859375,1.0,0.0,2.0373268127441406,3.0,-3.0,0.0,0.0,0.0,2.9803824424743652,3.997504711151123,-3.039100408554077,-1.3554853239838849e-08,0.9999998211860657,5.064806938171387,-10.063295364379883,-1.3554853239838849e-08,5.064806938171387,-10.063295364379883,114.32958984375,1024.0,31.0,0.00048828125,752.3984375,2048.0,399.0,0.005859375,54.443238943000324,19.63101328499033,1.3793310819892213,74.98319542198442,150.531858945993,0.0007770621044084851,0.23251734569736243,0.011059358187525221,0.042242649636989205,,,0.0,1.0
haotian_3b_gd2po_hard_s1_save10,3b,gd2po_hard,1,73,,,,,434715,461982,27267,451999,452000,451999.25,0.21453647315502167,0.001,0.06918203914838453,-0.006230139924633888,0.002789081498650053,0.0003313735587653355,3.767961800098419,0.421316841781598,1e-06,2.8972129821777344,4.0,-3.0,0.9599609375,1.0,0.0,1.9372516870498657,3.0,-3.0,0.0,0.0,0.0,2.873483180999756,3.998311758041382,-3.042727470397949,-4.12209955058529e-09,0.9999999403953552,4.915471076965332,-8.44105339050293,-4.12209955058529e-09,4.915471076965332,-8.44105339050293,115.67822265625,554.0,43.0,0.0,767.1328125,2048.0,423.0,0.00390625,46.308054071007064,19.82076638098806,1.4236845770210493,74.44925151401549,142.10892422200413,0.0007874374664454915,0.1954676862044374,0.010962831454359749,0.04117775168543725,,,0.0,1.0
haotian_3b_gd2po_hard_s1_save10,3b,gd2po_hard,1,74,,,,,443647,486542,42895,459562,459563,459562.5,0.205896258354187,0.001,0.08688627753872424,-0.05703922867542133,0.002918764279456809,0.00025400386425644683,3.6796054244041443,0.40407759354483896,1e-06,2.8854641914367676,4.0,-3.0,0.97314453125,1.0,0.0,1.9123194217681885,3.0,-3.0,0.0,0.0,0.0,2.8626270294189453,3.997602701187134,-3.037020206451416,8.102706949841831e-09,0.9999998807907104,4.841311931610107,-9.652680397033691,8.102706949841831e-09,4.841311931610107,-9.652680397033691,117.6982421875,1024.0,43.0,0.00048828125,779.884765625,2048.0,426.0,0.0078125,58.37951248299214,20.41017315699719,1.4276874169881921,79.03238581199548,159.3652872699895,0.0007766557415956437,0.24219241341068568,0.011103045373043486,0.04299327393553406,,,0.0,1.0
haotian_3b_gd2po_hard_s1_save10,3b,gd2po_hard,1,75,,,,,424654,461484,36830,441361,441362,441361.5,0.2127993404865265,0.001,0.06355064985310209,-0.0010648681942758888,0.0032781790701094373,0.00016117110449001836,4.274017691612244,0.40113923932223217,1e-06,2.904148817062378,4.0,-3.0,0.9658203125,1.0,0.0,1.9383282661437988,3.0,-3.0,0.0,0.0,0.0,2.8809847831726074,3.9979941844940186,-3.0141372680664062,-1.7368490645708334e-08,0.9927133917808533,5.184221267700195,-10.274935722351074,-1.7368490645708334e-08,5.184221267700195,-10.274935722351074,117.5380859375,1024.0,43.0,0.00048828125,744.49609375,2048.0,399.0,0.0078125,57.485750207997626,19.635634154983563,1.3440893559891265,76.28965147997951,154.85885839900584,0.0007613313326995708,0.23880952071717787,0.011122194706030977,0.043212679107703954,,,0.00146484375,0.99853515625
haotian_3b_gd2po_hard_s1_save10,3b,gd2po_hard,1,76,,,,,431001,479265,48264,447314,447315,447314.75,0.1952088177204132,0.001,0.07656270327667396,0.1328081738203764,0.002576508369141569,0.0003287319008753305,109.24486112594604,0.4157627035574633,1e-06,2.929987668991089,4.0,-3.0,0.966796875,1.0,0.0,1.9631907939910889,3.0,-3.0,0.0,0.0,0.0,2.923971176147461,39.26740646362305,-3.0492355823516846,-1.9971992060163757e-08,0.9989528059959412,4.178142070770264,-7.209162712097168,-1.9971992060163757e-08,4.178142070770264,-7.209162712097168,119.37646484375,1024.0,46.0,0.00146484375,754.28515625,2048.0,421.0,0.00390625,58.099392290983815,20.01879688401823,1.3588809529901482,74.60683017800329,154.19004599700565,0.0007594657637547992,0.23764184949867195,0.01118831699827595,0.041697054578461415,,,0.00048828125,0.99951171875
haotian_3b_gd2po_hard_s1_save10,3b,gd2po_hard,1,77,,,,,438643,476189,37546,451872,451872,451872.0,0.21303482353687286,0.001,0.06978270026544729,0.021601963462308048,0.002039168614040439,0.00019128866224491504,3.5507243275642395,0.4101861397191669,1e-06,2.9563374519348145,4.0,-3.0,0.9541015625,1.0,0.0,2.0022361278533936,3.0,-3.0,0.0,0.0,0.0,2.9334988594055176,3.9981844425201416,-3.0516486167907715,4.114653950892944e-09,0.9999998807907104,6.221380233764648,-6.236724853515625,4.114653950892944e-09,6.221380233764648,-6.236724853515625,112.71875,463.0,44.0,0.0,769.84375,2048.0,393.0,0.001953125,44.61480623600073,20.225249282026198,1.3602614520059433,76.40405113101588,142.71685723299743,0.0007525701149916034,0.19326485928403422,0.011189700447265043,0.0422708483436769,,,0.0,1.0
haotian_3b_gd2po_hard_s1_save10,3b,gd2po_hard,1,78,,,,,436950,460016,23066,448539,448540,448539.25,0.21685723960399628,0.001,0.05779232109586398,0.0006594748934730888,0.002950765456383427,0.0003266747308771301,3.6094568371772766,0.42756476386962833,1e-06,3.0288593769073486,4.0,-3.0,0.9755859375,1.0,0.0,2.0532736778259277,3.0,-3.0,0.0,0.0,0.0,3.005441427230835,3.9985263347625732,-3.0125515460968018,1.7927769491166146e-08,1.0,4.380345821380615,-8.739999771118164,1.7927769491166146e-08,4.380345821380615,-8.739999771118164,115.53369140625,989.0,40.0,0.0,760.51953125,2048.0,407.0,0.005859375,56.933337060007034,19.829544395004632,1.3775238980015274,72.99597361701308,151.2418262109859,0.0007677833645559042,0.24061795869207117,0.011052290515827005,0.04068538796605485,,,0.0,1.0
haotian_3b_gd2po_hard_s1_save10,3b,gd2po_hard,1,79,,,,,437385,466810,29425,456043,456044,456043.5,0.21316884458065033,0.001,0.06798033870290965,-0.039013553236145526,0.002713192228839034,0.00041406981654290576,9.465675413608551,0.40764789249973227,1e-06,2.9029369354248047,4.0,-3.0,0.96826171875,1.0,0.0,1.9346752166748047,3.0,-3.0,0.0,0.0,0.0,2.8795166015625,3.996539354324341,-3.051161289215088,-5.141491121740671e-10,0.9980961680412292,5.014310359954834,-10.095047950744629,-5.141491121740671e-10,5.014310359954834,-10.095047950744629,115.9287109375,504.0,33.0,0.0,774.78125,2048.0,414.0,0.00390625,49.628662030998385,20.027935736987274,1.3717880149779376,77.84430204701493,148.9811557540088,0.0007520050252760633,0.20903143782378375,0.010979180569938653,0.0426737263260056,,,0.00048828125,0.99951171875
haotian_3b_gd2po_hard_s1_save10,3b,gd2po_hard,1,80,2.7223141487687825,0.975,1.7473141451366245,0.0,442816,463645,20829,453356,453356,453356.0,0.2261580526828766,0.001,0.0803614950949146,0.007757118779174503,0.0030419252692691742,0.00025547301054522847,4.5661234855651855,0.4198543513877689,1e-06,2.762000560760498,4.0,-3.0,0.953125,1.0,0.0,1.808875560760498,3.0,-3.0,0.0,0.0,0.0,2.737748622894287,3.9956023693084717,-3.07620906829834,4.564673083962134e-10,0.9972690343856812,5.384720802307129,-7.722840309143066,4.564673083962134e-10,5.384720802307129,-7.722840309143066,114.255859375,639.0,44.0,0.0,771.205078125,2048.0,418.0,0.009765625,48.161396228009835,20.384509750001598,1.3885896489955485,74.92171408602735,185.91760393299046,0.0007657280641458084,0.20582145091373286,0.011240895537944572,0.041315055985818736,12.133588526019594,28.814411700994242,0.00048828125,0.99951171875
haotian_3b_gd2po_hard_s1_save10,3b,gd2po_hard,1,81,,,,,413075,475153,62078,447372,447373,447372.75,0.21576759219169617,0.001,0.05886926808424534,0.04156988264331894,0.002394620531929597,0.00019291714248069065,4.309028685092926,0.40407055743932224,1e-06,3.0075886249542236,4.0,-3.0,0.97021484375,1.0,0.0,2.0373737812042236,3.0,-3.0,0.0,0.0,0.0,2.984239101409912,3.9970712661743164,-3.0547282695770264,-8.791344541236867e-09,1.0000001192092896,5.148245811462402,-10.28908920288086,-8.791344541236867e-09,5.148245811462402,-10.28908920288086,112.29248046875,528.0,37.0,0.0,761.482421875,2048.0,399.0,0.001953125,48.80109773000004,19.718907444010256,1.3492100939911325,76.72723892200156,146.700187792012,0.0007539630509408164,0.21220175119034695,0.01101928282623956,0.04287657156252899,,,0.0,1.0
haotian_3b_gd2po_hard_s1_save10,3b,gd2po_hard,1,82,,,,,422929,464188,41259,450227,450227,450227.0,0.21757522225379944,0.001,0.05392430500397759,-0.006395719146483668,0.0025225759806832477,0.0001532328069809028,4.898099184036255,0.4150292465311472,1e-06,2.87587833404541,4.0,-3.0,0.9619140625,1.0,0.0,1.9139643907546997,3.0,-3.0,0.0,0.0,0.0,2.851933002471924,3.997770071029663,-3.0153825283050537,-1.7122561146720727e-08,0.9996180534362793,5.054853439331055,-8.003478050231934,-1.7122561146720727e-08,5.054853439331055,-8.003478050231934,113.787109375,383.0,30.0,0.0,765.5625,2048.0,389.0,0.00390625,44.028013437986374,20.328886575007346,1.389780140016228,75.17436155301402,141.0239269779995,0.0007717107925647662,0.1889322398169655,0.01128813163971027,0.041742477435279327,,,0.00048828125,0.99951171875
haotian_3b_gd2po_hard_s1_save10,3b,gd2po_hard,1,83,,,,,442586,457329,14743,446943,446944,446943.75,0.22012102603912354,0.001,0.05481048647699685,-0.032208152227746,0.0024673792268631273,0.0001448411708381549,3.8160534501075745,0.41397900455429654,1e-06,2.8738298416137695,4.0,-3.0,0.96044921875,1.0,0.0,1.9133803844451904,3.0,-3.0,0.0,0.0,0.0,2.8488364219665527,3.998396635055542,-3.040959119796753,-4.016742494172831e-09,1.0,4.974756717681885,-9.943193435668945,-4.016742494172831e-09,4.974756717681885,-9.943193435668945,118.71240234375,373.0,47.0,0.0,754.224609375,2048.0,413.0,0.005859375,46.512227883999,19.704946537996875,1.3855760040169116,75.16303843201604,142.87007067797822,0.000775028179730062,0.19131150851214818,0.011022050614868691,0.04204278414902101,,,0.0,1.0
haotian_3b_gd2po_hard_s1_save10,3b,gd2po_hard,1,84,,,,,433936,470200,36264,448200,448201,448200.25,0.22735100984573364,0.001,0.06494600704560677,0.06127640602644533,0.002336870098952204,0.0003374541008573336,6.262028872966766,0.4066783998408271,1e-06,2.922851800918579,4.0,-3.0,0.9501953125,1.0,0.0,1.972656488418579,3.0,-3.0,0.0,0.0,0.0,2.8984639644622803,3.997274160385132,-3.0468266010284424,2.4673926901641607e-08,0.9990109801292419,4.292953014373779,-8.593782424926758,2.4673926901641607e-08,4.292953014373779,-8.593782424926758,113.53759765625,621.0,42.0,0.0,761.853515625,2048.0,416.0,0.005859375,50.07832499500364,19.863541404978605,1.5856775429856498,76.46096697097528,148.09892541498994,0.0008844693543709814,0.21536748734546238,0.011079613077513123,0.04264888683739873,,,0.0009765625,0.9990234375
haotian_3b_gd2po_hard_s1_save10,3b,gd2po_hard,1,85,,,,,435278,458821,23543,451479,451480,451479.25,0.2294369339942932,0.001,0.07159873867227186,-0.08723930449735734,0.0018354065025285367,0.00010459885050940718,3.8336488604545593,0.41135100132557073,1e-06,2.901337146759033,4.0,-3.0,0.96142578125,1.0,0.0,1.9399112462997437,3.0,-3.0,0.0,0.0,0.0,2.8765382766723633,3.995529890060425,-3.042834758758545,8.422090580495478e-09,1.0000001192092896,5.452086448669434,-10.95654582977295,8.422090580495478e-09,5.452086448669434,-10.95654582977295,113.23486328125,519.0,26.0,0.0,768.560546875,2048.0,393.0,0.005859375,47.68134922598256,20.219678884983296,1.3517771899932995,76.16043543498381,145.5224747559987,0.0007485267539943971,0.20560724963231736,0.011196350045424732,0.042172721910798676,,,0.0,1.0
haotian_3b_gd2po_hard_s1_save10,3b,gd2po_hard,1,86,,,,,454524,468841,14317,458450,458450,458450.0,0.23031696677207947,0.001,0.050531776796560735,0.0033535434340592474,0.003090486192377284,0.0005342454192032164,5.247250616550446,0.407219624666733,1e-06,2.991440534591675,4.0,-3.0,0.95849609375,1.0,0.0,2.0329442024230957,3.0,-3.0,0.0,0.0,0.0,2.96622371673584,3.9935009479522705,-3.022157669067383,-2.090961181977491e-09,0.9999998807907104,4.765861511230469,-9.56948471069336,-2.090961181977491e-09,4.765861511230469,-9.56948471069336,114.0234375,505.0,41.0,0.0,781.38671875,2048.0,414.0,0.005859375,45.7169430310023,20.008450602006633,1.4449511209968477,78.06820965200313,145.34192480600905,0.0007879545866489517,0.19577313733728288,0.01091092300251207,0.04257182334605908,,,0.0,1.0
haotian_3b_gd2po_hard_s1_save10,3b,gd2po_hard,1,87,,,,,434782,452125,17343,441651,441652,441651.25,0.23415040969848633,0.001,0.04959693803851094,0.04643955021830542,0.0021135239637390313,0.00013375030701873975,4.959469676017761,0.42372302930322364,1e-06,2.9203312397003174,4.0,-3.0,0.96142578125,1.0,0.0,1.958905577659607,3.0,-3.0,0.0,0.0,0.0,2.895653247833252,3.996164321899414,-3.019059419631958,-1.609796207446834e-08,0.9999998807907104,5.06355619430542,-10.141867637634277,-1.609796207446834e-08,5.06355619430542,-10.141867637634277,111.07861328125,729.0,45.0,0.0,751.521484375,2048.0,389.0,0.005859375,50.27084397801082,19.306413261016132,1.3921779640077148,72.32183462902321,143.39418180298526,0.0007880527701482305,0.22098142757676553,0.010928539917534555,0.04093831650483454,,,0.0,1.0
haotian_3b_gd2po_hard_s1_save10,3b,gd2po_hard,1,88,,,,,426517,480889,54372,448378,448379,448378.75,0.21848106384277344,0.001,0.04864368469764789,-0.048534483499436946,0.002867003825182716,0.00044001559629881136,206.0477141737938,0.39620499375902135,1e-06,2.966615676879883,4.0,-3.0,0.9638671875,1.0,0.0,2.002748489379883,3.0,-3.0,0.0,0.0,0.0,2.961996078491211,43.56110382080078,-3.0373449325561523,-1.609364730370544e-08,0.9999998211860657,5.4315948486328125,-10.785109519958496,-1.609364730370544e-08,5.4315948486328125,-10.785109519958496,114.81201171875,1024.0,43.0,0.00048828125,760.927734375,2048.0,399.0,0.005859375,47.79744539200328,20.041983397008153,1.4066435369895771,78.50768619097653,147.86238778400002,0.0007842942696267258,0.20327660872266265,0.011174695163970278,0.04377308591842083,,,0.0,1.0
haotian_3b_gd2po_hard_s1_save10,3b,gd2po_hard,1,89,,,,,453404,460909,7505,456179,456180,456179.75,0.2423706203699112,0.001,0.044122911509006255,-0.0006359927356243134,0.002264170199557538,0.0005050136362936633,4.878197073936462,0.4144269083274416,1e-06,2.989994525909424,4.0,-2.0,0.97509765625,1.0,0.0,2.014897108078003,3.0,-3.0,0.0,0.0,0.0,2.964205741882324,3.997769355773926,-2.034874677658081,1.9126366268551465e-08,0.9999998211860657,6.23405122756958,-6.215860366821289,1.9126366268551465e-08,6.23405122756958,-6.215860366821289,112.18896484375,459.0,41.0,0.0,778.787109375,2048.0,425.0,0.00390625,47.81534486799501,20.382949802995427,1.341376030992251,76.36553283900139,146.01171537101618,0.0007351137523050129,0.20810724471736097,0.01117045956281237,0.041850571424422826,,,0.0,1.0
haotian_3b_gd2po_hard_s1_save10,3b,gd2po_hard,1,90,2.801316811516881,0.975,1.8263168070465325,0.0,434806,462402,27596,449634,449635,449634.75,0.2341279536485672,0.001,0.04980733996677783,-0.011335732595574471,0.002986983215856937,0.00034673785333530586,6.783994197845459,0.4130147293550398,1e-06,2.8926355838775635,4.0,-3.0,0.97412109375,1.0,0.0,1.9185147285461426,3.0,-3.0,0.0,0.0,0.0,2.866909980773926,3.9967620372772217,-3.0454015731811523,4.111305518250674e-09,1.0000001192092896,5.261999607086182,-10.476757049560547,4.111305518250674e-09,5.261999607086182,-10.476757049560547,115.98193359375,1024.0,44.0,0.00048828125,762.2109375,2048.0,418.0,0.00390625,57.55949529100326,20.393771504983306,1.3505410079960711,75.4819860959833,192.12532613100484,0.0007509100486539748,0.24232413996911248,0.011339076608838233,0.04196850115342692,11.32971659701434,25.90775127900997,0.0,1.0
haotian_3b_gd2po_hard_s1_save10,3b,gd2po_hard,1,91,,,,,422566,464470,41904,445848,445848,445848.0,0.22946880757808685,0.001,0.05730381890617568,0.028922205710590912,0.002686237474775006,0.00035553982311755354,8.32046127319336,0.408890509479343,1e-06,2.952324151992798,4.0,-3.0,0.96435546875,1.0,0.0,1.9879684448242188,3.0,-3.0,0.0,0.0,0.0,2.9277424812316895,3.9956254959106445,-3.0509748458862305,-8.489190683746983e-09,0.9999998807907104,6.245442867279053,-6.243936538696289,-8.489190683746983e-09,6.245442867279053,-6.243936538696289,112.33984375,462.0,40.0,0.0,758.45703125,1981.0,407.0,0.0,46.52965191099793,19.96304950301419,1.3457606169977225,75.63606133099529,143.5856447580154,0.0007546072972166089,0.20223952463141073,0.011193865119398422,0.04241134945709933,,,0.0,1.0
haotian_3b_gd2po_hard_s1_save10,3b,gd2po_hard,1,92,,,,,430234,458630,28396,446248,446249,446248.75,0.23992261290550232,0.001,0.049101566523313524,0.07584719236086433,0.002013605268439278,0.00010725307996229579,3.7792388200759888,0.40615465107405374,1e-06,2.9810750484466553,4.0,-3.0,0.9716796875,1.0,0.0,2.0093953609466553,3.0,-3.0,0.0,0.0,0.0,2.956040382385254,3.994358777999878,-3.0475645065307617,1.1145392164735313e-08,1.0000001192092896,5.960930347442627,-11.925603866577148,1.1145392164735313e-08,5.960930347442627,-11.925603866577148,109.63232421875,452.0,44.0,0.0,761.947265625,2048.0,399.0,0.001953125,45.01135277899448,20.169288704986684,1.3275426489999518,76.27719901199453,142.89190430298913,0.0007437234552477468,0.20047189326448256,0.011299353054202776,0.04273244407519042,,,0.0,1.0
haotian_3b_gd2po_hard_s1_save10,3b,gd2po_hard,1,93,,,,,436663,468295,31632,452454,452454,452454.0,0.21963250637054443,0.001,0.06272332941492399,-0.035680919078489144,0.003437406071073686,4.612269185599871e-05,527.4700867533684,0.40376601951256386,1e-06,2.9529411792755127,4.0,-3.0,0.97216796875,1.0,0.0,1.9807729721069336,3.0,-3.0,0.0,0.0,0.0,2.9509458541870117,47.041358947753906,-3.04384183883667,-4.190967572981208e-09,0.9999997615814209,4.545073509216309,-9.0038480758667,-4.190967572981208e-09,4.545073509216309,-9.0038480758667,113.77734375,1024.0,30.0,0.00048828125,769.921875,2048.0,420.0,0.0078125,46.79179722099798,20.04251373797888,1.3886986089928541,77.69420296998578,146.02800703901448,0.0007673148038214128,0.20080937455367004,0.011074337798969,0.04292933810397619,,,0.0,1.0
haotian_3b_gd2po_hard_s1_save10,3b,gd2po_hard,1,94,,,,,428442,460738,32296,445060,445061,445060.75,0.2385285645723343,0.001,0.04188977579275767,-0.03334552198648453,0.0027193643637777615,0.00027969170851065427,3.5027326941490173,0.40826417755956645,1e-06,2.9638233184814453,4.0,-3.0,0.9638671875,1.0,0.0,1.9999561309814453,3.0,-3.0,0.0,0.0,0.0,2.93849778175354,3.9965155124664307,-3.059479236602783,2.000269461177595e-08,0.9999999403953552,4.952035903930664,-9.918489456176758,2.000269461177595e-08,4.952035903930664,-9.918489456176758,111.74365234375,729.0,43.0,0.0,757.515625,2048.0,416.0,0.00390625,48.791426184994634,20.3792411639879,1.4370412899879739,75.58750904799672,146.32614861801267,0.0008072163687698668,0.21320171720899028,0.011447449120141407,0.04245909634134032,,,0.0,1.0
haotian_3b_gd2po_hard_s1_save10,3b,gd2po_hard,1,95,,,,,439582,452177,12595,445175,445176,445175.5,0.2391384392976761,0.001,0.052493425747079235,-0.03168067167843542,0.001842879472420581,1.9414498139315496e-05,5.0276084542274475,0.41437892722680847,1e-06,2.894307851791382,4.0,-3.0,0.9521484375,1.0,0.0,1.9421591758728027,3.0,-3.0,0.0,0.0,0.0,2.8696701526641846,3.9942538738250732,-3.040450096130371,-1.089320189606724e-09,0.9999997019767761,10.906309127807617,-10.947383880615234,-1.089320189606724e-09,10.906309127807617,-10.947383880615234,109.4345703125,1007.0,34.0,0.0,760.048828125,2048.0,399.0,0.001953125,54.35347892000573,20.114249543985352,1.3646272559999488,74.5158457409998,150.45317483099643,0.0007663422942187681,0.2425173741087699,0.011295685378005613,0.041846331245205426,,,0.0,1.0
haotian_3b_gd2po_hard_s1_save10,3b,gd2po_hard,1,96,,,,,447554,467073,19519,459404,459404,459404.0,0.2380673736333847,0.001,0.057869990566565145,-0.011582912576775397,0.0019680625409819186,0.0002880594464100326,5.423899352550507,0.41343662565707046,1e-06,2.8836677074432373,4.0,-3.0,0.9658203125,1.0,0.0,1.9178476333618164,3.0,-3.0,0.0,0.0,0.0,2.857630491256714,3.995680093765259,-3.048104763031006,-1.6449307693733317e-08,0.9999998211860657,6.024590492248535,-12.08103084564209,-1.6449307693733317e-08,6.024590492248535,-12.08103084564209,115.953125,618.0,45.0,0.0,781.3203125,2048.0,407.0,0.0078125,48.94192661199486,20.283605483011343,1.4066228280134965,77.26735518599162,148.00431232497795,0.0007654606990870217,0.20609556752793953,0.011038000040819923,0.04204760689175084,,,0.0,1.0
haotian_3b_gd2po_hard_s1_save10,3b,gd2po_hard,1,97,,,,,423431,454799,31368,446495,446496,446495.5,0.23773770034313202,0.001,0.05233535673469305,-0.008814561056594054,0.002362371622196709,0.0003450303212351476,5.249358534812927,0.41680850802424074,1e-06,2.955472946166992,4.0,-3.0,0.9697265625,1.0,0.0,1.9857463836669922,3.0,-3.0,0.0,0.0,0.0,2.930161476135254,4.001138687133789,-3.0436830520629883,6.918094541674691e-09,1.0,4.9157328605651855,-9.783720016479492,6.918094541674691e-09,4.9157328605651855,-9.783720016479492,112.0048828125,1024.0,40.0,0.00048828125,760.056640625,2048.0,393.0,0.00390625,60.1449853410013,20.21139065801981,1.3634985190001316,74.30739869497484,156.12952796401805,0.0007634447150083997,0.26219989598755505,0.011316682171499943,0.041605905711801595,,,0.0,1.0
haotian_3b_gd2po_hard_s1_save10,3b,gd2po_hard,1,98,,,,,454495,468939,14444,459026,459027,459026.25,0.2343728095293045,0.001,0.06236683897441253,0.002998138763359748,0.00330562670751533,4.350401155761574e-05,4.566474974155426,0.410043204705909,1e-06,2.9495959281921387,4.0,-3.0,0.96435546875,1.0,0.0,1.9852404594421387,3.0,-3.0,0.0,0.0,0.0,2.924034595489502,3.9956369400024414,-3.042368173599243,-8.294898101723902e-09,0.9991716742515564,4.979373931884766,-9.883390426635742,-8.294898101723902e-09,4.979373931884766,-9.883390426635742,114.97119140625,624.0,43.0,0.0,781.564453125,2048.0,389.0,0.0078125,50.5571583500132,20.214674641989404,1.3933115719992202,77.66067168299924,149.92909149598563,0.0007588409007105913,0.21471563592277784,0.011009541742977337,0.042296421872931686,,,0.0009765625,0.9990234375
haotian_3b_gd2po_hard_s1_save10,3b,gd2po_hard,1,99,,,,,439509,468267,28758,452070,452070,452070.0,0.24941405653953552,0.001,0.06016276614560235,0.02107910321266841,0.002251704172757004,-5.545498436643562e-05,4.572933316230774,0.41495090648473126,1e-06,2.914736032485962,4.0,-3.0,0.96142578125,1.0,0.0,1.9533103704452515,3.0,-3.0,0.0,0.0,0.0,2.8876562118530273,3.996389627456665,-3.05316424369812,1.4285106431088934e-08,1.0000001192092896,7.349880218505859,-11.86041259765625,1.4285106431088934e-08,7.349880218505859,-11.86041259765625,116.830078125,689.0,46.0,0.0,766.119140625,2048.0,399.0,0.005859375,56.23916077398462,20.403883009013953,1.381272650003666,75.5759068329935,153.7080086109927,0.0007638599387283308,0.23504672908196927,0.011283586064665844,0.04179436084732093,,,0.0,1.0
haotian_3b_gd2po_hard_s1_save10,3b,gd2po_hard,1,100,2.801316811516881,0.975,1.8263168070465325,0.0,443437,455346,11909,451108,451109,451108.75,0.23999616503715515,0.001,0.07067271754626304,0.027013596012106827,0.0031419936980631564,0.0003881101755166216,4.12991327047348,0.4136708573021691,1e-06,2.9739718437194824,4.0,-3.0,0.96044921875,1.0,0.0,2.0135226249694824,3.0,-3.0,0.0,0.0,0.0,2.9486641883850098,3.999558687210083,-3.0465235710144043,-5.403277825166697e-09,1.0,5.678923606872559,-10.725722312927246,-5.403277825166697e-09,5.678923606872559,-10.725722312927246,110.31201171875,489.0,45.0,0.0,770.759765625,2048.0,418.0,0.00390625,46.30965341697447,20.09447856899351,1.387814198009437,75.69079931400483,248.22144516700064,0.0007691128791058902,0.20498343838709657,0.011136160941787047,0.041947091091674035,15.4037405049894,89.22015284898225,0.0,1.0
haotian_3b_gd2po_hard_s2_save10,3b,gd2po_hard,2,0,1.0617072492837907,0.0875,0.9742072492837905,0.0,,,,,,,,,,,,,,,,,,,,,,,,,,,,,,,,,,,,,,,,,,,,,,,,,,,,,,,,,,
haotian_3b_gd2po_hard_s2_save10,3b,gd2po_hard,2,1,,,,,460200,486039,25839,471238,471239,471238.75,-2.915258301072754e-05,0.001,0.6283904379233718,-0.03593337017809972,0.0,0.0,35.659016609191895,0.38606269587459036,1e-06,-0.5239455103874207,4.0,-3.0,0.0458984375,1.0,0.0,-0.5698439478874207,3.0,-3.0,0.0,0.0,0.0,-0.5238460898399353,4.00131893157959,-3.031709909439087,-6.785020101318651e-09,0.969729483127594,3.5021088123321533,-3.6716978549957275,-6.785020101318651e-09,3.5021088123321533,-3.6716978549957275,175.69482421875,1024.0,26.0,0.01611328125,744.693359375,2048.0,414.0,0.00390625,63.115761290013324,21.101125060988124,1.46932853400358,84.69654944801005,170.4795065249782,0.0007795032422543668,0.1754078013079023,0.011194498044244093,0.04493292914048879,,,0.03271484375,0.96728515625
haotian_3b_gd2po_hard_s2_save10,3b,gd2po_hard,2,2,,,,,463979,500498,36519,477741,477742,477741.5,-6.257522909436375e-05,0.001,0.569823959108555,-0.024931988227322247,0.0064788171809844,0.005164474529341202,63.703450202941895,0.41020602847924326,1e-06,-0.5871127843856812,4.0,-3.0,0.060546875,1.0,0.0,-0.6476596593856812,3.0,-3.0,0.0,0.0,0.0,-0.587121307849884,4.0009894371032715,-3.017935037612915,6.7925141067348704e-09,0.9747207760810852,3.5074265003204346,-3.6286661624908447,6.7925141067348704e-09,3.5074265003204346,-3.6286661624908447,175.5009765625,1024.0,17.0,0.0166015625,757.587890625,2048.0,418.0,0.001953125,75.36296077701263,21.576177500013728,1.5563947939954232,80.90661872201599,179.51709334700718,0.0008144544664820951,0.20967587424675074,0.01129071762658976,0.042338073373370325,,,0.02880859375,0.97119140625
haotian_3b_gd2po_hard_s2_save10,3b,gd2po_hard,2,3,,,,,482414,515381,32967,499866,499866,499866.0,-0.0014731992268934846,0.001,0.4310347080230713,0.006991483763392483,0.0033048697082059724,0.000512902531357083,41.752331256866455,0.4134079444537346,1e-06,-0.24545136094093323,4.0,-3.0,0.0693359375,1.0,0.0,-0.31478726863861084,3.0,-3.0,0.0,0.0,0.0,-0.24381229281425476,4.000553607940674,-3.004000186920166,1.2717644715110055e-09,0.9623377323150635,3.5313947200775146,-3.6635866165161133,1.2717644715110055e-09,3.5313947200775146,-3.6635866165161133,187.470703125,1024.0,26.0,0.01416015625,788.830078125,2048.0,402.0,0.0078125,66.78422157999012,23.105926543008536,1.4042283140006475,84.18634319800185,175.59116779299802,0.0007023023740365655,0.17394442251390874,0.011556060295663506,0.042104455593099874,,,0.046875,0.953125
haotian_3b_gd2po_hard_s2_save10,3b,gd2po_hard,2,4,,,,,478718,504141,25423,488204,488205,488204.75,-0.004910182673484087,0.001,0.5197709901258349,-0.03873684085556306,0.011365365302481223,0.0061171739052952034,37.90968418121338,0.41084906360368606,1e-06,0.637197732925415,4.0,-3.0,0.10205078125,1.0,0.0,0.535146951675415,3.0,-3.0,0.0,0.0,0.0,0.6439940333366394,4.000376224517822,-3.0052943229675293,1.2022797868382895e-08,0.9535485506057739,3.557692527770996,-3.6027634143829346,1.2022797868382895e-08,3.557692527770996,-3.6027634143829346,188.39013671875,1024.0,21.0,0.017578125,765.134765625,2048.0,418.0,0.00390625,66.36762907201773,22.22956945298938,1.4541871580004226,82.77833144797478,172.93069481200655,0.0007446604923448731,0.17201574056502006,0.011383323007912859,0.04238914689378523,,,0.0576171875,0.9423828125
haotian_3b_gd2po_hard_s2_save10,3b,gd2po_hard,2,5,,,,,482797,521896,39099,497741,497742,497741.25,-0.00438656285405159,0.001,0.5206879938350004,-0.03706602489247041,0.004080468247754171,0.00908710238484352,46.42360591888428,0.40502737785442694,1e-06,0.8915950059890747,4.0,-3.0,0.17822265625,1.0,0.0,0.7133723497390747,3.0,-3.0,0.0,0.0,0.0,0.9006957411766052,4.2061076164245605,-3.0043599605560303,1.7468432256251276e-09,0.9609095454216003,3.620204210281372,-3.5429623126983643,1.7468432256251276e-09,3.620204210281372,-3.5429623126983643,196.19775390625,1024.0,23.0,0.01708984375,775.953125,2048.0,424.0,0.00390625,67.06099900198751,22.251346395001747,2.036524166003801,85.6320081599988,177.09486475400627,0.0010228829567590595,0.16689604119823775,0.011176161507109239,0.043010303124363714,,,0.05517578125,0.94482421875
haotian_3b_gd2po_hard_s2_save10,3b,gd2po_hard,2,6,,,,,470686,496880,26194,484424,484425,484424.5,0.0020594862289726734,0.001,0.48420122312381864,-0.04240873150411062,0.00476467428234173,0.0029823063923686277,55.92830300331116,0.4120775664265426,1e-06,1.3660813570022583,4.0,-3.0,0.31103515625,1.0,0.0,1.0550462007522583,3.0,-3.0,0.0,0.0,0.0,1.376009464263916,4.252696514129639,-3.010138750076294,7.760227127562302e-09,0.9215362668037415,3.1165952682495117,-3.2053143978118896,7.760227127562302e-09,3.1165952682495117,-3.2053143978118896,184.3388671875,1024.0,26.0,0.017578125,761.802734375,2048.0,393.0,0.005859375,67.7725838519982,21.74863878398901,1.4365795340272598,81.86133566999342,172.9345665910223,0.0007413846399321565,0.17951765931882363,0.011223956872530708,0.042246694619075535,,,0.091796875,0.908203125
haotian_3b_gd2po_hard_s2_save10,3b,gd2po_hard,2,7,,,,,464254,490247,25993,477826,477827,477826.75,0.0203142948448658,0.001,0.3773172488436103,-0.09509751875884831,0.0029625069910252932,0.0008298109587485669,38.80193758010864,0.408618924066272,1e-06,1.6098873615264893,4.0,-3.0,0.45263671875,1.0,0.0,1.1572507619857788,3.0,-3.0,0.0,0.0,0.0,1.6123793125152588,4.001096248626709,-3.011786460876465,1.291420659299547e-08,0.9014891386032104,3.2529897689819336,-3.1657469272613525,1.291420659299547e-08,3.2529897689819336,-3.1657469272613525,170.77099609375,1024.0,20.0,0.00634765625,762.484375,2048.0,389.0,0.00390625,61.36494856001809,22.004664504987886,1.4833804419904482,81.30383873000392,166.29713626101147,0.0007761078895177217,0.175459266939112,0.011512888565252932,0.04253834613173285,,,0.0869140625,0.9130859375
haotian_3b_gd2po_hard_s2_save10,3b,gd2po_hard,2,8,,,,,448846,496207,47361,474080,474081,474080.5,0.037053339183330536,0.001,0.4204932153224945,0.03586566264857538,0.004039017854665872,0.007473947843834594,26.26714324951172,0.40088709801463257,1e-06,1.969416618347168,4.0,-3.0,0.64794921875,1.0,0.0,1.321467399597168,3.0,-3.0,0.0,0.0,0.0,1.971029281616211,5.902645111083984,-3.0182878971099854,7.718202188478074e-10,0.9106783866882324,3.0491535663604736,-2.9818930625915527,7.718202188478074e-10,3.0491535663604736,-2.9818930625915527,154.4521484375,1024.0,18.0,0.0087890625,771.486328125,2048.0,416.0,0.005859375,61.309652011987055,21.310046756989323,1.7152255419932771,82.24622071097838,166.72655214101542,0.0009045012091792834,0.19382283655051896,0.011237567647788362,0.04337144256670459,,,0.06396484375,0.93603515625
haotian_3b_gd2po_hard_s2_save10,3b,gd2po_hard,2,9,,,,,462131,479731,17600,471570,471570,471570.0,0.053287237882614136,0.001,0.3704647314734757,0.015965396305546165,0.002332159187972138,-0.00070128534460423,53.52334117889404,0.41095480677036506,1e-06,2.1501364707946777,4.0,-3.0,0.80224609375,1.0,0.0,1.3478904962539673,3.0,-3.0,0.0,0.0,0.0,2.151022434234619,4.081785678863525,-3.0251357555389404,3.55222717907111e-09,0.9341630935668945,3.0560944080352783,-3.2333476543426514,3.55222717907111e-09,3.0560944080352783,-3.2333476543426514,151.015625,1024.0,25.0,0.00537109375,770.01953125,2048.0,407.0,0.0078125,68.1077834040043,21.649848758999724,1.453906757000368,79.81005590801942,171.10651719101588,0.0007707799250378354,0.2202139918649906,0.011477537141357446,0.042310821250301875,,,0.037109375,0.962890625
haotian_3b_gd2po_hard_s2_save10,3b,gd2po_hard,2,10,2.6714681144803762,0.925,1.7464681144803762,0.0,459725,472466,12741,465355,465355,465355.0,0.07254792749881744,0.001,0.35733591485768557,0.031171360227745026,0.001496763850809657,0.0003647171531326876,20.195326387882233,0.40776933521765646,1e-06,2.2852015495300293,4.0,-3.0,0.8369140625,1.0,0.0,1.4482877254486084,3.0,-3.0,0.0,0.0,0.0,2.2770018577575684,4.001760005950928,-3.027413845062256,6.584070622039917e-09,0.968008816242218,3.4362235069274902,-3.3408572673797607,6.584070622039917e-09,3.4362235069274902,-3.3408572673797607,144.845703125,1024.0,32.0,0.0048828125,764.05078125,1973.0,413.0,0.0,66.99536533499486,21.69138805498369,1.4278674300003331,79.30826003299444,212.48432837901055,0.0007670850372298208,0.22584432968472262,0.01165314010539464,0.04260632207293058,16.48081512300996,26.471787404007046,0.0224609375,0.9775390625
haotian_3b_gd2po_hard_s2_save10,3b,gd2po_hard,2,11,,,,,436185,482325,46140,465093,465093,465093.0,0.0746929943561554,0.001,0.3615736076908727,-0.002860337015121214,0.0018349042558486784,0.0004995074113169046,16.84470921754837,0.4121076749515062,1e-06,2.177450180053711,4.0,-3.0,0.83447265625,1.0,0.0,1.342977523803711,3.0,-3.0,0.0,0.0,0.0,2.168708562850952,4.00327730178833,-3.0254130363464355,-1.0378951920131385e-08,0.9736847877502441,3.675172805786133,-3.6250691413879395,-1.0378951920131385e-08,3.675172805786133,-3.6250691413879395,137.828125,1024.0,24.0,0.0009765625,770.556640625,2048.0,418.0,0.0078125,68.09956722101197,21.038640835002298,1.386699649010552,78.45320203600568,169.07528477799497,0.0007453883680309917,0.24125512704417004,0.011308835456028309,0.0421707067382253,,,0.015625,0.984375
haotian_3b_gd2po_hard_s2_save10,3b,gd2po_hard,2,12,,,,,445239,475052,29813,461599,461600,461599.5,0.06922881305217743,0.001,0.375537927262485,-0.01288454448513221,0.018579172356112394,0.022749748107571577,22.338155031204224,0.41248279291416096,1e-06,2.2980198860168457,4.0,-3.0,0.876953125,1.0,0.0,1.4210667610168457,3.0,-3.0,0.0,0.0,0.0,2.295539379119873,8.147481918334961,-3.0224032402038574,-1.874845168003958e-08,0.981070339679718,3.751534938812256,-3.705911159515381,-1.874845168003958e-08,3.751534938812256,-3.705911159515381,139.8837890625,1024.0,29.0,0.00341796875,761.677734375,2048.0,399.0,0.00390625,65.62931123998715,20.98271262398339,1.4890744329895824,77.7240547479887,165.92873852001503,0.0008064753281738728,0.22908703248367138,0.011364133098055451,0.04209496259635718,,,0.0126953125,0.9873046875
haotian_3b_gd2po_hard_s2_save10,3b,gd2po_hard,2,13,,,,,435590,467948,32358,456067,456067,456067.0,0.08007194846868515,0.001,0.2826512561690423,0.01269128942681897,0.0021655553155728886,2.9195301214067805e-05,4.321521103382111,0.41006884019397444,1e-06,2.4338297843933105,4.0,-3.0,0.87890625,1.0,0.0,1.554923415184021,3.0,-3.0,0.0,0.0,0.0,2.4237401485443115,4.000884056091309,-3.028517246246338,1.4728116504159061e-08,0.9857854843139648,3.318190813064575,-4.139651775360107,1.4728116504159061e-08,3.318190813064575,-4.139651775360107,129.50390625,1024.0,22.0,0.00048828125,761.251953125,2048.0,389.0,0.005859375,59.313126806984656,20.470813336025458,1.4630130639998242,77.2501622090058,158.6105756649922,0.000801972661911421,0.2236340859310796,0.011221384871096493,0.042345840747634554,,,0.00732421875,0.99267578125
haotian_3b_gd2po_hard_s2_save10,3b,gd2po_hard,2,14,,,,,454671,474912,20241,462261,462262,462261.75,0.0827815979719162,0.001,0.31903814477846026,-0.02430628865113249,0.009095833895116812,0.012098288307355709,4.3442063331604,0.4103005915032456,1e-06,2.3755478858947754,4.0,-3.0,0.8720703125,1.0,0.0,1.5034775733947754,3.0,-3.0,0.0,0.0,0.0,2.368669033050537,4.930817604064941,-3.0254392623901367,-3.484301069889284e-09,0.9863026142120361,3.949777126312256,-3.918492078781128,-3.484301069889284e-09,3.949777126312256,-3.918492078781128,136.85302734375,1024.0,20.0,0.00146484375,766.001953125,2048.0,418.0,0.00390625,55.67119051498594,20.892350137990434,1.629291380988434,78.22495682901354,156.52117860299768,0.0008811519561095169,0.1986305967888179,0.011298982739752118,0.04230555352514757,,,0.00927734375,0.99072265625
haotian_3b_gd2po_hard_s2_save10,3b,gd2po_hard,2,15,,,,,456202,464609,8407,461083,461083,461083.0,0.08703100681304932,0.001,0.2770014447160065,0.06941081368131563,0.002254770679428475,0.00025422356975468574,3.4376293420791626,0.405019195723659,1e-06,2.5468239784240723,4.0,-3.0,0.88671875,1.0,0.0,1.6601052284240723,3.0,-3.0,0.0,0.0,0.0,2.535553455352783,4.000986099243164,-3.033989191055298,1.2187879150360459e-08,0.992251455783844,2.9301681518554688,-4.359950065612793,1.2187879150360459e-08,2.9301681518554688,-4.359950065612793,136.93359375,1024.0,41.0,0.00048828125,763.619140625,2048.0,407.0,0.005859375,56.30929035099689,21.014378041989403,1.4291176620172337,79.05160492798313,158.28884378401563,0.0007748700678713126,0.20078908269503953,0.011394032116771494,0.04286191690432262,,,0.00537109375,0.99462890625
haotian_3b_gd2po_hard_s2_save10,3b,gd2po_hard,2,16,,,,,444637,487660,43023,460744,460745,460744.25,0.08914854377508163,0.001,0.29261841950938106,-0.03243718441808596,0.0026595570052450057,0.0002799192072444612,3.871394395828247,0.4038986727724453,1e-06,2.4821434020996094,4.0,-3.0,0.8974609375,1.0,0.0,1.584682583808899,3.0,-3.0,0.0,0.0,0.0,2.4704575538635254,4.001246452331543,-3.0270042419433594,2.5840915185426638e-08,0.9905290603637695,4.54185676574707,-4.4971723556518555,2.5840915185426638e-08,4.54185676574707,-4.4971723556518555,137.24267578125,1024.0,20.0,0.00048828125,762.6484375,2048.0,389.0,0.00390625,57.69778392801527,20.86382525600493,1.3963937399967108,79.21947452699533,159.2803310250165,0.0007576837583956343,0.20527686376142593,0.011320719279733242,0.04298451609922171,,,0.00634765625,0.99365234375
haotian_3b_gd2po_hard_s2_save10,3b,gd2po_hard,2,17,,,,,452276,459910,7634,454685,454686,454685.75,0.089800626039505,0.001,0.25795676838606596,-0.08528124114855018,0.0020992147128708893,0.00016152851708284288,4.455208122730255,0.4029221962521237,1e-06,2.5409770011901855,4.0,-3.0,0.916015625,1.0,0.0,1.624961495399475,3.0,-3.0,0.0,0.0,0.0,2.5297489166259766,4.001758575439453,-3.0319602489471436,-1.583759612344693e-08,0.9847090244293213,2.994145393371582,-4.437814712524414,-1.583759612344693e-08,2.994145393371582,-4.437814712524414,131.72216796875,1024.0,20.0,0.0009765625,756.3359375,2048.0,399.0,0.001953125,62.23713930899976,20.57894724200014,1.8774065350007731,78.3726205790008,163.15547937399242,0.001032254988748148,0.2307070149758857,0.01131492863037831,0.043091641083430034,,,0.00732421875,0.99267578125
haotian_3b_gd2po_hard_s2_save10,3b,gd2po_hard,2,18,,,,,438508,498749,60241,470584,470584,470584.0,0.09727751463651657,0.001,0.2528870305977762,-0.0374360770219937,0.0021595881516986992,0.0003207223107892787,4.020332217216492,0.41228375547069873,1e-06,2.4774930477142334,4.0,-3.0,0.91796875,1.0,0.0,1.5595240592956543,3.0,-3.0,0.0,0.0,0.0,2.464756488800049,4.003349304199219,-3.0278570652008057,1.0538565575757275e-09,0.9948890805244446,2.9972691535949707,-4.613796234130859,1.0538565575757275e-09,2.9972691535949707,-4.613796234130859,141.396484375,1024.0,36.0,0.00146484375,777.712890625,2048.0,420.0,0.00390625,65.60154664400034,21.827869525004644,1.518254477006849,79.37790930600022,168.42123967199586,0.0008065799501294396,0.2265403226880321,0.011596160050599172,0.04216989384785725,,,0.00390625,0.99609375
haotian_3b_gd2po_hard_s2_save10,3b,gd2po_hard,2,19,,,,,450569,473504,22935,460543,460543,460543.0,0.09507305920124054,0.001,0.24007948767393827,0.0019536313047865406,0.002439930038235616,0.00012903079368697945,3.1736515164375305,0.41097017076211256,1e-06,2.6290738582611084,4.0,-3.0,0.93115234375,1.0,0.0,1.697921633720398,3.0,-3.0,0.0,0.0,0.0,2.6193888187408447,7.218296051025391,-3.027175188064575,-1.5277461073992527e-08,0.9963114857673645,3.6240344047546387,-4.556558132171631,-1.5277461073992527e-08,3.6240344047546387,-4.556558132171631,140.453125,1024.0,43.0,0.001953125,759.044921875,2048.0,414.0,0.001953125,65.34412025799975,21.362204675999237,1.593624725996051,77.8418792480079,166.24702271897695,0.0008650792249562207,0.22716695495188477,0.011596205281591098,0.042255489307191675,,,0.00244140625,0.99755859375
haotian_3b_gd2po_hard_s2_save10,3b,gd2po_hard,2,20,2.685488677769899,0.95,1.7354886770248412,0.0,460277,469214,8937,465488,465489,465488.5,0.09768196195363998,0.001,0.22934301244094968,-0.04726670845411718,0.0023328082097577862,1.2924300222039165e-05,15.302950203418732,0.413961855152032,1e-06,2.6160404682159424,4.0,-3.0,0.9169921875,1.0,0.0,1.6990482807159424,3.0,-3.0,0.0,0.0,0.0,2.607882022857666,8.967942237854004,-3.023381471633911,2.1738586042374664e-08,0.990580141544342,2.9973511695861816,-4.894168853759766,2.1738586042374664e-08,2.9973511695861816,-4.894168853759766,131.6103515625,1024.0,34.0,0.00146484375,777.546875,2048.0,393.0,0.00390625,57.24515919497935,21.69492750399513,1.4724209630221594,78.15274394099833,202.24853220701334,0.0007907934154238824,0.2123825182162788,0.011651698970004164,0.04197350951795712,14.534772085986333,29.047463193011936,0.00537109375,0.99462890625
haotian_3b_gd2po_hard_s2_save10,3b,gd2po_hard,2,21,,,,,446725,491578,44853,462794,462795,462794.5,0.1049928069114685,0.001,0.22422743029892445,0.10241642838809639,0.0021985288458381547,2.8499376696800027e-05,3.1811790466308594,0.4139801667376282,1e-06,2.6290218830108643,4.0,-3.0,0.93603515625,1.0,0.0,1.6929866075515747,3.0,-3.0,0.0,0.0,0.0,2.615511417388916,4.003195285797119,-3.0229671001434326,-2.367756213317307e-09,0.9882173538208008,3.344994068145752,-4.9843878746032715,-2.367756213317307e-09,3.344994068145752,-4.9843878746032715,138.4541015625,1024.0,41.0,0.0029296875,765.44140625,2048.0,402.0,0.009765625,59.60678261399153,21.262954349978827,1.4005224170105066,77.66945668798871,160.0466980850033,0.000756557401292856,0.21021316085821934,0.011486174938325124,0.04195677384237967,,,0.00732421875,0.99267578125
haotian_3b_gd2po_hard_s2_save10,3b,gd2po_hard,2,22,,,,,458629,492285,33656,468719,468720,468719.75,0.10748054087162018,0.001,0.21721206326037645,-0.036424843143322505,0.002751488475041697,7.250428825500421e-05,3.643050491809845,0.41252599442313537,1e-06,2.5265204906463623,4.0,-3.0,0.92529296875,1.0,0.0,1.6012276411056519,3.0,-3.0,0.0,0.0,0.0,2.5130929946899414,4.00609827041626,-3.04429292678833,3.4985812025212226e-09,0.9934081435203552,4.807361602783203,-4.790435791015625,3.4985812025212226e-09,4.807361602783203,-4.790435791015625,136.29443359375,1024.0,34.0,0.00048828125,779.173828125,2048.0,423.0,0.0078125,63.31974357497529,21.176287589012645,1.6777288589801174,78.96111907300656,165.2303794719919,0.0008948464722150695,0.22684597402286127,0.011294748935271368,0.042115314680577554,,,0.00341796875,0.99658203125
haotian_3b_gd2po_hard_s2_save10,3b,gd2po_hard,2,23,,,,,444619,461516,16897,453925,453926,453925.25,0.10620276629924774,0.001,0.18520100181922317,-0.0009497897408436984,0.0031385875881824177,6.949312933102192e-05,32.52228784561157,0.4120620338181323,1e-06,2.6451053619384766,4.0,-3.0,0.91845703125,1.0,0.0,1.7266484498977661,3.0,-3.0,0.0,0.0,0.0,2.6374669075012207,12.323162078857422,-3.025367498397827,-2.6254697971239693e-08,0.9913300275802612,3.3344497680664062,-4.963129997253418,-2.6254697971239693e-08,3.3344497680664062,-4.963129997253418,131.67431640625,1024.0,33.0,0.001953125,754.8984375,2048.0,418.0,0.001953125,64.24226204698789,20.73004677699646,1.3206676309928298,76.69406493799761,163.08377099901554,0.000727359642910826,0.238226351738568,0.011417103794620622,0.04223936922323533,,,0.00390625,0.99609375
haotian_3b_gd2po_hard_s2_save10,3b,gd2po_hard,2,24,,,,,446561,483569,37008,464918,464919,464918.25,0.11186432838439941,0.001,0.19947790261358023,-0.062321489240275696,0.0015631407950422727,-2.5654224373283796e-05,3.132603347301483,0.4052944532034411,1e-06,2.7033534049987793,4.0,-3.0,0.95263671875,1.0,0.0,1.7507164478302002,3.0,-3.0,0.0,0.0,0.0,2.688626527786255,4.001924991607666,-3.0308752059936523,-1.3512835295159675e-08,0.9950220584869385,4.273177146911621,-5.51811408996582,-1.3512835295159675e-08,4.273177146911621,-5.51811408996582,141.15087890625,1024.0,33.0,0.00146484375,766.892578125,2048.0,413.0,0.00390625,59.53068773201085,21.00568861400825,1.4307224329968449,80.57657067698892,162.6503720660112,0.000769340864225509,0.2059336707244466,0.01129536677362539,0.04332835432734084,,,0.00341796875,0.99658203125
haotian_3b_gd2po_hard_s2_save10,3b,gd2po_hard,2,25,,,,,457452,488925,31473,470615,470616,470615.25,0.11050193011760712,0.001,0.21063618994120395,-0.019263876206947094,0.002710722707861075,0.0001694490400206467,3.3217514157295227,0.4073272695292591,1e-06,2.587660551071167,4.0,-3.0,0.94580078125,1.0,0.0,1.6418598890304565,3.0,-3.0,0.0,0.0,0.0,2.573112964630127,4.001173496246338,-3.0180273056030273,4.807896747394125e-09,0.9957497119903564,3.5807971954345703,-5.3843231201171875,4.807896747394125e-09,3.5807971954345703,-5.3843231201171875,136.36962890625,1024.0,38.0,0.00048828125,782.80078125,2048.0,399.0,0.00390625,61.36063808601466,21.438752923015272,1.3695350210182369,80.2247073460021,164.49301815000945,0.000727523715507645,0.21970617142350882,0.011388683708727709,0.04261692929946602,,,0.00244140625,0.99755859375
haotian_3b_gd2po_hard_s2_save10,3b,gd2po_hard,2,26,,,,,437492,469250,31758,459786,459787,459786.25,0.11230165511369705,0.001,0.19050695338556844,0.047750630626274694,0.0027986108024995173,8.749926236041281e-05,3.3179726004600525,0.41041789059109135,1e-06,2.692516326904297,4.0,-3.0,0.93603515625,1.0,0.0,1.7564812898635864,3.0,-3.0,0.0,0.0,0.0,2.677877426147461,3.999755382537842,-3.0202887058258057,1.4004861270677793e-08,0.9952030181884766,2.593086004257202,-5.1729736328125,1.4004861270677793e-08,2.593086004257202,-5.1729736328125,136.19189453125,1024.0,36.0,0.0009765625,761.828125,2048.0,425.0,0.00390625,57.82163344899891,20.761521603999427,1.3505589659907855,78.71907977000228,158.7545470749901,0.0007343406669897075,0.2073046972045809,0.011288681210018475,0.04280199754233749,,,0.00341796875,0.99658203125
haotian_3b_gd2po_hard_s2_save10,3b,gd2po_hard,2,27,,,,,436163,458624,22461,452606,452607,452606.75,0.11613208800554276,0.001,0.18727401923388243,0.012569833605084568,0.0031041956317494623,1.2549340908662998e-05,3.348616361618042,0.4084871282236428,1e-06,2.770009756088257,4.0,-3.0,0.9560546875,1.0,0.0,1.813955307006836,3.0,-3.0,0.0,0.0,0.0,2.7558653354644775,4.000544548034668,-3.0224874019622803,1.2105392244166069e-08,0.9985734224319458,4.486248970031738,-5.634353160858154,1.2105392244166069e-08,4.486248970031738,-5.634353160858154,128.01904296875,1024.0,38.0,0.00048828125,755.978515625,2048.0,389.0,0.009765625,56.81172783501097,20.81125906901434,1.426072573987767,77.63035954599036,156.77662672899896,0.0007876995725250271,0.21668730556523866,0.011495221331218735,0.042879585614880006,,,0.00146484375,0.99853515625
haotian_3b_gd2po_hard_s2_save10,3b,gd2po_hard,2,28,,,,,434509,478432,43923,456762,456763,456762.25,0.12196797877550125,0.001,0.18664641329087317,-0.02839614899130538,0.0029922680296294857,-1.8341314898862038e-05,2.990720510482788,0.40655115152503374,1e-06,2.777400255203247,4.0,-3.0,0.94140625,1.0,0.0,1.8359942436218262,3.0,-3.0,0.0,0.0,0.0,2.7623305320739746,4.001637935638428,-3.033313512802124,-9.201291284455237e-09,0.9901481866836548,5.228514194488525,-5.1714301109313965,-9.201291284455237e-09,5.228514194488525,-5.1714301109313965,129.55712890625,1024.0,42.0,0.00048828125,762.556640625,2048.0,393.0,0.00390625,58.2112485349935,20.57303795599728,1.4156731219845824,77.95302571202046,158.2540759750118,0.00077484135454746,0.21938940325927608,0.011260255174326075,0.04266608378429942,,,0.00634765625,0.99365234375
haotian_3b_gd2po_hard_s2_save10,3b,gd2po_hard,2,29,,,,,443575,482296,38721,462847,462848,462847.25,0.12004361301660538,0.001,0.1871167517477466,0.027563304309883425,0.0030410953932591984,0.00020929165478469992,2.9051420092582703,0.4140152294371225,1e-06,2.76712703704834,4.0,-3.0,0.94775390625,1.0,0.0,1.8193732500076294,3.0,-3.0,0.0,0.0,0.0,2.751999616622925,4.001413345336914,-3.0207436084747314,-1.0441206121925006e-08,0.9977047443389893,5.217072010040283,-5.1017351150512695,-1.0441206121925006e-08,5.217072010040283,-5.1017351150512695,137.00634765625,1024.0,40.0,0.00244140625,766.9921875,2048.0,393.0,0.0078125,68.03300239599776,21.522523622988956,1.3616356679995079,77.62556187302107,168.65331416699337,0.0007354670833625499,0.24246496618184518,0.011625068325991434,0.04192828296647602,,,0.00048828125,0.99951171875
haotian_3b_gd2po_hard_s2_save10,3b,gd2po_hard,2,30,2.863588086143136,0.975,1.8885880820453167,0.0,433557,492394,58837,467821,467822,467821.25,0.11648561805486679,0.001,0.179632582468912,0.06747315845859703,0.002449496831104625,8.673581965013e-05,90.0981674194336,0.4074276240101554,1e-06,2.636178493499756,4.0,-3.0,0.9365234375,1.0,0.0,1.6996549367904663,3.0,-3.0,0.0,0.0,0.0,2.6296515464782715,12.764472961425781,-3.0148022174835205,-2.2142988831408417e-10,0.9959039092063904,5.218553066253662,-5.110555648803711,-2.2142988831408417e-10,5.218553066253662,-5.110555648803711,134.59033203125,1024.0,28.0,0.00146484375,779.123046875,2048.0,407.0,0.005859375,62.97214264399372,21.013743190997047,1.3796232739987317,79.70686660899082,205.34239888499724,0.0007372598369562797,0.22845709689049787,0.011229579241535654,0.042594723203034715,14.121560734987725,26.044381417013938,0.0048828125,0.9951171875
haotian_3b_gd2po_hard_s2_save10,3b,gd2po_hard,2,31,,,,,439282,492345,53063,469343,469344,469343.5,0.12539078295230865,0.001,0.18389860853072135,-0.047303455145729166,0.0017736245485608496,-0.00014183501943696155,3.11300790309906,0.4087138868266146,1e-06,2.741424083709717,4.0,-3.0,0.9404296875,1.0,0.0,1.8009941577911377,3.0,-3.0,0.0,0.0,0.0,2.726064443588257,4.001487731933594,-3.01027250289917,-2.3814315852632717e-08,0.9905400276184082,3.1022422313690186,-6.212869644165039,-2.3814315852632717e-08,3.1022422313690186,-6.212869644165039,127.6474609375,954.0,36.0,0.0,789.0390625,2048.0,416.0,0.00390625,55.63450896900031,21.333039552002447,1.4032202170055825,79.81092940000235,158.28123054499156,0.0007474377598739423,0.21281494659592654,0.01136323372540711,0.04251200314908076,,,0.00390625,0.99609375
haotian_3b_gd2po_hard_s2_save10,3b,gd2po_hard,2,32,,,,,445327,460358,15031,452480,452481,452480.25,0.12491779029369354,0.001,0.17725498012958035,-0.016041869958562237,0.003049957291823962,0.0002686346476454468,3.5495938062667847,0.4150342537633686,1e-06,2.845181465148926,4.0,-3.0,0.95751953125,1.0,0.0,1.8876620531082153,3.0,-3.0,0.0,0.0,0.0,2.829878568649292,4.0029401779174805,-3.0182993412017822,4.692467303613057e-09,0.9938956499099731,5.702975749969482,-5.694847106933594,4.692467303613057e-09,5.702975749969482,-5.694847106933594,127.02197265625,569.0,20.0,0.0,756.728515625,2048.0,407.0,0.005859375,48.986872023000615,20.248278663988458,1.4299249780015089,76.01502156100469,146.77631423898856,0.0007900482827711866,0.18830892486382622,0.011187382578570257,0.041999082590347694,,,0.00390625,0.99609375
haotian_3b_gd2po_hard_s2_save10,3b,gd2po_hard,2,33,,,,,448914,478693,29779,462262,462263,462262.5,0.12390486896038055,0.001,0.17745836195535958,0.07119089398474898,0.007037288803985575,0.0024645580683682056,13.76419073343277,0.4078066438058038,1e-06,2.6485471725463867,4.0,-3.0,0.94970703125,1.0,0.0,1.6988401412963867,3.0,-3.0,0.0,0.0,0.0,2.639728307723999,14.780834197998047,-3.0318193435668945,8.263068451697109e-09,0.9982361197471619,5.705366134643555,-5.667301654815674,8.263068451697109e-09,5.705366134643555,-5.667301654815674,129.8408203125,1024.0,45.0,0.0009765625,773.015625,2048.0,418.0,0.001953125,54.725057430012384,20.937703101022635,1.3997142389998771,78.61857577599585,155.79267569398507,0.0007569910164678495,0.20579983539795718,0.011323492118126948,0.04251836119953265,,,0.00146484375,0.99853515625
haotian_3b_gd2po_hard_s2_save10,3b,gd2po_hard,2,34,,,,,435936,456891,20955,446428,446428,446428.0,0.13191986083984375,0.001,0.15431082472205163,0.006015883075694243,0.003168668927780042,0.0001708406699738892,3.5676838159561157,0.4163509414344287,1e-06,2.771183490753174,4.0,-3.0,0.9443359375,1.0,0.0,1.8268475532531738,3.0,-3.0,0.0,0.0,0.0,2.7556216716766357,4.00324010848999,-3.026942729949951,-2.960421596753804e-08,0.9970381855964661,4.874434471130371,-5.952907085418701,-2.960421596753804e-08,4.874434471130371,-5.952907085418701,122.81640625,1024.0,36.0,0.0009765625,749.11328125,2048.0,399.0,0.001953125,53.88245733801159,20.27468260799651,1.3628572919988073,74.38360839700908,150.0079182430054,0.0007632010604166895,0.21422051357308766,0.011353836793389142,0.04165487402056384,,,0.00146484375,0.99853515625
haotian_3b_gd2po_hard_s2_save10,3b,gd2po_hard,2,35,,,,,434793,484142,49349,452442,452443,452442.5,0.13086041808128357,0.001,0.17294802108118612,0.020725708274591352,0.002171461712644105,0.0001159081602377081,2.991769313812256,0.3978165832373318,1e-06,2.6905932426452637,4.0,-3.0,0.94921875,1.0,0.0,1.7413744926452637,3.0,-3.0,0.0,0.0,0.0,2.674304962158203,4.001943111419678,-3.01505446434021,0.0,0.9932559132575989,2.9838814735412598,-6.036220073699951,0.0,2.9838814735412598,-6.036220073699951,131.2646484375,1024.0,40.0,0.00048828125,752.412109375,2048.0,389.0,0.005859375,54.723000363999745,20.682151837012498,1.4516083179914858,78.93238089399529,155.8870118499908,0.0008020954695853538,0.2035598719041764,0.011428055408705248,0.04361459240345198,,,0.00341796875,0.99658203125
haotian_3b_gd2po_hard_s2_save10,3b,gd2po_hard,2,36,,,,,436277,479229,42952,458298,458299,458298.25,0.1198219358921051,0.001,0.15428294097223588,-0.0707809392948665,0.002839711810191793,-4.074548938191466e-06,39.713792860507965,0.42168598313135464,1e-06,2.772080421447754,4.0,-3.0,0.953125,1.0,0.0,1.818955659866333,3.0,-3.0,0.0,0.0,0.0,2.768505573272705,29.195762634277344,-3.0247621536254883,4.541289566617479e-09,0.9923772811889648,3.904083490371704,-5.781003952026367,4.541289566617479e-09,3.904083490371704,-5.781003952026367,131.25048828125,1024.0,38.0,0.00146484375,763.86328125,1917.0,416.0,0.0,59.87698661402101,20.517276261001825,1.3599329070129897,75.44051379300072,157.30744201500784,0.0007418383699986798,0.22275581792486265,0.011192098301161866,0.041152521198259386,,,0.00244140625,0.99755859375
haotian_3b_gd2po_hard_s2_save10,3b,gd2po_hard,2,37,,,,,438571,455313,16742,448263,448264,448263.75,0.1413855105638504,0.001,0.1544179265056887,0.05938140420062888,0.002999551590502022,0.00013653465594548072,3.252996265888214,0.4020454416888035,1e-06,2.8487935066223145,4.0,-3.0,0.9580078125,1.0,0.0,1.890785574913025,3.0,-3.0,0.0,0.0,0.0,2.8319976329803467,4.000555038452148,-3.0199129581451416,4.857572566407953e-09,0.9887782335281372,3.757634162902832,-6.515182018280029,4.857572566407953e-09,3.757634162902832,-6.515182018280029,122.70458984375,593.0,44.0,0.0,752.810546875,2048.0,418.0,0.005859375,55.39231448198552,20.461914384999545,1.3469303219753783,77.30988872097805,154.63159060501494,0.0007511929762195684,0.22042393516084632,0.011411760590165692,0.04311629521736815,,,0.005859375,0.994140625
haotian_3b_gd2po_hard_s2_save10,3b,gd2po_hard,2,38,,,,,441972,481758,39786,455562,455563,455562.75,0.14062759280204773,0.001,0.15308448672294617,-0.027142543586031083,0.003219598626357413,6.904140748027262e-05,3.2348004579544067,0.39844883826047955,1e-06,2.6641218662261963,4.0,-3.0,0.9599609375,1.0,0.0,1.7041606903076172,3.0,-3.0,0.0,0.0,0.0,2.647237777709961,3.99914813041687,-3.022099733352661,3.7091179017068043e-09,0.9999997615814209,6.357944965362549,-6.328479766845703,3.7091179017068043e-09,6.357944965362549,-6.328479766845703,128.55810546875,1024.0,35.0,0.001953125,761.212890625,2048.0,393.0,0.0078125,62.799326103995554,20.49237159299082,1.3832982659805566,79.33168853502139,164.1049389569962,0.0007591151087202348,0.23852042107660293,0.011245636080315402,0.0435349951982583,,,0.0,1.0
haotian_3b_gd2po_hard_s2_save10,3b,gd2po_hard,2,39,,,,,440120,473689,33569,457584,457584,457584.0,0.13429458439350128,0.001,0.14924554317258298,-0.11064472814905457,0.003141212109767366,5.994724112667882e-06,219.5699816942215,0.4065279542699354,1e-06,2.785808801651001,4.0,-3.0,0.953125,1.0,0.0,1.8326839208602905,3.0,-3.0,0.0,0.0,0.0,2.7818379402160645,30.313678741455078,-3.0246665477752686,1.9359338576663276e-09,0.9984694719314575,4.499464511871338,-5.601795673370361,1.9359338576663276e-09,4.499464511871338,-5.601795673370361,123.154296875,1024.0,41.0,0.0009765625,770.564453125,2048.0,399.0,0.005859375,56.44091430600383,20.700622995995218,1.4259089690167457,78.10887814199668,156.77789558301447,0.0007790421917160268,0.2237765217112197,0.011309739302507964,0.04267461173358153,,,0.0009765625,0.9990234375
haotian_3b_gd2po_hard_s2_save10,3b,gd2po_hard,2,40,2.757882953993976,0.975,1.7828829498961567,0.0,462916,487368,24452,473490,473491,473490.75,0.15166917443275452,0.001,0.13203306426294148,-0.043073061082395725,0.0035209777270210907,0.00022998808469765208,7.0227256417274475,0.41726948776841355,1e-06,2.8073673248291016,4.0,-3.0,0.9541015625,1.0,0.0,1.853265643119812,3.0,-3.0,0.0,0.0,0.0,2.790095567703247,4.001391410827637,-3.0313796997070312,-1.0932900806892576e-08,0.9999998807907104,3.521696090698242,-6.0954461097717285,-1.0932900806892576e-08,3.521696090698242,-6.0954461097717285,119.94091796875,1024.0,42.0,0.00048828125,804.845703125,2048.0,413.0,0.0078125,55.09343009200529,21.11577352299355,1.3916921839991119,78.82857349098776,194.75436130800517,0.0007348043145505545,0.2242861682876306,0.011148989459135976,0.041620968039495894,12.464575267978944,25.75986356200883,0.0,1.0
haotian_3b_gd2po_hard_s2_save10,3b,gd2po_hard,2,41,,,,,428421,460687,32266,445800,445801,445800.5,0.14790429174900055,0.001,0.1379652592043082,0.08071276616925994,0.0031040438644898433,0.0002648712975618158,313.1846744418144,0.40721209225660915,1e-06,2.7777552604675293,4.0,-3.0,0.95166015625,1.0,0.0,1.8260949850082397,3.0,-3.0,0.0,0.0,0.0,2.760770559310913,4.002632141113281,-3.0284268856048584,-1.9803506390303482e-08,0.9990571141242981,6.935353755950928,-6.930043697357178,-1.9803506390303482e-08,6.935353755950928,-6.930043697357178,119.6396484375,821.0,44.0,0.0,751.064453125,2048.0,421.0,0.005859375,57.34921892400598,20.1631266780023,1.3879786790057551,75.93798160500592,154.95750625099754,0.000778363123754771,0.23405742718615463,0.011307258896077001,0.042585181939570456,,,0.0009765625,0.9990234375
haotian_3b_gd2po_hard_s2_save10,3b,gd2po_hard,2,42,,,,,435304,466510,31206,450787,450788,450787.75,0.16115279495716095,0.001,0.12319881692528725,0.042338676723496366,0.0018637970904819667,-3.3154815416006995e-05,4.65150511264801,0.42048827151567014,1e-06,2.739792823791504,4.0,-3.0,0.9345703125,1.0,0.0,1.805222511291504,3.0,-3.0,0.0,0.0,0.0,2.721693515777588,4.000577926635742,-3.0367796421051025,1.9564943443128868e-08,0.9978278875350952,5.9723358154296875,-5.974152565002441,1.9564943443128868e-08,5.9723358154296875,-5.974152565002441,115.76708984375,477.0,32.0,0.0,764.677734375,2048.0,389.0,0.00390625,52.64890400800505,20.31277734300238,1.4098976439854596,74.47063024900854,148.94920830300543,0.0007819076960196122,0.22206200997931194,0.011265156020212606,0.041300273936574664,,,0.00146484375,0.99853515625
haotian_3b_gd2po_hard_s2_save10,3b,gd2po_hard,2,43,,,,,417895,466101,48206,437991,437992,437991.75,0.1566884070634842,0.001,0.12094981422026953,-0.012281810057659943,0.0031878094770945607,0.0001973437921454509,3.46858412027359,0.40437634802153927,1e-06,2.7768685817718506,4.0,-3.0,0.95458984375,1.0,0.0,1.822278618812561,3.0,-3.0,0.0,0.0,0.0,2.759246826171875,4.001912593841553,-3.020968198776245,-2.3046144992378004e-09,0.9999998807907104,6.5594401359558105,-6.543028354644775,-2.3046144992378004e-09,6.5594401359558105,-6.543028354644775,116.38427734375,483.0,39.0,0.0,739.068359375,2048.0,389.0,0.005859375,48.33263922500191,19.892607337009395,2.07274831700488,75.1182890109776,145.5208968950028,0.0011830978077811282,0.20277585628580022,0.011354441799993604,0.04287654334298398,,,0.0,1.0
haotian_3b_gd2po_hard_s2_save10,3b,gd2po_hard,2,44,,,,,432830,454386,21556,447747,447748,447747.5,0.15961220860481262,0.001,0.12466738853723772,-0.021955691788706086,0.00375003511116149,0.0002325464709194362,3.4199703335762024,0.40382083884652975,1e-06,2.8370933532714844,4.0,-3.0,0.962890625,1.0,0.0,1.8742024898529053,3.0,-3.0,0.0,0.0,0.0,2.8196310997009277,4.0013508796691895,-3.019958734512329,1.3874839055461052e-08,1.0,3.3919475078582764,-6.781753063201904,1.3874839055461052e-08,3.3919475078582764,-6.781753063201904,113.8408203125,501.0,38.0,0.0,760.666015625,2048.0,399.0,0.00390625,48.068227112002205,20.2632767999894,1.374333569983719,76.89617538498715,146.70855322599527,0.000767359711658758,0.2061722144579028,0.011314008900099608,0.042935011019038155,,,0.0,1.0
haotian_3b_gd2po_hard_s2_save10,3b,gd2po_hard,2,45,,,,,434542,471730,37188,456926,456927,456926.75,0.16694751381874084,0.001,0.12858405685983598,0.031165295858954778,0.0033207322921953164,0.00019542491486390645,3.4679678082466125,0.4047986857693923,1e-06,2.8129498958587646,4.0,-3.0,0.9638671875,1.0,0.0,1.849082589149475,3.0,-3.0,0.0,0.0,0.0,2.794574499130249,4.002940654754639,-3.024155378341675,-2.00042116205168e-08,0.9999999403953552,3.315774917602539,-6.628740310668945,-2.00042116205168e-08,3.315774917602539,-6.628740310668945,116.20458984375,442.0,29.0,0.0,776.23046875,2048.0,427.0,0.001953125,48.291520261991536,20.432958607998444,1.4152731909998693,78.27402549399994,148.51941757599707,0.0007743435851588188,0.20291663100081742,0.011179559200680658,0.04282635318133593,,,0.0,1.0
haotian_3b_gd2po_hard_s2_save10,3b,gd2po_hard,2,46,,,,,438453,492843,54390,460648,460649,460648.75,0.15245215594768524,0.001,0.11483376915566623,0.03514286965946667,0.003188403345120605,0.0003299708779422872,92.80141741037369,0.39805848885151346,1e-06,2.8266501426696777,4.0,-3.0,0.93994140625,1.0,0.0,1.8867087364196777,3.0,-3.0,0.0,0.0,0.0,2.8271584510803223,40.08699035644531,-3.042466640472412,-2.5601671893582534e-09,0.9992658495903015,6.641359806060791,-6.636322498321533,-2.5601671893582534e-09,6.641359806060791,-6.636322498321533,116.40771484375,1024.0,42.0,0.0009765625,783.296875,2048.0,416.0,0.0078125,59.18494501701207,20.914335698005743,1.3576554390019737,80.35552122301306,161.9269651240029,0.0007368170645214894,0.24825587352932668,0.01135047891587991,0.04360997464066334,,,0.0009765625,0.9990234375
haotian_3b_gd2po_hard_s2_save10,3b,gd2po_hard,2,47,,,,,420438,468876,48438,439758,439759,439758.25,0.17357169091701508,0.001,0.09476505900765288,-0.0370967262504815,0.0029801682223854907,0.00015017117728912752,4.078823268413544,0.4204834172948277,1e-06,2.8986427783966064,4.0,-3.0,0.96435546875,1.0,0.0,1.9342875480651855,3.0,-3.0,0.0,0.0,0.0,2.8795320987701416,3.9990034103393555,-3.039055347442627,-2.0853085924699144e-09,0.9993720650672913,4.939424514770508,-7.39945125579834,-2.0853085924699144e-09,4.939424514770508,-7.39945125579834,114.33251953125,404.0,38.0,0.0,744.5703125,2048.0,399.0,0.005859375,50.451992290996714,19.7541897839983,1.3111486620036885,72.52139290398918,144.14032714400673,0.0007453803663738477,0.21546592309727705,0.011230141665334476,0.04122798884613829,,,0.0009765625,0.9990234375
haotian_3b_gd2po_hard_s2_save10,3b,gd2po_hard,2,48,,,,,422269,474259,51990,451257,451258,451257.75,0.17384161055088043,0.001,0.0970797274261713,0.030830062677462897,0.002580045763170347,0.0004837945416511502,3.49041348695755,0.4013053523900649,1e-06,2.79805064201355,4.0,-3.0,0.94287109375,1.0,0.0,1.8551794290542603,3.0,-3.0,0.0,0.0,0.0,2.778646230697632,3.999713897705078,-3.0387697219848633,-6.907815652823501e-09,0.9977739453315735,3.428205966949463,-6.247681617736816,-6.907815652823501e-09,3.428205966949463,-6.247681617736816,116.48583984375,829.0,41.0,0.0,764.876953125,2048.0,423.0,0.005859375,54.36041436999221,20.23075659899041,1.3594088180107065,78.02062980699702,154.0794149779831,0.0007531221447225596,0.22786607466368303,0.011207982909429483,0.04322398330388621,,,0.00244140625,0.99755859375
haotian_3b_gd2po_hard_s2_save10,3b,gd2po_hard,2,49,,,,,438001,478754,40753,466439,466439,466439.0,0.1699216365814209,0.001,0.1126795222517103,0.003098717272223439,0.0026480228880245704,0.0002825507986017328,4.129058659076691,0.41378849870480183,1e-06,2.7387120723724365,4.0,-3.0,0.96044921875,1.0,0.0,1.778262972831726,3.0,-3.0,0.0,0.0,0.0,2.7197189331054688,3.9993767738342285,-3.036189079284668,2.042436664240199e-09,0.9996863603591919,6.992486953735352,-6.998902797698975,2.042436664240199e-09,6.992486953735352,-6.998902797698975,116.732421875,434.0,41.0,0.0,794.28125,2048.0,416.0,0.00390625,52.92443292902317,21.303710880019935,1.4474751820089296,78.3031679590058,154.2729920129932,0.000775811618458646,0.2213781557089329,0.011418272743070335,0.04196860037379261,,,0.00048828125,0.99951171875
haotian_3b_gd2po_hard_s2_save10,3b,gd2po_hard,2,50,2.7397167457267644,0.975,1.7647167416289449,0.0,440691,452889,12198,446745,446745,446745.0,0.1571444422006607,0.001,0.07854127486546834,0.039935517731161475,0.007517573053094869,0.002130957058458686,136.82311034202576,0.4111077767683494,1e-06,2.879225254058838,4.0,-3.0,0.96484375,1.0,0.0,1.914381504058838,3.0,-3.0,0.0,0.0,0.0,2.8831984996795654,52.150978088378906,-3.026993989944458,6.116155581992189e-09,0.9987516403198242,4.807154178619385,-7.3657684326171875,6.116155581992189e-09,4.807154178619385,-7.3657684326171875,116.9453125,1024.0,39.0,0.00048828125,755.603515625,2048.0,407.0,0.00390625,54.45541272099945,20.235951384005602,1.3420965900004376,75.35320879999199,194.46351524497732,0.0007510417520064229,0.22736744572533005,0.011324106248534176,0.042167908314582135,16.825733275996754,26.13817466099863,0.00146484375,0.99853515625
haotian_3b_gd2po_hard_s2_save10,3b,gd2po_hard,2,51,,,,,424778,456024,31246,443337,443338,443337.75,0.1847120076417923,0.001,0.08721224839488666,-0.06925519116533299,0.0028564211388584226,0.0002617724926191537,3.026118516921997,0.4142746930966831,1e-06,2.797170639038086,4.0,-3.0,0.95654296875,1.0,0.0,1.8406277894973755,3.0,-3.0,0.0,0.0,0.0,2.776578903198242,3.9971039295196533,-3.0325827598571777,-1.2538718507926205e-08,0.9950987696647644,4.545637607574463,-6.753880500793457,-1.2538718507926205e-08,4.545637607574463,-6.753880500793457,116.46435546875,1024.0,36.0,0.00048828125,749.4296875,1969.0,416.0,0.0,56.36032925298787,20.960847407986876,1.3764543000143021,74.24229823399219,153.04351168798166,0.0007761883011396515,0.23629282888569828,0.011819908979094875,0.041865540569234284,,,0.0029296875,0.9970703125
haotian_3b_gd2po_hard_s2_save10,3b,gd2po_hard,2,52,,,,,441393,460824,19431,450271,450271,450271.0,0.1632591336965561,0.001,0.09502760830024878,-0.0238822139489154,0.003639548640542974,0.00034855479491398,697.7184876799583,0.40850600085866784,1e-06,2.898801803588867,4.0,-3.0,0.9580078125,1.0,0.0,1.9407941102981567,3.0,-3.0,0.0,0.0,0.0,2.9035370349884033,51.04053497314453,-3.041426181793213,-1.2704409080299683e-08,0.9992974996566772,3.8366966247558594,-7.636621475219727,-1.2704409080299683e-08,3.8366966247558594,-7.636621475219727,112.599609375,1024.0,41.0,0.00048828125,766.8359375,2048.0,393.0,0.005859375,52.7191189120058,20.24720864999108,1.3815846950164996,76.548583160009,150.99637628198252,0.0007670850970951381,0.22861320233823262,0.011241679260929019,0.04250139535968839,,,0.00048828125,0.99951171875
haotian_3b_gd2po_hard_s2_save10,3b,gd2po_hard,2,53,,,,,426373,489080,62707,451681,451681,451681.0,0.18839195370674133,0.001,0.08672242040435472,0.021429567396019897,0.002576732662661622,0.00016673120359579722,4.435346007347107,0.41156146694588813,1e-06,2.7887747287750244,4.0,-3.0,0.94921875,1.0,0.0,1.839556097984314,3.0,-3.0,0.0,0.0,0.0,2.7676167488098145,3.9982028007507324,-3.017456531524658,-1.1727331994393353e-08,1.0000001192092896,3.370969533920288,-6.750070571899414,-1.1727331994393353e-08,3.370969533920288,-6.750070571899414,116.8984375,443.0,38.0,0.0,765.291015625,2048.0,418.0,0.001953125,47.95095973799471,20.41751783998916,1.34023875798448,76.2008616180101,146.01014033998945,0.0007418060301321507,0.20028971353503103,0.011300850511748978,0.04217626024672839,,,0.0,1.0
haotian_3b_gd2po_hard_s2_save10,3b,gd2po_hard,2,54,,,,,451791,475120,23329,458457,458458,458457.25,0.1830727458000183,0.001,0.09215677337300393,0.07584616842289124,0.0024581916119542813,0.0002578708970524472,4.5128408670425415,0.42054220634327066,1e-06,2.8498752117156982,4.0,-3.0,0.96826171875,1.0,0.0,1.8816137313842773,3.0,-3.0,0.0,0.0,0.0,2.8296356201171875,3.9977943897247314,-3.0399868488311768,-1.239475988512595e-08,1.0,4.390766620635986,-8.793733596801758,-1.239475988512595e-08,4.390766620635986,-8.793733596801758,115.41259765625,406.0,44.0,0.0,780.01171875,1917.0,424.0,0.0,47.47316363200662,20.92076982097933,1.4347253880114295,75.94962283098721,145.8776357669849,0.0007823659610636703,0.20084684124979002,0.011408244618761798,0.04141586965359759,,,0.0,1.0
haotian_3b_gd2po_hard_s2_save10,3b,gd2po_hard,2,55,,,,,434573,481368,46795,458538,458539,458538.75,0.1565628945827484,0.001,0.09877108095679432,0.09458484192145988,0.005535040374525124,-0.0030259848249727384,375.87964993715286,0.4057077039913727,1e-06,2.775090456008911,4.0,-3.0,0.96142578125,1.0,0.0,1.8136646747589111,3.0,-3.0,0.0,0.0,0.0,2.781665802001953,56.62514114379883,-3.0375330448150635,1.681274675036093e-08,0.9970753788948059,4.129483699798584,-6.789582252502441,1.681274675036093e-08,4.129483699798584,-6.789582252502441,118.21044921875,1024.0,29.0,0.001953125,777.373046875,2048.0,389.0,0.009765625,57.198057551984675,20.417593459016643,1.3477200549968984,78.46227010097937,157.52785261400277,0.0007347907101618447,0.23626286190125642,0.011131880053221589,0.04277842935901239,,,0.0029296875,0.9970703125
haotian_3b_gd2po_hard_s2_save10,3b,gd2po_hard,2,56,,,,,451850,461887,10037,455862,455863,455862.5,0.18382078409194946,0.001,0.08602414568585734,-0.0002892479871309573,0.0032576625310485404,9.073844675215022e-05,3.9064584970474243,0.4136106310891725,1e-06,2.9218368530273438,4.0,-3.0,0.96923828125,1.0,0.0,1.9525983333587646,3.0,-3.0,0.0,0.0,0.0,2.90092396736145,3.998215436935425,-3.0268120765686035,1.0125440930153218e-08,1.0,4.341261863708496,-7.502360820770264,1.0125440930153218e-08,4.341261863708496,-7.502360820770264,119.2041015625,720.0,37.0,0.0,771.15234375,2048.0,399.0,0.0078125,48.99597738101147,20.408718885009876,1.6279813460132573,76.52061411700561,147.65150883499882,0.0008928028440666085,0.20069625765375607,0.01119236550769688,0.04196474491595909,,,0.0,1.0
haotian_3b_gd2po_hard_s2_save10,3b,gd2po_hard,2,57,,,,,432312,468466,36154,447741,447741,447741.0,0.18750600516796112,0.001,0.08802081781129042,-0.07933514790299039,0.0036631666589528322,0.00010454729169092994,4.0069814920425415,0.4111881049046765,1e-06,2.8585832118988037,4.0,-3.0,0.96240234375,1.0,0.0,1.8961811065673828,3.0,-3.0,0.0,0.0,0.0,2.8378896713256836,3.99872088432312,-3.070375680923462,-1.803852622828117e-09,0.9995143413543701,3.954754114151001,-6.836522579193115,-1.803852622828117e-09,3.954754114151001,-6.836522579193115,115.650390625,1024.0,42.0,0.00048828125,758.84375,2048.0,399.0,0.005859375,53.55168961500749,20.332040633977158,1.3931479540187865,75.55319840399898,150.9333366190258,0.000777876023202469,0.2260976880710633,0.011352568021455013,0.04218577168720252,,,0.00048828125,0.99951171875
haotian_3b_gd2po_hard_s2_save10,3b,gd2po_hard,2,58,,,,,436375,463467,27092,450296,450297,450296.5,0.1897086799144745,0.001,0.09417137354612351,0.1099405977409333,0.0027502390711257856,0.0002678941761890504,3.1051950454711914,0.41542303333228364,1e-06,2.931701421737671,4.0,-3.0,0.96142578125,1.0,0.0,1.9702755212783813,3.0,-3.0,0.0,0.0,0.0,2.9105305671691895,4.000090599060059,-3.0380959510803223,1.9518189731115854e-08,0.9998295307159424,4.142645835876465,-8.301694869995117,1.9518189731115854e-08,4.142645835876465,-8.301694869995117,117.5712890625,837.0,41.0,0.0,761.9140625,2048.0,418.0,0.00390625,51.071930225007236,20.725884090992622,1.3585395630216226,75.24318410397973,148.49476111499825,0.0007542472365550379,0.21210506518239114,0.011506798348972634,0.041774244361204076,,,0.00048828125,0.99951171875
haotian_3b_gd2po_hard_s2_save10,3b,gd2po_hard,2,59,,,,,446609,482268,35659,460585,460586,460585.25,0.1992805451154709,0.001,0.07964975747745484,-0.0222105132706929,0.0032669923893990926,0.00014864152518612173,3.712315797805786,0.41354693715121554,1e-06,2.8160293102264404,4.0,-3.0,0.953125,1.0,0.0,1.8629041910171509,3.0,-3.0,0.0,0.0,0.0,2.7943544387817383,4.0016770362854,-3.04213285446167,-6.196331447938519e-09,0.9995685815811157,3.5085904598236084,-6.915009021759033,-6.196331447938519e-09,3.5085904598236084,-6.915009021759033,115.43212890625,1024.0,38.0,0.0009765625,784.1484375,2048.0,389.0,0.005859375,56.375618035992375,21.24147649400402,1.374312361003831,77.3285410849785,156.42288379001548,0.0007459598201439533,0.23847049781515778,0.011529611778711986,0.041972979532550435,,,0.00048828125,0.99951171875
haotian_3b_gd2po_hard_s2_save10,3b,gd2po_hard,2,60,2.746787587739527,0.975,1.7717875859700143,0.0,448171,462796,14625,454884,454885,454884.25,0.1374700367450714,0.001,0.0997462777360793,-0.04038711275244432,0.0034208002335001384,0.01627980309281303,248.70553123950958,0.4141737033029844,1e-06,2.857374668121338,4.0,-3.0,0.9658203125,1.0,0.0,1.891554355621338,3.0,-3.0,0.0,0.0,0.0,2.8869590759277344,55.553611755371094,-3.0267441272735596,-6.850707556793623e-09,0.9999997615814209,4.310049533843994,-8.590316772460938,-6.850707556793623e-09,4.310049533843994,-8.590316772460938,121.80712890625,1024.0,44.0,0.0009765625,766.638671875,2048.0,413.0,0.005859375,49.529393419012194,20.712752647028537,1.4001420230197255,76.25910978199681,186.41518389398698,0.0007695045624352379,0.19854563807173142,0.011383529242344913,0.041911271813651944,12.741633008001372,25.66267317297752,0.0,1.0
haotian_3b_gd2po_hard_s2_save10,3b,gd2po_hard,2,61,,,,,437245,458126,20881,448187,448188,448187.5,0.1673026829957962,0.001,0.07883888420959313,-0.01084401390204827,0.011292161187157035,0.007879624771279244,20.238843381404877,0.41095224151593696,1e-06,2.850802421569824,4.0,-3.0,0.95947265625,1.0,0.0,1.8913296461105347,3.0,-3.0,0.0,0.0,0.0,2.8562796115875244,59.1451530456543,-3.0508925914764404,6.098484384153835e-09,0.9998042583465576,3.885315418243408,-7.713840007781982,6.098484384153835e-09,3.885315418243408,-7.713840007781982,117.2841796875,1024.0,44.0,0.00048828125,758.08203125,2048.0,402.0,0.001953125,47.95973166398471,20.125684878003085,1.3939935849921312,75.64532782899914,145.21735657998943,0.0007775727708783329,0.19966748958769312,0.011226152490867709,0.04219513475331147,,,0.00048828125,0.99951171875
haotian_3b_gd2po_hard_s2_save10,3b,gd2po_hard,2,62,,,,,443976,471269,27293,460738,460739,460738.5,0.1665850132703781,0.001,0.07704034688011292,-0.046166682105150916,0.002745138871813974,0.0001878992472113843,36.007674515247345,0.406646843009395,1e-06,2.875075101852417,4.0,-3.0,0.96630859375,1.0,0.0,1.908766508102417,3.0,-3.0,0.0,0.0,0.0,2.88264536857605,63.380165100097656,-3.0408990383148193,8.988609856430685e-09,0.9992104172706604,7.2743706703186035,-7.213584899902344,8.988609856430685e-09,7.2743706703186035,-7.213584899902344,119.3603515625,1024.0,36.0,0.00048828125,780.51953125,2048.0,393.0,0.0078125,48.939779061998706,20.940379201987525,1.3841996230185032,78.64187907701125,150.00966211000923,0.0007510765993174562,0.20020363698915405,0.011362399279627991,0.042671645128967546,,,0.00048828125,0.99951171875
haotian_3b_gd2po_hard_s2_save10,3b,gd2po_hard,2,63,,,,,424073,453242,29169,439794,439795,439794.75,0.19263651967048645,0.001,0.07490870857547069,-0.02901741517065414,0.0033204558301428012,0.00014088762986046215,3.811711370944977,0.4185023669021737,1e-06,2.964155912399292,4.0,-3.0,0.97216796875,1.0,0.0,1.991987705230713,3.0,-3.0,0.0,0.0,0.0,2.94321870803833,3.9994146823883057,-3.043309211730957,-1.0561588936752742e-08,0.9987626671791077,4.209937572479248,-8.409882545471191,-1.0561588936752742e-08,4.209937572479248,-8.409882545471191,112.87060546875,455.0,46.0,0.0,746.103515625,2048.0,407.0,0.001953125,45.44524496898521,19.707611591991736,1.3351420699909795,72.86496629801695,139.45553903799737,0.0007589574852763588,0.1965973419550405,0.01120273240641898,0.041419870461173625,,,0.0009765625,0.9990234375
haotian_3b_gd2po_hard_s2_save10,3b,gd2po_hard,2,64,,,,,435448,479546,44098,453484,453485,453484.5,0.1666015386581421,0.001,0.06078735787060953,-0.0722520891792937,0.0026753009747593633,0.00023773287842144078,33.224008560180664,0.41039165134806,1e-06,2.8427042961120605,4.0,-3.0,0.97265625,1.0,0.0,1.8700480461120605,3.0,-3.0,0.0,0.0,0.0,2.8525445461273193,70.93533325195312,-3.0260868072509766,-1.7242246741488998e-08,0.9999998807907104,3.845715045928955,-7.654517650604248,-1.7242246741488998e-08,3.845715045928955,-7.654517650604248,124.4482421875,1024.0,42.0,0.00048828125,761.263671875,2048.0,421.0,0.009765625,49.38552035900648,20.42593928601127,1.5183314620226156,76.66699455300113,148.10689096699934,0.0008370360299098512,0.19376749071686145,0.011260549856726785,0.042265498905145124,,,0.0,1.0
haotian_3b_gd2po_hard_s2_save10,3b,gd2po_hard,2,65,,,,,449805,464824,15019,455739,455740,455739.5,0.19982409477233887,0.001,0.08529236319009215,0.01674763538176194,0.002612801912619034,0.0004527049397893279,3.719108521938324,0.416963635644984,1e-06,2.934483766555786,4.0,-3.0,0.9677734375,1.0,0.0,1.9667103290557861,3.0,-3.0,0.0,0.0,0.0,2.9118049144744873,3.9971439838409424,-3.047614097595215,-2.4292599931641234e-08,0.9991321563720703,7.172332763671875,-8.376864433288574,-2.4292599931641234e-08,7.172332763671875,-8.376864433288574,122.6806640625,850.0,41.0,0.0,767.435546875,2048.0,389.0,0.0078125,52.344084395997925,20.95526210500975,1.3716136740113143,75.86754436901538,150.63827965699602,0.0007524110122182268,0.2083346642626783,0.011495197423643196,0.0416178235422952,,,0.00048828125,0.99951171875
haotian_3b_gd2po_hard_s2_save10,3b,gd2po_hard,2,66,,,,,436780,475263,38483,454488,454489,454488.25,0.16277079284191132,0.001,0.07885318357617624,0.0318013088357064,0.0036217374652023275,0.0002641744557026428,126.87239569425583,0.4150441100314241,1e-06,2.88633394241333,4.0,-3.0,0.96630859375,1.0,0.0,1.92002534866333,3.0,-3.0,0.0,0.0,0.0,2.900214433670044,72.96068572998047,-3.042618989944458,-1.365546520304406e-08,0.9953563809394836,4.846673965454102,-8.36954402923584,-1.365546520304406e-08,4.846673965454102,-8.36954402923584,117.03369140625,1024.0,41.0,0.00048828125,770.638671875,2048.0,418.0,0.005859375,52.20376110798679,20.50404429101036,1.4554184890002944,76.05828868597746,150.32273415700183,0.000800580922059203,0.2178015357990145,0.01127864377737508,0.04183732400451357,,,0.001953125,0.998046875
haotian_3b_gd2po_hard_s2_save10,3b,gd2po_hard,2,67,,,,,437532,468483,30951,452308,452308,452308.0,0.19933781027793884,0.001,0.07491401174376087,0.0699889920238826,0.003019751838198112,1.6203330174433967e-05,3.8541975617408752,0.41520444812900453,1e-06,2.895415782928467,4.0,-3.0,0.9638671875,1.0,0.0,1.931548833847046,3.0,-3.0,0.0,0.0,0.0,2.8726305961608887,3.9965500831604004,-3.046212673187256,-9.816671919793407e-09,0.9965700507164001,4.922344207763672,-8.174776077270508,-9.816671919793407e-09,4.922344207763672,-8.174776077270508,121.435546875,915.0,42.0,0.0,761.978515625,2048.0,418.0,0.001953125,56.74649356800364,20.804751202987973,1.3982742499792948,75.57570298199425,154.62312567900517,0.0007728551396279166,0.22817247112184819,0.011499216906946136,0.04177225639497547,,,0.00146484375,0.99853515625
haotian_3b_gd2po_hard_s2_save10,3b,gd2po_hard,2,68,,,,,442429,458452,16023,449593,449594,449593.5,0.19620168209075928,0.001,0.08339882317569948,0.0362400984909806,0.0033236025427017483,0.0001136667317276137,485824.12125116587,0.4049567037915029,1e-06,2.8804705142974854,4.0,-3.0,0.95263671875,1.0,0.0,1.9278336763381958,3.0,-3.0,0.0,0.0,0.0,2.8588099479675293,3.997774600982666,-3.057535409927368,4.09704092874108e-09,0.9990895986557007,4.5719428062438965,-4.569344997406006,4.09704092874108e-09,4.5719428062438965,-4.569344997406006,116.3857421875,611.0,43.0,0.0,761.7265625,2048.0,393.0,0.001953125,48.767207609984325,20.382214160985313,1.3736639140115585,77.02683107499615,147.64980237398413,0.0007638366179735464,0.2045964792873926,0.011333690411997345,0.04283137493924854,,,0.0009765625,0.9990234375
haotian_3b_gd2po_hard_s2_save10,3b,gd2po_hard,2,69,,,,,421230,485638,64408,449104,449105,449104.5,0.19836552441120148,0.001,0.07979521465798219,0.07371707361501952,0.002555015671532601,0.00044460774843173566,3.2050781846046448,0.4112663186575891,1e-06,2.8262152671813965,4.0,-3.0,0.96484375,1.0,0.0,1.8613711595535278,3.0,-3.0,0.0,0.0,0.0,2.804141044616699,3.997509717941284,-3.0403847694396973,-8.631326764430014e-09,0.9999998211860657,9.02358627319336,-9.010266304016113,-8.631326764430014e-09,9.02358627319336,-9.010266304016113,117.3955078125,516.0,31.0,0.0,759.76171875,2048.0,414.0,0.00390625,48.025036036997335,21.080675602017436,1.3757629999890924,75.75737523901626,146.34991342198919,0.0007658367929897676,0.199749760995056,0.011734838774726948,0.042171351678181944,,,0.0,1.0
haotian_3b_gd2po_hard_s2_save10,3b,gd2po_hard,2,70,2.767761614732444,0.975,1.7927616119384766,0.0,438433,458311,19878,452841,452842,452841.25,0.20278942584991455,0.001,0.08506131436555617,0.02431752583793094,0.0026860236595835415,0.00016778782399694224,4.126223385334015,0.4137157432104131,1e-06,2.966644048690796,4.0,-3.0,0.9619140625,1.0,0.0,2.004729986190796,3.0,-3.0,0.0,0.0,0.0,2.9443657398223877,3.999647378921509,-3.0207102298736572,-3.379562407701542e-09,0.999045729637146,5.418271064758301,-8.100714683532715,-3.379562407701542e-09,5.418271064758301,-8.100714683532715,114.63916015625,882.0,43.0,0.0,769.81640625,2048.0,399.0,0.001953125,52.7119182869792,20.505969927005935,1.3823584330093581,75.99099544499768,189.01905992400134,0.0007631584098231765,0.22451526438246366,0.01132072769817565,0.041952337295353324,12.362698282988276,25.968043478002073,0.0009765625,0.9990234375
haotian_3b_gd2po_hard_s2_save10,3b,gd2po_hard,2,71,,,,,430076,461421,31345,447055,447056,447055.25,0.2043568640947342,0.001,0.07273097671568393,0.019283912245494625,0.003167820267844945,0.00010269939969778838,3.4996997714042664,0.41041582940462124,1e-06,2.8205482959747314,4.0,-3.0,0.958984375,1.0,0.0,1.861563801765442,3.0,-3.0,0.0,0.0,0.0,2.7971835136413574,3.997516632080078,-3.0507471561431885,3.976992957177572e-09,0.9953656196594238,7.312643527984619,-7.309812545776367,3.976992957177572e-09,7.312643527984619,-7.309812545776367,119.89892578125,544.0,39.0,0.0,753.255859375,2048.0,418.0,0.001953125,48.074947385000996,20.286655728006735,1.3554621969815344,75.5432926590147,145.3585027549998,0.0007579947875466927,0.19578236627123674,0.011344602109027204,0.042244942129085104,,,0.00341796875,0.99658203125
haotian_3b_gd2po_hard_s2_save10,3b,gd2po_hard,2,72,,,,,441613,470468,28855,459315,459315,459315.0,0.2057076096534729,0.001,0.06293710228055716,0.08506821157061495,0.002640036280354252,0.0004642529835479081,4.474295020103455,0.41801489021641186,1e-06,2.958324432373047,4.0,-3.0,0.97509765625,1.0,0.0,1.9832266569137573,3.0,-3.0,0.0,0.0,0.0,2.935532808303833,3.994508743286133,-3.0551459789276123,-6.9141505854020124e-09,0.9999998807907104,4.635498046875,-7.999576568603516,-6.9141505854020124e-09,4.635498046875,-7.999576568603516,120.689453125,1024.0,39.0,0.00048828125,776.41015625,2048.0,399.0,0.0078125,56.72244400801719,20.723793156998,1.3837423270160798,76.29133091098629,155.20776475398452,0.000753155420036402,0.22948571847950897,0.011279728049921077,0.04152451526239416,,,0.0,1.0
haotian_3b_gd2po_hard_s2_save10,3b,gd2po_hard,2,73,,,,,455770,470892,15122,463875,463875,463875.0,0.208048015832901,0.001,0.08342565735802054,0.06091120535529626,0.002790118578559486,0.0004533497057082059,4.6549652218818665,0.4086586186635557,1e-06,2.834406852722168,4.0,-3.0,0.94677734375,1.0,0.0,1.8876296281814575,3.0,-3.0,0.0,0.0,0.0,2.811166763305664,3.996453285217285,-3.0622575283050537,8.911109183884491e-09,0.9989577531814575,4.501039981842041,-7.798353672027588,8.911109183884491e-09,4.501039981842041,-7.798353672027588,120.3984375,902.0,29.0,0.0,785.607421875,2048.0,393.0,0.01171875,54.917378256999655,20.995678584004054,1.3733774140127935,78.79355687601492,156.18321585800732,0.0007401656771828583,0.22271988456702865,0.011315375146323931,0.042464864929137654,,,0.0009765625,0.9990234375
haotian_3b_gd2po_hard_s2_save10,3b,gd2po_hard,2,74,,,,,412532,456846,44314,440847,440848,440847.5,0.20977549254894257,0.001,0.04905165191739798,-0.04144650187032918,0.0030503534983533126,0.00027323243836387215,4.383677124977112,0.4156352637242258,1e-06,2.9735829830169678,4.0,-3.0,0.974609375,1.0,0.0,1.9989736080169678,3.0,-3.0,0.0,0.0,0.0,2.949848175048828,3.996273994445801,-3.0534651279449463,3.0348887847253536e-09,0.9999997615814209,4.035930156707764,-8.05794906616211,3.0348887847253536e-09,4.035930156707764,-8.05794906616211,117.8388671875,537.0,44.0,0.0,743.19140625,1942.0,407.0,0.0,50.04982087499229,20.340030593972187,1.3366368540155236,73.5588108379743,145.37082451599417,0.000757992760543909,0.20738818763619007,0.011534618316975932,0.041714431202385355,,,0.0,1.0
haotian_3b_gd2po_hard_s2_save10,3b,gd2po_hard,2,75,,,,,414011,464100,50089,445816,445817,445816.25,0.21050380170345306,0.001,0.06634211270459767,0.010336452131641322,0.0029962175096192494,0.00010707169211196617,13.95462417602539,0.40897108999685156,1e-06,2.9117679595947266,4.0,-3.0,0.962890625,1.0,0.0,1.9488774538040161,3.0,-3.0,0.0,0.0,0.0,2.8885629177093506,3.9963059425354004,-3.054137945175171,2.048666569720581e-09,0.9999998211860657,5.128372669219971,-8.857391357421875,2.048666569720581e-09,5.128372669219971,-8.857391357421875,116.37744140625,443.0,46.0,0.0,754.357421875,2048.0,389.0,0.001953125,45.80974883699673,20.327511214010883,1.3233427520026453,75.59358646298642,143.15168122400064,0.0007420897914794747,0.19220255363951957,0.011399041204762548,0.042390551299434705,,,0.0,1.0
haotian_3b_gd2po_hard_s2_save10,3b,gd2po_hard,2,76,,,,,440128,470591,30463,452574,452575,452574.75,0.20988646149635315,0.001,0.07364353630691767,0.05416146047258129,0.002300011618838956,0.0002709739210937793,4.638669669628143,0.4166726266849025,1e-06,2.976677417755127,4.0,-3.0,0.97900390625,1.0,0.0,1.9976733922958374,3.0,-3.0,0.0,0.0,0.0,2.9529881477355957,3.9978790283203125,-3.032773733139038,4.004028220094824e-09,0.9996636509895325,5.234336853027344,-10.4611234664917,4.004028220094824e-09,5.234336853027344,-10.4611234664917,119.08935546875,466.0,43.0,0.0,764.845703125,2048.0,418.0,0.00390625,46.70307345999754,20.78983781399438,1.3357985430047847,75.42330921598477,144.3496456629946,0.0007378883504906011,0.1914884415834582,0.011484201125888254,0.04166345405702857,,,0.00048828125,0.99951171875
haotian_3b_gd2po_hard_s2_save10,3b,gd2po_hard,2,77,,,,,458012,468390,10378,462719,462720,462719.5,0.16826120018959045,0.001,0.06267977866434282,-0.043158707839827386,0.002855383340389498,0.0005431020029303204,183.42322224378586,0.4116575887459997,1e-06,2.8541805744171143,4.0,-3.0,0.9560546875,1.0,0.0,1.8981260061264038,3.0,-3.0,0.0,0.0,0.0,2.873234987258911,88.512451171875,-3.0545246601104736,1.921905123936085e-08,0.9995813965797424,4.654170036315918,-9.224980354309082,1.921905123936085e-08,4.654170036315918,-9.224980354309082,117.8505859375,1024.0,39.0,0.00048828125,785.8984375,2048.0,407.0,0.00390625,54.45055814800435,21.075278140982846,1.3557358619873412,78.05762753001181,155.04332581401104,0.000732482563403607,0.22560080108388514,0.011386638201428104,0.0421732969596115,,,0.00048828125,0.99951171875
haotian_3b_gd2po_hard_s2_save10,3b,gd2po_hard,2,78,,,,,451345,463675,12330,459545,459546,459545.5,0.12377996742725372,0.001,0.05642640736186877,0.010976834208122455,0.0028791580953111406,0.0003871571715308164,217.5469070672989,0.40892326139442337,1e-06,2.895244598388672,4.0,-3.0,0.958984375,1.0,0.0,1.9362598657608032,3.0,-3.0,0.0,0.0,0.0,2.9618568420410156,94.91792297363281,-3.0429797172546387,0.0,1.0,4.79774284362793,-9.463066101074219,0.0,4.79774284362793,-9.463066101074219,116.2021484375,1024.0,42.0,0.00146484375,781.34765625,2048.0,393.0,0.005859375,54.99900412300485,21.159391961002257,1.342687203985406,77.97199059999548,155.56362640598672,0.0007304430159719799,0.23110573120238023,0.011511042954942577,0.042417992668841,,,0.0,1.0
haotian_3b_gd2po_hard_s2_save10,3b,gd2po_hard,2,79,,,,,435250,478288,43038,455077,455078,455077.25,0.16066183149814606,0.001,0.06264729070244357,-0.03653905733153806,0.00184763499055407,0.0003207259128430451,198.1297954916954,0.4136466287393016,1e-06,2.936439037322998,4.0,-3.0,0.970703125,1.0,0.0,1.965735912322998,3.0,-3.0,0.0,0.0,0.0,2.9614195823669434,100.93232727050781,-3.008932590484619,-4.0654701827236295e-09,0.9988590478897095,4.795246124267578,-9.594186782836914,-4.0654701827236295e-09,4.795246124267578,-9.594186782836914,117.28955078125,1024.0,34.0,0.00048828125,771.533203125,2048.0,389.0,0.00390625,49.593144112004666,20.49224992498057,1.3357319890055805,76.29229516899795,147.81136103300378,0.0007337940915556538,0.20645830968866555,0.011257566668615366,0.041911727717106245,,,0.00048828125,0.99951171875
haotian_3b_gd2po_hard_s2_save10,3b,gd2po_hard,2,80,2.7742551216855644,0.975,1.7992551177740097,0.0,436324,484468,48144,457424,457424,457424.0,0.21676750481128693,0.001,0.0554869658080861,-0.09372781810816377,0.0027914057500311173,0.0004566728762256389,3.989536762237549,0.4080149079511749,1e-06,2.9363505840301514,4.0,-3.0,0.95849609375,1.0,0.0,1.9778544902801514,3.0,-3.0,0.0,0.0,0.0,2.912281036376953,3.997190475463867,-3.062635660171509,-1.7914048910938618e-08,0.9995515942573547,6.716826915740967,-8.579800605773926,-1.7914048910938618e-08,6.716826915740967,-8.579800605773926,119.78125,1024.0,31.0,0.0009765625,773.625,2048.0,416.0,0.009765625,56.95921525498852,20.440293974999804,1.3353528449952137,77.8203407349938,195.76408419199288,0.000729822246425206,0.23219090486803956,0.011171415347139528,0.04253184175676932,13.067075200990075,26.04904345300747,0.00048828125,0.99951171875
haotian_3b_gd2po_hard_s2_save10,3b,gd2po_hard,2,81,,,,,446324,479801,33477,462789,462790,462789.25,0.21356309950351715,0.001,0.06326489400817081,0.03789486936875619,0.002818195120198652,0.00029308894221458104,3.7760430574417114,0.41725334044046947,1e-06,2.8801345825195312,4.0,-3.0,0.97265625,1.0,0.0,1.9074783325195312,3.0,-3.0,0.0,0.0,0.0,2.855910062789917,3.9965932369232178,-3.03810715675354,2.3666114401521554e-08,0.9999998211860657,5.670327663421631,-9.847539901733398,2.3666114401521554e-08,5.670327663421631,-9.847539901733398,120.89111328125,546.0,31.0,0.0,782.994140625,2048.0,413.0,0.005859375,50.79023081599735,21.073112352984026,1.3832545010081958,77.18255953898188,150.52991788601503,0.0007472378091151619,0.20514260078759758,0.011383752082067607,0.04169422665877712,,,0.0,1.0
haotian_3b_gd2po_hard_s2_save10,3b,gd2po_hard,2,82,,,,,441570,451141,9571,445656,445657,445656.75,0.22302228212356567,0.001,0.05627240743488073,-0.02770876296951125,0.0020856539932234833,0.0003459862082915303,4.40052193403244,0.4133199017812912,1e-06,2.918926477432251,4.0,-3.0,0.9609375,1.0,0.0,1.957988977432251,3.0,-3.0,0.0,0.0,0.0,2.8942251205444336,3.9964046478271484,-3.0588440895080566,3.080677712929969e-09,0.9988012909889221,4.9944257736206055,-8.65344524383545,3.080677712929969e-09,4.9944257736206055,-8.65344524383545,116.08740234375,480.0,38.0,0.0,754.3359375,2048.0,425.0,0.001953125,46.95909310298157,20.26263172799372,1.406285790988477,74.75305014598416,143.4831261280051,0.0007888839286000251,0.19751707951301833,0.011366725472010534,0.04193420729405768,,,0.00048828125,0.99951171875
haotian_3b_gd2po_hard_s2_save10,3b,gd2po_hard,2,83,,,,,446912,477330,30418,456879,456879,456879.0,0.1364683210849762,0.001,0.05246792657999322,-0.06840775033924729,0.002411181241768645,0.0003460750847352756,491.1648470759392,0.41413496466656863,1e-06,2.902313232421875,4.0,-3.0,0.966796875,1.0,0.0,1.9355164766311646,3.0,-3.0,0.0,0.0,0.0,2.9653854370117188,102.45542907714844,-3.0326335430145264,-2.407450772068387e-08,0.9994470477104187,6.972031593322754,-8.76722240447998,-2.407450772068387e-08,6.972031593322754,-8.76722240447998,113.888671875,1024.0,35.0,0.0009765625,778.453125,2048.0,426.0,0.005859375,48.35148712602677,21.41557166801067,1.3951996119867545,76.58880490099546,148.06816116999835,0.0007634404360819574,0.20730002540698483,0.011718404472524821,0.041908691853310975,,,0.0009765625,0.9990234375
haotian_3b_gd2po_hard_s2_save10,3b,gd2po_hard,2,84,,,,,424807,451262,26455,439266,439267,439266.75,0.23118124902248383,0.001,0.04179089895353235,0.006992125753734806,0.0028119069837226436,0.000606613691819928,5.177022933959961,0.41155252599752057,1e-06,2.9519975185394287,4.0,-2.0,0.98486328125,1.0,0.0,1.9671344757080078,3.0,-3.0,0.0,0.0,0.0,2.9276952743530273,3.994330644607544,-2.039875030517578,-9.58587875743433e-09,0.9999999403953552,5.509893894195557,-5.510236740112305,-9.58587875743433e-09,5.509893894195557,-5.510236740112305,111.92333984375,626.0,42.0,0.0,746.01953125,2048.0,414.0,0.001953125,46.80755045899423,19.74555719300406,1.3567772129899822,74.0245524320053,142.03938317697612,0.0007721829691127214,0.20420449639425278,0.011237794115423066,0.04212961283320744,,,0.0,1.0
haotian_3b_gd2po_hard_s2_save10,3b,gd2po_hard,2,85,,,,,439781,462293,22512,447604,447605,447604.25,0.22636719048023224,0.001,0.05476417181392511,0.0235360790664951,0.0026825511323598523,4.1993639554978776e-05,4.020291864871979,0.41322528910365436,1e-06,3.0455658435821533,4.0,-3.0,0.97607421875,1.0,0.0,2.0694916248321533,3.0,-3.0,0.0,0.0,0.0,3.0217032432556152,3.9960193634033203,-3.0602610111236572,2.1120070137214952e-09,1.0,5.847723960876465,-10.114045143127441,2.1120070137214952e-09,5.847723960876465,-10.114045143127441,112.88720703125,528.0,31.0,0.0,761.33984375,2048.0,413.0,0.009765625,46.95417065601214,20.276790412986884,1.4740647390135564,75.18583080498502,143.99201806701603,0.0008233080556169632,0.20309512249943615,0.01132517754969199,0.04199347459557467,,,0.0,1.0
haotian_3b_gd2po_hard_s2_save10,3b,gd2po_hard,2,86,,,,,443435,463607,20172,452096,452097,452096.5,0.18498262763023376,0.001,0.06290230403343837,-0.034897419872383276,0.003004462388344109,0.0001300674895295136,309.12327086925507,0.41723488183168583,1e-06,2.7655482292175293,4.0,-3.0,0.9609375,1.0,0.0,1.8046109676361084,3.0,-3.0,0.0,0.0,0.0,2.7912542819976807,107.89981079101562,-3.0437240600585938,-1.6542793801477274e-08,0.9967557787895203,5.074537754058838,-8.745301246643066,-1.6542793801477274e-08,5.074537754058838,-8.745301246643066,115.2978515625,1024.0,39.0,0.00048828125,767.703125,2034.0,399.0,0.0,43.27716574299848,20.434523029020056,1.4567912460188381,75.2310149820114,140.4973042269994,0.0008055753838056909,0.1832768633506902,0.011299867964593873,0.04160119298756538,,,0.00341796875,0.99658203125
haotian_3b_gd2po_hard_s2_save10,3b,gd2po_hard,2,87,,,,,445001,460874,15873,452831,452831,452831.0,0.23165223002433777,0.001,0.06206317023644524,-0.04454744423949911,0.002769303192654925,0.0006486417504117614,5.002320170402527,0.41147000649646626,1e-06,2.880934476852417,4.0,-3.0,0.96923828125,1.0,0.0,1.911696434020996,3.0,-3.0,0.0,0.0,0.0,2.856355667114258,4.001306056976318,-3.041734218597412,-1.990276921048917e-08,0.9999998807907104,5.743161678314209,-9.912638664245605,-1.990276921048917e-08,5.743161678314209,-9.912638664245605,112.3046875,674.0,38.0,0.0,772.130859375,2048.0,399.0,0.005859375,50.32808155400562,20.49824619400897,1.3861503439838998,76.424346565007,148.74507050702232,0.0007652691313005844,0.21881774588698097,0.011316719810486126,0.042192532404477054,,,0.0,1.0
haotian_3b_gd2po_hard_s2_save10,3b,gd2po_hard,2,88,,,,,421499,483056,61557,453452,453452,453452.0,0.22899377346038818,0.001,0.049877937462541364,0.05230397007037555,0.0034900621601170107,0.0015388466009396999,9.352764129638672,0.4134658437089156,1e-06,2.9366588592529297,4.0,-3.0,0.9658203125,1.0,0.0,1.9708386659622192,3.0,-3.0,0.0,0.0,0.0,2.9114627838134766,3.995560884475708,-3.057309865951538,-5.210983644587941e-09,0.9999999403953552,6.044527530670166,-10.474835395812988,-5.210983644587941e-09,6.044527530670166,-10.474835395812988,115.8125,475.0,42.0,0.0,769.8359375,2048.0,424.0,0.001953125,48.34547041301266,20.415849082986824,1.3884809850133024,76.13129307099734,146.38426785799675,0.0007655060430945846,0.20383107803651454,0.01125579393352925,0.04197318187536792,,,0.0,1.0
haotian_3b_gd2po_hard_s2_save10,3b,gd2po_hard,2,89,,,,,458916,464041,5125,460445,460445,460445.0,0.2327471822500229,0.001,0.05984150106087327,0.025732620299095288,0.002967271448142128,0.0006073415506762103,4.357959061861038,0.405370028250887,1e-06,2.9098148345947266,4.0,-3.0,0.96337890625,1.0,0.0,1.946435809135437,3.0,-3.0,0.0,0.0,0.0,2.8836617469787598,3.995271682739258,-3.075669288635254,-3.872973497465182e-09,0.9963909387588501,5.501121520996094,-9.485372543334961,-3.872973497465182e-09,5.501121520996094,-9.485372543334961,123.119140625,1024.0,39.0,0.00048828125,776.1875,2048.0,389.0,0.01171875,55.49546661801287,21.177328805002617,1.3365873529983219,78.8494034280011,156.96950903101242,0.0007257041302426576,0.22009084592387357,0.011498294478712234,0.04281152115236407,,,0.0029296875,0.9970703125
haotian_3b_gd2po_hard_s2_save10,3b,gd2po_hard,2,90,2.778697763197124,0.9875,1.7911977585405112,0.0,432218,452726,20508,443839,443839,443839.0,0.24114976823329926,0.001,0.04234211089025284,-0.003990870510561167,0.002429575109372622,0.00016319425575884766,4.454157292842865,0.41666813025074606,1e-06,2.907442092895508,4.0,-3.0,0.96142578125,1.0,0.0,1.9460161924362183,3.0,-3.0,0.0,0.0,0.0,2.8822784423828125,3.995396852493286,-3.0486488342285156,-2.1555006668450005e-09,0.9999998807907104,5.4863433837890625,-9.502891540527344,-2.1555006668450005e-09,5.4863433837890625,-9.502891540527344,110.609375,418.0,36.0,0.0,756.263671875,2048.0,393.0,0.001953125,50.44780631700996,20.798011566977948,1.3628065650118515,74.57941209099954,188.57374200000777,0.0007676243891432769,0.22270009145452202,0.011714840047279502,0.0420081448965726,13.67925647800439,27.60776296199765,0.0,1.0
haotian_3b_gd2po_hard_s2_save10,3b,gd2po_hard,2,91,,,,,435403,463472,28069,447548,447549,447548.5,0.1928166002035141,0.001,0.040065586753189567,0.05130746189970523,0.00935071874409914,-0.001970814424854931,6.934479653835297,0.4145650900901916,1e-06,3.0022754669189453,4.0,-3.0,0.9794921875,1.0,0.0,2.0227832794189453,3.0,-3.0,0.0,0.0,0.0,3.025139331817627,101.32044982910156,-3.0396361351013184,1.0191465449338466e-08,0.9999998211860657,5.778858184814453,-11.520343780517578,1.0191465449338466e-08,5.778858184814453,-11.520343780517578,116.9697265625,1024.0,36.0,0.00048828125,757.1484375,2048.0,402.0,0.001953125,47.55621047801105,20.320729047991335,1.3681005639955401,74.91783129397663,144.26506025000708,0.0007642191650712382,0.19851979294026004,0.011351132362186073,0.04184900144564032,,,0.0,1.0
haotian_3b_gd2po_hard_s2_save10,3b,gd2po_hard,2,92,,,,,434068,463802,29734,451157,451158,451157.75,0.1478419005870819,0.001,0.06151489943506256,0.012207953860202143,0.01334715296228927,0.10350554787932666,468.5517760515213,0.41145207005236945,1e-06,2.9411535263061523,4.0,-3.0,0.96630859375,1.0,0.0,1.9748449325561523,3.0,-3.0,0.0,0.0,0.0,3.0045807361602783,98.82373809814453,-3.0338363647460938,-1.2369953950042145e-08,1.0000001192092896,5.008976936340332,-9.89507007598877,-1.2369953950042145e-08,5.008976936340332,-9.89507007598877,115.64404296875,1024.0,42.0,0.0009765625,765.5234375,2048.0,407.0,0.009765625,45.76719253498595,20.393809172994224,1.7244644569873344,76.15749302998302,144.14067418201012,0.0009555773213401157,0.1932417909845336,0.011300819487748035,0.04220114418403708,,,0.0,1.0
haotian_3b_gd2po_hard_s2_save10,3b,gd2po_hard,2,93,,,,,443914,471457,27543,455999,456000,455999.5,0.2372872233390808,0.001,0.05182959295568928,-0.060366074227908205,0.0026529815964280597,0.000319032626594567,5.91219288110733,0.4134896889652319,1e-06,2.841162919998169,4.0,-3.0,0.96630859375,1.0,0.0,1.874854326248169,3.0,-3.0,0.0,0.0,0.0,2.8156368732452393,3.9973368644714355,-3.033113956451416,3.906333478909119e-09,0.9996929168701172,11.481973648071289,-11.479913711547852,3.906333478909119e-09,11.481973648071289,-11.479913711547852,114.4384765625,529.0,26.0,0.0,776.185546875,2048.0,418.0,0.01171875,46.63843478501076,21.00320077300421,1.3617978580005001,76.6592717290041,145.79606702900492,0.0007466005214920741,0.19899490030725245,0.011514925330512538,0.04202815558405443,,,0.00048828125,0.99951171875
haotian_3b_gd2po_hard_s2_save10,3b,gd2po_hard,2,94,,,,,427118,449947,22829,440256,440257,440256.25,0.19395875930786133,0.001,0.04762436719290141,-0.01466876127082726,0.0027102889966797725,0.00029680066353617366,93.97716689109802,0.40869077304097745,1e-06,3.021775722503662,4.0,-3.0,0.97119140625,1.0,0.0,2.050584316253662,3.0,-3.0,0.0,0.0,0.0,3.036832571029663,86.69319915771484,-3.052807092666626,5.570233607699038e-09,0.9991685748100281,9.358315467834473,-9.312461853027344,5.570233607699038e-09,9.358315467834473,-9.312461853027344,120.38134765625,1024.0,40.0,0.00048828125,739.494140625,2034.0,389.0,0.0,47.21388797299005,19.869152644008864,1.3725851000053808,74.70875918702222,143.2649482380075,0.0007794239718376404,0.1915052180894458,0.011282720372515362,0.0424234517891695,,,0.0009765625,0.9990234375
haotian_3b_gd2po_hard_s2_save10,3b,gd2po_hard,2,95,,,,,440576,470883,30307,450431,450432,450431.5,0.23871606588363647,0.001,0.0471336567774415,0.11102873257089717,0.002946529168790827,0.0003978726194569996,4.281964540481567,0.4120310375177733,1e-06,2.9443612098693848,4.0,-3.0,0.97119140625,1.0,0.0,1.9731698036193848,3.0,-3.0,0.0,0.0,0.0,2.9195261001586914,3.9955198764801025,-3.0135111808776855,3.4754104039080858e-09,0.9986158609390259,5.738377571105957,-11.474197387695312,3.4754104039080858e-09,5.738377571105957,-11.474197387695312,111.4775390625,1024.0,41.0,0.00048828125,768.271484375,2048.0,424.0,0.005859375,56.67628204601351,21.41103926501819,1.3165758979739621,75.87917431801907,155.38657465102733,0.000730730365202013,0.248247010792592,0.01188362673626189,0.042114713512498056,,,0.00146484375,0.99853515625
haotian_3b_gd2po_hard_s2_save10,3b,gd2po_hard,2,96,,,,,425170,502459,77289,461649,461650,461649.5,0.18681594729423523,0.001,0.04916685284866441,0.027813431896990346,0.003052308885080199,0.0004330903555514411,367.69422459602356,0.4112788061496096,1e-06,2.9632112979888916,4.0,-3.0,0.9580078125,1.0,0.0,2.0052034854888916,3.0,-3.0,0.0,0.0,0.0,2.993607521057129,114.7591323852539,-3.058835983276367,-7.857726913584884e-09,0.9999998807907104,10.310290336608887,-10.272276878356934,-7.857726913584884e-09,10.310290336608887,-10.272276878356934,113.7822265625,1024.0,46.0,0.00048828125,787.876953125,2048.0,399.0,0.005859375,45.927695554011734,20.90892188900034,1.3592348840029445,77.97831553698052,146.2640964150196,0.0007360751414238207,0.1970925800297466,0.011322941912100164,0.042228094873372826,,,0.0,1.0
haotian_3b_gd2po_hard_s2_save10,3b,gd2po_hard,2,97,,,,,423915,459781,35866,442254,442254,442254.0,0.18309561908245087,0.001,0.04593645247320334,-0.009569063223898411,0.002929103560745716,0.00032254867983283475,30.243573009967804,0.4092574223427993,1e-06,2.9673047065734863,4.0,-3.0,0.95751953125,1.0,0.0,2.0097851753234863,3.0,-3.0,0.0,0.0,0.0,2.996891736984253,113.6011734008789,-3.0609750747680664,-1.1357106366460812e-08,0.9991583824157715,4.551207542419434,-9.025237083435059,-1.1357106366460812e-08,4.551207542419434,-9.025237083435059,115.4609375,1024.0,44.0,0.00048828125,748.31640625,2048.0,393.0,0.001953125,49.01435460100765,20.728848465980263,1.350191221019486,74.98371050498099,146.17636809498072,0.0007632442109169652,0.20728040886142354,0.011717728084980726,0.042387242684622975,,,0.0009765625,0.9990234375
haotian_3b_gd2po_hard_s2_save10,3b,gd2po_hard,2,98,,,,,446769,458600,11831,453773,453773,453773.0,0.18850137293338776,0.001,0.048809963669027054,-0.06952253524814883,0.003259025814552461,0.00016194485314988396,10.230408549308777,0.41376091236461493,1e-06,2.895794153213501,4.0,-3.0,0.9765625,1.0,0.0,1.9192317724227905,3.0,-3.0,0.0,0.0,0.0,2.924999952316284,116.76643371582031,-3.040508508682251,2.0334207651018232e-09,0.9996626973152161,8.172669410705566,-10.327183723449707,2.0334207651018232e-09,8.172669410705566,-10.327183723449707,117.25,1024.0,40.0,0.00048828125,769.025390625,2048.0,402.0,0.001953125,50.19749673301703,20.96486039602314,1.340300171985291,76.16060673998436,148.76101332600228,0.0007384199654812488,0.20904474585644753,0.011550301800692825,0.04195963991906986,,,0.00048828125,0.99951171875
haotian_3b_gd2po_hard_s2_save10,3b,gd2po_hard,2,99,,,,,438943,476643,37700,451686,451687,451686.75,0.2475356012582779,0.001,0.045663625063995524,-0.053315243710918975,0.0028327468685650577,0.00021367677485007637,5.613816440105438,0.40601292797458094,1e-06,2.944425344467163,4.0,-3.0,0.97216796875,1.0,0.0,1.972257375717163,3.0,-3.0,0.0,0.0,0.0,2.917815923690796,3.9974780082702637,-3.0498805046081543,-5.277232872913373e-09,1.0000001192092896,5.098007678985596,-10.194775581359863,-5.277232872913373e-09,5.098007678985596,-10.194775581359863,112.94677734375,602.0,39.0,0.0,769.25390625,2048.0,389.0,0.005859375,58.55861181701766,20.410287386010168,1.9013369230087847,77.24894586499431,158.20758660999127,0.001052353718040647,0.25315527232136986,0.011296704732876361,0.04275581797838564,,,0.0,1.0
haotian_3b_gd2po_hard_s2_save10,3b,gd2po_hard,2,100,2.7718525249511003,0.9875,1.784352520480752,0.0,435266,448313,13047,441494,441495,441494.75,0.2427716851234436,0.001,0.039442353335947825,0.01484286909168265,0.0025642422822721557,0.000261863200147014,6.019212961196899,0.3696559469244116,1e-06,2.8989267349243164,4.0,-3.0,0.96435546875,1.0,0.0,1.9345712661743164,3.0,-3.0,0.0,0.0,0.0,2.8726673126220703,3.9977481365203857,-3.020876169204712,1.032259056010787e-09,1.0,5.911771297454834,-11.828783988952637,1.032259056010787e-09,5.911771297454834,-11.828783988952637,115.48388671875,1009.0,40.0,0.0,746.810546875,2048.0,418.0,0.001953125,57.80215754601522,20.65860223499476,1.4118138189951424,82.8162993619917,398.3729257809755,0.000799451080106356,0.24439521859877647,0.01169810186587426,0.04689540439721633,12.5204670719977,222.84163429800537,0.0,1.0
