model_size,method,seed,step,val_format,val_correctness,train_format,train_correctness,train_length,response_tokens,step_seconds,grad_norm,dara/pi_correctness,dara/w_correctness,dara/active_groups_correctness,dara/pi_format,dara/w_format,dara/active_groups_format
1.5B,grpo,0,0,0.025,-2.528125,,,,,,,,,,,,
1.5B,grpo,0,1,,,0.00634765625,-2.44360089302063,0.0,122.1689453125,105.02785919699818,111.03866457939148,,,,,,
1.5B,grpo,0,2,,,0.00634765625,-2.461885690689087,0.0,122.3037109375,98.37567493604729,59.21119850873947,,,,,,
1.5B,grpo,0,3,,,0.0107421875,-2.3316051959991455,0.0,119.0078125,95.93143079901347,113.07430690526962,,,,,,
1.5B,grpo,0,4,,,0.0087890625,-2.214463233947754,0.0,115.7001953125,90.36372613103595,82.57518285512924,,,,,,
1.5B,grpo,0,5,,,0.00634765625,-2.1982433795928955,0.0,118.99169921875,92.2743727969937,159.47754287719727,,,,,,
1.5B,grpo,0,6,,,0.0126953125,-1.9746620655059814,0.0,118.96044921875,90.17754461197183,71.20470714569092,,,,,,
1.5B,grpo,0,7,,,0.01806640625,-1.7667220830917358,0.0,113.10693359375,93.20523907698225,130.872132062912,,,,,,
1.5B,grpo,0,8,,,0.0166015625,-1.3534560203552246,0.0,118.64453125,92.71002075501019,91.84695255756378,,,,,,
1.5B,grpo,0,9,,,0.01171875,-0.9285963773727417,0.0,111.29150390625,91.61368989897892,28.052879333496094,,,,,,
1.5B,grpo,0,10,0.05,0.6619584575295449,0.01708984375,-0.249062180519104,0.0,101.77685546875,107.497426936985,287.86614060401917,,,,,,
1.5B,grpo,0,11,,,0.01220703125,-0.34146979451179504,0.0,102.703125,87.79057847399963,66.30644363164902,,,,,,
1.5B,grpo,0,12,,,0.01953125,0.2709668278694153,0.0,96.0693359375,89.15103957697283,65.40484488010406,,,,,,
1.5B,grpo,0,13,,,0.0146484375,0.6627781391143799,0.0,96.4912109375,91.51799909200054,17.927549183368683,,,,,,
1.5B,grpo,0,14,,,0.00634765625,0.935778021812439,0.0,92.78466796875,91.01592509797774,75.229028403759,,,,,,
1.5B,grpo,0,15,,,0.01025390625,0.9795917868614197,0.0,90.48095703125,87.39558916998794,97.20107072591782,,,,,,
1.5B,grpo,0,16,,,0.00634765625,1.129646897315979,0.0,83.54638671875,86.5420834950055,2.7467041611671448,,,,,,
1.5B,grpo,0,17,,,0.0126953125,1.2693748474121094,0.0,81.14111328125,87.23599905095762,179.34420156478882,,,,,,
1.5B,grpo,0,18,,,0.01220703125,1.1209371089935303,0.0,95.236328125,90.79818245704519,97.06900006532669,,,,,,
1.5B,grpo,0,19,,,0.01123046875,1.3379243612289429,0.0,84.39453125,89.17542238300666,21.00947082042694,,,,,,
1.5B,grpo,0,20,0.025,1.5497560741379857,0.01416015625,1.1937546730041504,0.0,86.8154296875,99.1681168290088,3.02681964635849,,,,,,
1.5B,grpo,0,21,,,0.0166015625,1.4242093563079834,0.0,96.294921875,90.4787215879769,45.1428524851799,,,,,,
1.5B,grpo,0,22,,,0.017578125,1.4244325160980225,0.0,93.1103515625,89.63265591399977,104.22873049974442,,,,,,
1.5B,grpo,0,23,,,0.01806640625,1.3780055046081543,0.0,83.03076171875,85.74173379899003,68.59492409229279,,,,,,
1.5B,grpo,0,24,,,0.02392578125,1.4422011375427246,0.0,81.9267578125,87.8601160539547,150.59393203258514,,,,,,
1.5B,grpo,0,25,,,0.03759765625,1.4538146257400513,0.0,87.650390625,90.47512475401163,87.46113467216492,,,,,,
1.5B,grpo,0,26,,,0.0361328125,1.481579065322876,0.0,87.17578125,87.05580640002154,8.454944968223572,,,,,,
1.5B,grpo,0,27,,,0.0498046875,1.3606233596801758,0.0,92.880859375,91.71520797698759,57.58502012491226,,,,,,
1.5B,grpo,0,28,,,0.06689453125,1.449334979057312,0.0,80.77197265625,85.75906177499564,82.94592034816742,,,,,,
1.5B,grpo,0,29,,,0.07177734375,1.467756986618042,0.0,82.95703125,85.15316895901924,15.754327476024628,,,,,,
1.5B,grpo,0,30,0.15,1.5574941713362933,0.09375,1.4683696031570435,0.0,80.14208984375,92.06692558102077,104.84646332263947,,,,,,
1.5B,grpo,0,31,,,0.16064453125,1.5228720903396606,0.0,83.32763671875,86.83885502204066,2.8889063596725464,,,,,,
1.5B,grpo,0,32,,,0.22900390625,1.2963192462921143,0.0,87.9150390625,88.6235645430279,15.808649897575378,,,,,,
1.5B,grpo,0,33,,,0.27978515625,1.4326062202453613,0.0,89.154296875,90.40556290297536,103.48739230632782,,,,,,
1.5B,grpo,0,34,,,0.44140625,1.4886231422424316,0.0,93.24560546875,92.89052194496617,25.084976851940155,,,,,,
1.5B,grpo,0,35,,,0.63330078125,1.257665753364563,0.0,106.84765625,92.33944722701563,5.2377012968063354,,,,,,
1.5B,grpo,0,36,,,0.77001953125,1.5263710021972656,0.0,104.3330078125,90.75561879499583,16.77950543165207,,,,,,
1.5B,grpo,0,37,,,0.80078125,1.412651777267456,0.0,113.50390625,92.95710484095616,54.24376654624939,,,,,,
1.5B,grpo,0,38,,,0.81494140625,1.41933012008667,0.0,113.31201171875,89.46320720604854,16.326734244823456,,,,,,
1.5B,grpo,0,39,,,0.82177734375,1.3596564531326294,0.0,112.4375,91.52105953497812,7.4631723165512085,,,,,,
1.5B,grpo,0,40,0.925,1.5974143555387854,0.8564453125,1.460148811340332,0.0,108.31103515625,92.4948743180139,57.81724685430527,,,,,,
1.5B,grpo,0,41,,,0.859375,1.4768799543380737,0.0,108.21142578125,90.87772734300233,86.28993558883667,,,,,,
1.5B,grpo,0,42,,,0.85791015625,1.4249895811080933,0.0,109.41064453125,89.46292476804228,2.1840538680553436,,,,,,
1.5B,grpo,0,43,,,0.86328125,1.5976858139038086,0.0,109.51025390625,91.48084563901648,69.43516719341278,,,,,,
1.5B,grpo,0,44,,,0.85302734375,1.5054031610488892,0.0,107.12255859375,91.07347909605596,24.785269618034363,,,,,,
1.5B,grpo,0,45,,,0.86083984375,1.4644696712493896,0.0,111.232421875,91.83556873700581,2.1607913970947266,,,,,,
1.5B,grpo,0,46,,,0.88037109375,1.519919991493225,0.0,110.0732421875,90.07312544202432,1.996802657842636,,,,,,
1.5B,grpo,0,47,,,0.89306640625,1.5564290285110474,0.0,109.19775390625,90.98782093898626,21.677876234054565,,,,,,
1.5B,grpo,0,48,,,0.8330078125,1.4323253631591797,0.0,110.0595703125,90.7200070520048,48.6391207575798,,,,,,
1.5B,grpo,0,49,,,0.8525390625,1.6275120973587036,0.0,106.72802734375,89.7581866629771,80.54003039002419,,,,,,
1.5B,grpo,0,50,0.925,1.629289354942739,0.88427734375,1.5246925354003906,0.0,109.47607421875,96.94991531100823,52.4334317445755,,,,,,
1.5B,grpo,0,51,,,0.86962890625,1.5851768255233765,0.0,109.7568359375,92.54562738101231,30.71489906311035,,,,,,
1.5B,grpo,0,52,,,0.88232421875,1.5792603492736816,0.0,106.48974609375,90.17995264905039,22.388962030410767,,,,,,
1.5B,grpo,0,53,,,0.88720703125,1.6238136291503906,0.0,110.662109375,91.37053620099323,6.9126405119895935,,,,,,
1.5B,grpo,0,54,,,0.876953125,1.661262035369873,0.0,108.537109375,91.74752096697921,54.41171061992645,,,,,,
1.5B,grpo,0,55,,,0.8408203125,1.5536959171295166,0.0,114.12451171875,93.1606196030043,21.346621364355087,,,,,,
1.5B,grpo,0,56,,,0.8623046875,1.5668878555297852,0.0,114.490234375,91.39108585997019,32.204490423202515,,,,,,
1.5B,grpo,0,57,,,0.87451171875,1.5251343250274658,0.0,113.09130859375,93.5056154729682,18.134721517562866,,,,,,
1.5B,grpo,0,58,,,0.86572265625,1.5979714393615723,0.0,113.736328125,91.05503552401206,34.128351628780365,,,,,,
1.5B,grpo,0,59,,,0.88671875,1.7181035280227661,0.0,110.00537109375,92.29366362001747,1.9733663499355316,,,,,,
1.5B,grpo,0,60,0.925,1.592916558496654,0.857421875,1.5246409177780151,0.0,108.87646484375,98.76085968699772,3.1829704642295837,,,,,,
1.5B,grpo,0,61,,,0.87451171875,1.7399652004241943,0.0,110.67138671875,90.6475932180183,116.9598488509655,,,,,,
1.5B,grpo,0,62,,,0.857421875,1.5155847072601318,0.0,111.0849609375,93.37942864198703,9.7924143075943,,,,,,
1.5B,grpo,0,63,,,0.8837890625,1.7154473066329956,0.0,110.17236328125,90.7107252930291,22.42084774374962,,,,,,
1.5B,grpo,0,64,,,0.86572265625,1.5658382177352905,0.0,111.8671875,91.39823572995374,23.26207035779953,,,,,,
1.5B,grpo,0,65,,,0.896484375,1.7576484680175781,0.0,108.10791015625,90.16983483900549,2.783155620098114,,,,,,
1.5B,grpo,0,66,,,0.884765625,1.6415660381317139,0.0,107.2060546875,88.25404626003001,9.96688848733902,,,,,,
1.5B,grpo,0,67,,,0.865234375,1.610581874847412,0.0,111.32421875,91.30755273299292,52.66787075996399,,,,,,
1.5B,grpo,0,68,,,0.873046875,1.5460094213485718,0.0,109.5087890625,91.79886483598966,7.778970658779144,,,,,,
1.5B,grpo,0,69,,,0.8642578125,1.6175254583358765,0.0,103.35498046875,90.05402451602276,24.51202329993248,,,,,,
1.5B,grpo,0,70,0.925,1.6099701343104242,0.89111328125,1.727769136428833,0.0,108.7646484375,95.03620099404361,29.35283625125885,,,,,,
1.5B,grpo,0,71,,,0.8779296875,1.7113827466964722,0.0,111.2880859375,88.83100833499338,8.279254257678986,,,,,,
1.5B,grpo,0,72,,,0.8662109375,1.5946199893951416,0.0,111.34619140625,91.68912534299307,47.99488788843155,,,,,,
1.5B,grpo,0,73,,,0.89599609375,1.677419662475586,0.0,112.3076171875,91.36374733800767,23.826826691627502,,,,,,
1.5B,grpo,0,74,,,0.845703125,1.6125097274780273,0.0,109.56005859375,92.95013730600476,38.762080669403076,,,,,,
1.5B,grpo,0,75,,,0.86328125,1.6910258531570435,0.0,109.17041015625,90.02634444698924,35.47897970676422,,,,,,
1.5B,grpo,0,76,,,0.88427734375,1.6682910919189453,0.0,111.07373046875,91.69050870096544,25.654096633195877,,,,,,
1.5B,grpo,0,77,,,0.888671875,1.7726091146469116,0.0,112.720703125,92.63204563298495,26.094030499458313,,,,,,
1.5B,grpo,0,78,,,0.91259765625,1.762520670890808,0.0,107.47705078125,85.32980787596898,12.276377201080322,,,,,,
1.5B,grpo,0,79,,,0.88916015625,1.7965518236160278,0.0,112.35791015625,93.55202032899251,16.169873297214508,,,,,,
1.5B,grpo,0,80,0.925,1.658545308932662,0.88623046875,1.6867876052856445,0.0,113.85986328125,97.60473677399568,21.667008936405182,,,,,,
1.5B,grpo,0,81,,,0.87109375,1.6227301359176636,0.0,109.4658203125,90.40095588599797,2.304899424314499,,,,,,
1.5B,grpo,0,82,,,0.85302734375,1.6862353086471558,0.0,109.1630859375,89.46440453402465,22.264569103717804,,,,,,
1.5B,grpo,0,83,,,0.87890625,1.5400803089141846,0.0,104.29345703125,89.70386793400394,22.97530835866928,,,,,,
1.5B,grpo,0,84,,,0.8818359375,1.6788523197174072,0.0,109.56982421875,91.29339602100663,23.1299087703228,,,,,,
1.5B,grpo,0,85,,,0.884765625,1.6578623056411743,0.0,107.1103515625,90.57542441302212,20.570653975009918,,,,,,
1.5B,grpo,0,86,,,0.87646484375,1.702337384223938,0.0,110.93310546875,92.76012627402088,24.997013568878174,,,,,,
1.5B,grpo,0,87,,,0.89013671875,1.744386076927185,0.0,108.52197265625,92.21048585302196,2.1348298490047455,,,,,,
1.5B,grpo,0,88,,,0.87451171875,1.7293596267700195,0.0,104.775390625,83.68559727002867,2.063458949327469,,,,,,
1.5B,grpo,0,89,,,0.896484375,1.645188331604004,0.0,111.70263671875,89.45485529495636,22.144249379634857,,,,,,
1.5B,grpo,0,90,0.9375,1.7350837713107468,0.89453125,1.6707614660263062,0.0,108.02392578125,98.15033520403085,2.041808098554611,,,,,,
1.5B,grpo,0,91,,,0.8857421875,1.7370845079421997,0.0,107.63818359375,88.01992777601117,14.825404435396194,,,,,,
1.5B,grpo,0,92,,,0.88037109375,1.6464377641677856,0.0,104.76904296875,92.34352282702457,2.348396956920624,,,,,,
1.5B,grpo,0,93,,,0.900390625,1.7069382667541504,0.0,108.173828125,93.35269766603597,9.195408880710602,,,,,,
1.5B,grpo,0,94,,,0.90234375,1.7594542503356934,0.0,108.77294921875,93.51800623495365,2.1331624686717987,,,,,,
1.5B,grpo,0,95,,,0.89306640625,1.7664483785629272,0.0,107.0263671875,91.32378061598865,14.55566257238388,,,,,,
1.5B,grpo,0,96,,,0.9140625,1.748260498046875,0.0,110.4267578125,89.9343985360465,20.48000431060791,,,,,,
1.5B,grpo,0,97,,,0.92333984375,1.7307217121124268,0.0,112.064453125,89.10715015698224,51.09288728237152,,,,,,
1.5B,grpo,0,98,,,0.90625,1.6523810625076294,0.0,111.64208984375,90.7774638410192,15.612509429454803,,,,,,
1.5B,grpo,0,99,,,0.904296875,1.7455540895462036,0.0,108.69091796875,83.14574612496654,26.487914085388184,,,,,,
1.5B,grpo,0,100,0.9625,1.7240123411640524,0.91162109375,1.6729987859725952,0.0,110.14794921875,114.66869898099685,9.577005207538605,,,,,,
1.5B,grpo,1,0,0.025,-2.54375,,,,,,,,,,,,
1.5B,grpo,1,1,,,0.001953125,-2.450601100921631,0.0,120.4599609375,94.37588986899937,112.81656384468079,,,,,,
1.5B,grpo,1,2,,,0.0107421875,-2.4840216636657715,0.0,125.53466796875,95.36511829000665,52.69633036851883,,,,,,
1.5B,grpo,1,3,,,0.00830078125,-2.3771796226501465,0.0,116.57177734375,88.32379590498749,2781.5255250930786,,,,,,
1.5B,grpo,1,4,,,0.0068359375,-2.2143516540527344,0.0,115.90380859375,90.4205155269592,57.52639603614807,,,,,,
1.5B,grpo,1,5,,,0.0078125,-2.321920156478882,0.0,113.3359375,86.58928182697855,62.771488189697266,,,,,,
1.5B,grpo,1,6,,,0.01220703125,-2.0597753524780273,0.0,116.16845703125,89.70571954996558,43.95458722114563,,,,,,
1.5B,grpo,1,7,,,0.0126953125,-1.851767659187317,0.0,117.25927734375,88.15377596195322,35.23786836862564,,,,,,
1.5B,grpo,1,8,,,0.0126953125,-1.5094432830810547,0.0,111.98046875,90.34850234299665,301.55383735895157,,,,,,
1.5B,grpo,1,9,,,0.01904296875,-0.9691377878189087,0.0,109.365234375,87.28310144599527,4.287100553512573,,,,,,
1.5B,grpo,1,10,0.075,0.9498453631997108,0.01708984375,-0.38142919540405273,0.0,99.64599609375,101.70176615100354,60.32142400741577,,,,,,
1.5B,grpo,1,11,,,0.0224609375,-0.11210333555936813,0.0,98.33642578125,84.4978139459854,43.25858235359192,,,,,,
1.5B,grpo,1,12,,,0.01953125,0.4340704381465912,0.0,95.79736328125,86.2145060870098,79.55963671207428,,,,,,
1.5B,grpo,1,13,,,0.0078125,0.7922110557556152,0.0,92.5341796875,85.02818367799046,29.93727207183838,,,,,,
1.5B,grpo,1,14,,,0.00439453125,0.9220926761627197,0.0,90.8818359375,89.22194662003312,3.4732733368873596,,,,,,
1.5B,grpo,1,15,,,0.00927734375,1.126453161239624,0.0,90.85986328125,85.19661102397367,35.873370945453644,,,,,,
1.5B,grpo,1,16,,,0.00537109375,1.1263344287872314,0.0,87.60107421875,86.00850733998232,6.394395649433136,,,,,,
1.5B,grpo,1,17,,,0.01123046875,1.3049194812774658,0.0,82.59326171875,84.75561288301833,171.36064338684082,,,,,,
1.5B,grpo,1,18,,,0.00927734375,1.1616833209991455,0.0,94.21875,88.91842343797907,115.51800733804703,,,,,,
1.5B,grpo,1,19,,,0.0107421875,1.2755404710769653,0.0,82.97216796875,81.52216583298286,14.980111062526703,,,,,,
1.5B,grpo,1,20,0.05,1.5716013150289654,0.005859375,1.4529668092727661,0.0,86.44677734375,89.60767296899576,16.631671726703644,,,,,,
1.5B,grpo,1,21,,,0.00732421875,1.3356218338012695,0.0,85.6298828125,83.10178508103127,22.132441580295563,,,,,,
1.5B,grpo,1,22,,,0.009765625,1.4453706741333008,0.0,87.794921875,85.28504419903038,74.52718389034271,,,,,,
1.5B,grpo,1,23,,,0.009765625,1.3779832124710083,0.0,88.279296875,85.30589709902415,37.29493659734726,,,,,,
1.5B,grpo,1,24,,,0.01171875,1.3505066633224487,0.0,88.73291015625,86.61611177603481,117.29195326566696,,,,,,
1.5B,grpo,1,25,,,0.0107421875,1.4694201946258545,0.0,79.4189453125,82.38793243299006,63.47202318906784,,,,,,
1.5B,grpo,1,26,,,0.01171875,1.5368911027908325,0.0,79.2158203125,83.41664312005742,2.517762005329132,,,,,,
1.5B,grpo,1,27,,,0.03125,1.3899948596954346,0.0,80.82470703125,85.38806875498267,24.47182261943817,,,,,,
1.5B,grpo,1,28,,,0.02490234375,1.3001536130905151,0.0,88.19091796875,88.1824903949746,24.332573652267456,,,,,,
1.5B,grpo,1,29,,,0.02783203125,1.526949405670166,0.0,80.38232421875,84.8628224649583,31.37663584947586,,,,,,
1.5B,grpo,1,30,0.0625,1.602863491512835,0.03515625,1.4128696918487549,0.0,84.380859375,93.89669669402065,12.000742435455322,,,,,,
1.5B,grpo,1,31,,,0.0498046875,1.5442719459533691,0.0,80.54931640625,80.24463237903547,49.76302886009216,,,,,,
1.5B,grpo,1,32,,,0.0458984375,1.47199285030365,0.0,81.93994140625,88.0192876990186,2.5340821743011475,,,,,,
1.5B,grpo,1,33,,,0.05859375,1.504929780960083,0.0,86.69970703125,84.23983905697241,102.95910787582397,,,,,,
1.5B,grpo,1,34,,,0.0791015625,1.4853582382202148,0.0,90.15087890625,86.79411568900105,2.769550383090973,,,,,,
1.5B,grpo,1,35,,,0.11572265625,1.4814822673797607,0.0,88.50634765625,85.52732075395761,24.67536163330078,,,,,,
1.5B,grpo,1,36,,,0.1484375,1.5163390636444092,0.0,89.05859375,86.03050284204073,43.54558223485947,,,,,,
1.5B,grpo,1,37,,,0.2568359375,1.4016040563583374,0.0,95.55078125,86.28857262898237,3.5753530263900757,,,,,,
1.5B,grpo,1,38,,,0.302734375,1.5199443101882935,0.0,92.5458984375,90.3410372879589,51.07934296131134,,,,,,
1.5B,grpo,1,39,,,0.4384765625,1.3293554782867432,0.0,103.13623046875,89.55847960500978,3.042899191379547,,,,,,
1.5B,grpo,1,40,0.8375,1.5280356075614692,0.5810546875,1.5049943923950195,0.0,104.57958984375,97.17701236903667,31.809042274951935,,,,,,
1.5B,grpo,1,41,,,0.70751953125,1.5436267852783203,0.0,100.92578125,86.3347766000079,19.588626444339752,,,,,,
1.5B,grpo,1,42,,,0.77392578125,1.367955207824707,0.0,109.91259765625,91.49289604101796,55.94032746553421,,,,,,
1.5B,grpo,1,43,,,0.80712890625,1.3834947347640991,0.0,114.31884765625,89.03426405403297,43.77565282583237,,,,,,
1.5B,grpo,1,44,,,0.81494140625,1.403090000152588,0.0,111.06005859375,89.33292894996703,18.349182903766632,,,,,,
1.5B,grpo,1,45,,,0.82568359375,1.4598461389541626,0.0,109.54150390625,88.68788576102816,51.743350356817245,,,,,,
1.5B,grpo,1,46,,,0.84912109375,1.5446691513061523,0.0,108.66748046875,89.57415039802436,47.98609808087349,,,,,,
1.5B,grpo,1,47,,,0.86279296875,1.5151575803756714,0.0,111.71337890625,89.50112546200398,4.2999754548072815,,,,,,
1.5B,grpo,1,48,,,0.85888671875,1.527480959892273,0.0,104.34814453125,89.07962144498015,24.937402844429016,,,,,,
1.5B,grpo,1,49,,,0.85693359375,1.5183333158493042,0.0,114.57275390625,91.04519191099098,33.95491546392441,,,,,,
1.5B,grpo,1,50,0.9125,1.631318576261401,0.8623046875,1.6004348993301392,0.0,109.57275390625,95.46621852600947,21.817470282316208,,,,,,
1.5B,grpo,1,51,,,0.8740234375,1.611980676651001,0.0,110.3505859375,88.99958274600795,24.779621690511703,,,,,,
1.5B,grpo,1,52,,,0.869140625,1.5505166053771973,0.0,108.77001953125,89.50335182796698,28.17319756746292,,,,,,
1.5B,grpo,1,53,,,0.85302734375,1.5507009029388428,0.0,109.7763671875,87.71377230202779,2.154510408639908,,,,,,
1.5B,grpo,1,54,,,0.86328125,1.5257329940795898,0.0,113.291015625,88.65950871404493,22.086652636528015,,,,,,
1.5B,grpo,1,55,,,0.85888671875,1.6085790395736694,0.0,108.69091796875,90.7119209850207,2.277325689792633,,,,,,
1.5B,grpo,1,56,,,0.869140625,1.6191082000732422,0.0,110.5625,90.20293047500309,46.944894671440125,,,,,,
1.5B,grpo,1,57,,,0.853515625,1.493183970451355,0.0,105.955078125,88.88235201104544,2.3458182215690613,,,,,,
1.5B,grpo,1,58,,,0.87451171875,1.6896783113479614,0.0,108.19775390625,87.26960662502097,15.32557600736618,,,,,,
1.5B,grpo,1,59,,,0.84765625,1.6104553937911987,0.0,108.37646484375,88.14066289004404,9.623031556606293,,,,,,
1.5B,grpo,1,60,0.9125,1.7157818220555783,0.87841796875,1.7007546424865723,0.0,109.87158203125,104.41454257402802,17.14996725320816,,,,,,
1.5B,grpo,1,61,,,0.89990234375,1.6202962398529053,0.0,109.61279296875,89.25900998094585,2.6274916529655457,,,,,,
1.5B,grpo,1,62,,,0.86083984375,1.5923519134521484,0.0,110.0302734375,86.8630534139811,42.65340647101402,,,,,,
1.5B,grpo,1,63,,,0.86328125,1.5112800598144531,0.0,109.51953125,88.51055120001547,29.296549558639526,,,,,,
1.5B,grpo,1,64,,,0.8447265625,1.5404329299926758,0.0,109.2333984375,90.5327285240055,16.852401614189148,,,,,,
1.5B,grpo,1,65,,,0.87255859375,1.4917950630187988,0.0,114.20361328125,90.48228333698353,26.95405125617981,,,,,,
1.5B,grpo,1,66,,,0.8603515625,1.7193588018417358,0.0,104.7607421875,87.21735827997327,28.991043388843536,,,,,,
1.5B,grpo,1,67,,,0.8984375,1.7081810235977173,0.0,106.51123046875,86.81241905898787,7.842899203300476,,,,,,
1.5B,grpo,1,68,,,0.8916015625,1.7369811534881592,0.0,106.0693359375,87.8685306099942,39.394386142492294,,,,,,
1.5B,grpo,1,69,,,0.8623046875,1.5550223588943481,0.0,115.3759765625,91.63242677500239,42.202937096357346,,,,,,
1.5B,grpo,1,70,0.925,1.7161633156239986,0.8837890625,1.7020272016525269,0.0,108.55126953125,94.84310047701001,16.58966827392578,,,,,,
1.5B,grpo,1,71,,,0.869140625,1.6771141290664673,0.0,112.12939453125,88.34055820602225,90.34325540065765,,,,,,
1.5B,grpo,1,72,,,0.904296875,1.774550437927246,0.0,105.3837890625,86.21201537700836,31.545071482658386,,,,,,
1.5B,grpo,1,73,,,0.86083984375,1.6491847038269043,0.0,107.80712890625,89.31451173004461,36.46460956335068,,,,,,
1.5B,grpo,1,74,,,0.8779296875,1.6202828884124756,0.0,112.9228515625,92.17589698499069,48.12105643749237,,,,,,
1.5B,grpo,1,75,,,0.8720703125,1.5933340787887573,0.0,107.71826171875,86.08101632096805,23.23240602016449,,,,,,
1.5B,grpo,1,76,,,0.89111328125,1.6822831630706787,0.0,110.626953125,88.88959003600758,26.961255133152008,,,,,,
1.5B,grpo,1,77,,,0.8837890625,1.7337417602539062,0.0,109.38818359375,88.53626829595305,16.0389606654644,,,,,,
1.5B,grpo,1,78,,,0.88818359375,1.7542439699172974,0.0,107.49560546875,88.60772735899081,15.74775618314743,,,,,,
1.5B,grpo,1,79,,,0.88623046875,1.6783580780029297,0.0,111.33740234375,91.2040810000035,37.27331471443176,,,,,,
1.5B,grpo,1,80,0.9375,1.748663317412138,0.8623046875,1.5696498155593872,0.0,110.623046875,96.22280720400158,24.133099734783173,,,,,,
1.5B,grpo,1,81,,,0.9033203125,1.7512317895889282,0.0,106.2822265625,88.01693928800523,55.19284290075302,,,,,,
1.5B,grpo,1,82,,,0.8974609375,1.689599871635437,0.0,107.361328125,88.68031801201869,21.682467699050903,,,,,,
1.5B,grpo,1,83,,,0.8857421875,1.6360082626342773,0.0,110.529296875,88.07643469900358,22.320323079824448,,,,,,
1.5B,grpo,1,84,,,0.88134765625,1.7145092487335205,0.0,109.6689453125,88.59416631201748,35.1253576874733,,,,,,
1.5B,grpo,1,85,,,0.88623046875,1.704385757446289,0.0,109.0263671875,88.78233610099414,2.0971145033836365,,,,,,
1.5B,grpo,1,86,,,0.88330078125,1.7155994176864624,0.0,106.80078125,85.3153745449963,35.689462780952454,,,,,,
1.5B,grpo,1,87,,,0.892578125,1.691447138786316,0.0,106.64501953125,85.93017534603132,17.497130870819092,,,,,,
1.5B,grpo,1,88,,,0.8876953125,1.7756115198135376,0.0,111.95703125,90.92877701000543,23.982824623584747,,,,,,
1.5B,grpo,1,89,,,0.89208984375,1.713895320892334,0.0,107.302734375,88.46769934002077,17.830510675907135,,,,,,
1.5B,grpo,1,90,0.9375,1.6880383156239986,0.89892578125,1.6401863098144531,0.0,110.75537109375,95.95237517700298,23.277831077575684,,,,,,
1.5B,grpo,1,91,,,0.89892578125,1.730454683303833,0.0,104.56640625,86.59272116201464,12.997666776180267,,,,,,
1.5B,grpo,1,92,,,0.88818359375,1.7946335077285767,0.0,102.11962890625,82.29949866200332,7.522867262363434,,,,,,
1.5B,grpo,1,93,,,0.89208984375,1.692763090133667,0.0,108.240234375,90.61921646096744,15.980820119380951,,,,,,
1.5B,grpo,1,94,,,0.89990234375,1.722899317741394,0.0,103.314453125,87.14714029704919,2.121657431125641,,,,,,
1.5B,grpo,1,95,,,0.88916015625,1.6675527095794678,0.0,104.04150390625,88.19456916605122,24.62988317012787,,,,,,
1.5B,grpo,1,96,,,0.89208984375,1.6259113550186157,0.0,112.470703125,90.19262873899424,23.954867750406265,,,,,,
1.5B,grpo,1,97,,,0.91259765625,1.7221888303756714,0.0,105.39599609375,86.35422878398094,24.60368514060974,,,,,,
1.5B,grpo,1,98,,,0.9111328125,1.6644436120986938,0.0,108.70751953125,90.75725171202794,2.3070567846298218,,,,,,
1.5B,grpo,1,99,,,0.89599609375,1.6741584539413452,0.0,110.859375,90.13274934602669,14.164911150932312,,,,,,
1.5B,grpo,1,100,0.975,1.7413418866693973,0.92236328125,1.8049945831298828,0.0,104.3603515625,108.50937621603953,40.433643221855164,,,,,,
1.5B,grpo,2,0,0.025,-2.54375,,,,,,,,,,,,
1.5B,grpo,2,1,,,0.0048828125,-2.440371036529541,0.0,123.24072265625,94.70531092002057,109.81326794624329,,,,,,
1.5B,grpo,2,2,,,0.00537109375,-2.410172462463379,0.0,115.240234375,96.62338900699979,61.99465352296829,,,,,,
1.5B,grpo,2,3,,,0.00830078125,-2.338743209838867,0.0,115.27587890625,91.29823621601099,217.13721072673798,,,,,,
1.5B,grpo,2,4,,,0.01171875,-2.247323989868164,0.0,111.35595703125,89.78340398101136,28.21041190624237,,,,,,
1.5B,grpo,2,5,,,0.0107421875,-2.1439366340637207,0.0,125.8173828125,93.87332880601753,149.96840500831604,,,,,,
1.5B,grpo,2,6,,,0.01025390625,-2.1901206970214844,0.0,119.6650390625,92.22277539101196,25.728406310081482,,,,,,
1.5B,grpo,2,7,,,0.01318359375,-1.8209164142608643,0.0,113.8916015625,88.70850351802073,40.961437344551086,,,,,,
1.5B,grpo,2,8,,,0.01318359375,-1.1671276092529297,0.0,104.0302734375,91.50431892799679,4.428834617137909,,,,,,
1.5B,grpo,2,9,,,0.017578125,-0.9260280728340149,0.0,106.37255859375,91.47904276195914,90.62930274009705,,,,,,
1.5B,grpo,2,10,0.0875,1.0185953637585043,0.0244140625,-0.4860149323940277,0.0,100.32177734375,106.75433884200174,74.70210784673691,,,,,,
1.5B,grpo,2,11,,,0.02734375,-0.13659575581550598,0.0,98.51171875,88.57392513903324,287.5220482945442,,,,,,
1.5B,grpo,2,12,,,0.03173828125,0.14284063875675201,0.0,95.54638671875,88.54880660999333,1240.620283484459,,,,,,
1.5B,grpo,2,13,,,0.0302734375,0.664707601070404,0.0,89.60498046875,86.85541402397212,88.88881814479828,,,,,,
1.5B,grpo,2,14,,,0.02685546875,0.878995418548584,0.0,98.77978515625,88.5241599919973,2.8932886123657227,,,,,,
1.5B,grpo,2,15,,,0.01953125,1.024109125137329,0.0,92.150390625,87.52489631803473,34.381392776966095,,,,,,
1.5B,grpo,2,16,,,0.02490234375,1.1119930744171143,0.0,91.23583984375,89.03567057201872,114.28553241491318,,,,,,
1.5B,grpo,2,17,,,0.02392578125,1.2485790252685547,0.0,83.955078125,86.85854890104383,62.89686566591263,,,,,,
1.5B,grpo,2,18,,,0.0224609375,1.198230504989624,0.0,88.427734375,89.91879488201812,46.88854897022247,,,,,,
1.5B,grpo,2,19,,,0.02734375,1.2960610389709473,0.0,92.77490234375,87.56490161101101,44.9653685092926,,,,,,
1.5B,grpo,2,20,0.0375,1.5043691711500287,0.033203125,1.355420708656311,0.0,80.63427734375,105.75865143700503,2.935198426246643,,,,,,
1.5B,grpo,2,21,,,0.04638671875,1.3244167566299438,0.0,88.4267578125,88.76054891000967,167.26951122283936,,,,,,
1.5B,grpo,2,22,,,0.0537109375,1.2188622951507568,0.0,95.9951171875,91.00424324400956,36.263988614082336,,,,,,
1.5B,grpo,2,23,,,0.06201171875,1.3376665115356445,0.0,89.3505859375,87.23234946094453,43.4456148147583,,,,,,
1.5B,grpo,2,24,,,0.07568359375,1.3885045051574707,0.0,96.13671875,89.11075831501512,109.29492712020874,,,,,,
1.5B,grpo,2,25,,,0.11962890625,1.307903528213501,0.0,93.83349609375,89.37235025397968,32.44867205619812,,,,,,
1.5B,grpo,2,26,,,0.1328125,1.3437288999557495,0.0,91.3251953125,89.01564371603308,132.8463490009308,,,,,,
1.5B,grpo,2,27,,,0.23046875,1.315003514289856,0.0,92.95751953125,86.49457192397676,162.9930763244629,,,,,,
1.5B,grpo,2,28,,,0.26025390625,1.3342902660369873,0.0,91.1796875,88.2703646949958,4.118169546127319,,,,,,
1.5B,grpo,2,29,,,0.3505859375,1.3682523965835571,0.0,98.3642578125,90.02703184401616,28.05559754371643,,,,,,
1.5B,grpo,2,30,0.725,1.5220125680789351,0.416015625,1.235254168510437,0.0,97.078125,107.17149611999048,26.528472006320953,,,,,,
1.5B,grpo,2,31,,,0.572265625,1.2728867530822754,0.0,101.82177734375,92.29282737098401,34.68108069896698,,,,,,
1.5B,grpo,2,32,,,0.75048828125,1.302854299545288,0.0,102.8486328125,92.20517860900145,31.274083137512207,,,,,,
1.5B,grpo,2,33,,,0.7724609375,1.2320655584335327,0.0,110.4375,90.13066229200922,2.4810025691986084,,,,,,
1.5B,grpo,2,34,,,0.8017578125,1.421915054321289,0.0,109.1298828125,91.03753876802512,71.84843200445175,,,,,,
1.5B,grpo,2,35,,,0.8251953125,1.2916980981826782,0.0,116.1748046875,91.93767994898371,334.6942946910858,,,,,,
1.5B,grpo,2,36,,,0.82958984375,1.313086748123169,0.0,116.17431640625,91.21537168201758,219.7290608882904,,,,,,
1.5B,grpo,2,37,,,0.85302734375,1.4681512117385864,0.0,112.48828125,91.96453584899427,14.204709470272064,,,,,,
1.5B,grpo,2,38,,,0.84423828125,1.2764995098114014,0.0,115.12890625,90.05710029398324,5.587744057178497,,,,,,
1.5B,grpo,2,39,,,0.84033203125,1.4625437259674072,0.0,109.62158203125,90.10049939795863,24.15967771410942,,,,,,
1.5B,grpo,2,40,0.925,1.5670274497941137,0.85302734375,1.48178231716156,0.0,109.54150390625,99.79370742797619,48.21557539701462,,,,,,
1.5B,grpo,2,41,,,0.8466796875,1.482822299003601,0.0,110.6259765625,83.83152944699395,47.75889894366264,,,,,,
1.5B,grpo,2,42,,,0.85205078125,1.4782379865646362,0.0,106.306640625,88.0258801659802,53.74335151910782,,,,,,
1.5B,grpo,2,43,,,0.86474609375,1.4433523416519165,0.0,107.38427734375,86.65884582599392,43.08659529685974,,,,,,
1.5B,grpo,2,44,,,0.85693359375,1.527286171913147,0.0,105.603515625,88.53027597401524,59.685236275196075,,,,,,
1.5B,grpo,2,45,,,0.85498046875,1.5671207904815674,0.0,113.01416015625,93.5823847259744,2.30005544424057,,,,,,
1.5B,grpo,2,46,,,0.84814453125,1.4825323820114136,0.0,114.51708984375,93.3697108879569,11.806180357933044,,,,,,
1.5B,grpo,2,47,,,0.86572265625,1.5741794109344482,0.0,106.44384765625,85.95496518100845,21.290500074625015,,,,,,
1.5B,grpo,2,48,,,0.8564453125,1.537143588066101,0.0,110.06298828125,90.55163658200763,2.098934590816498,,,,,,
1.5B,grpo,2,49,,,0.84375,1.4608527421951294,0.0,114.30712890625,92.4634236379643,26.674447774887085,,,,,,
1.5B,grpo,2,50,0.925,1.5637444825842977,0.85205078125,1.5870325565338135,0.0,116.36767578125,99.32131832902087,116.75497728586197,,,,,,
1.5B,grpo,2,51,,,0.87255859375,1.4847140312194824,0.0,111.994140625,89.94431553699542,29.593320846557617,,,,,,
1.5B,grpo,2,52,,,0.84912109375,1.6177489757537842,0.0,108.7060546875,91.43733744701603,92.19397127628326,,,,,,
1.5B,grpo,2,53,,,0.85693359375,1.5205011367797852,0.0,112.05517578125,89.42908650502795,76.75378522276878,,,,,,
1.5B,grpo,2,54,,,0.84130859375,1.575082778930664,0.0,109.8916015625,93.0598226810107,82.61073786020279,,,,,,
1.5B,grpo,2,55,,,0.87890625,1.5911329984664917,0.0,111.48291015625,92.77243004099,61.17532694339752,,,,,,
1.5B,grpo,2,56,,,0.87548828125,1.5624706745147705,0.0,111.03662109375,90.43582723400323,43.3717375099659,,,,,,
1.5B,grpo,2,57,,,0.8828125,1.5812950134277344,0.0,108.92724609375,91.28198592702392,126.90577751398087,,,,,,
1.5B,grpo,2,58,,,0.85595703125,1.6550140380859375,0.0,107.66796875,85.89668324199738,16.948633134365082,,,,,,
1.5B,grpo,2,59,,,0.83740234375,1.569868564605713,0.0,114.17236328125,94.39187756401952,40.94863772392273,,,,,,
1.5B,grpo,2,60,0.925,1.6102623419836164,0.8466796875,1.5867674350738525,0.0,113.26318359375,101.45374351297505,12.599170744419098,,,,,,
1.5B,grpo,2,61,,,0.8779296875,1.617856502532959,0.0,109.26806640625,89.76065615500556,11.734023690223694,,,,,,
1.5B,grpo,2,62,,,0.8525390625,1.5075830221176147,0.0,114.8876953125,93.10994679102441,8.859108448028564,,,,,,
1.5B,grpo,2,63,,,0.89599609375,1.6839869022369385,0.0,102.47900390625,85.25028526398819,2.0667300820350647,,,,,,
1.5B,grpo,2,64,,,0.89208984375,1.5356305837631226,0.0,114.54052734375,90.04342383996118,34.988986641168594,,,,,,
1.5B,grpo,2,65,,,0.87548828125,1.6321388483047485,0.0,111.36083984375,88.94371814304031,3.477181851863861,,,,,,
1.5B,grpo,2,66,,,0.86669921875,1.6282885074615479,0.0,110.61669921875,90.21976915199775,7.4527281522750854,,,,,,
1.5B,grpo,2,67,,,0.8896484375,1.6131945848464966,0.0,116.06982421875,90.99705151602393,71.48338031768799,,,,,,
1.5B,grpo,2,68,,,0.83447265625,1.6258058547973633,0.0,109.15625,89.59472382499371,13.845923483371735,,,,,,
1.5B,grpo,2,69,,,0.87109375,1.6531888246536255,0.0,106.77880859375,91.23826067603659,5.095972537994385,,,,,,
1.5B,grpo,2,70,0.925,1.6083873407915235,0.865234375,1.6676580905914307,0.0,107.58642578125,99.41286915697856,18.620967626571655,,,,,,
1.5B,grpo,2,71,,,0.85302734375,1.6084951162338257,0.0,111.326171875,89.82835824100766,37.42622226476669,,,,,,
1.5B,grpo,2,72,,,0.8671875,1.7076436281204224,0.0,112.36865234375,92.68810487602605,16.83227825164795,,,,,,
1.5B,grpo,2,73,,,0.85546875,1.6196997165679932,0.0,113.439453125,94.03843951801537,10.170778930187225,,,,,,
1.5B,grpo,2,74,,,0.90234375,1.6785000562667847,0.0,107.27490234375,90.25080881803297,20.09421819448471,,,,,,
1.5B,grpo,2,75,,,0.890625,1.6318918466567993,0.0,110.60693359375,91.4719037579489,23.599319010972977,,,,,,
1.5B,grpo,2,76,,,0.87353515625,1.6392545700073242,0.0,111.84814453125,92.061653481971,19.949342727661133,,,,,,
1.5B,grpo,2,77,,,0.857421875,1.620734691619873,0.0,110.63134765625,93.73388125997735,23.46154561638832,,,,,,
1.5B,grpo,2,78,,,0.861328125,1.631269097328186,0.0,106.38037109375,91.38144209998427,22.00439029932022,,,,,,
1.5B,grpo,2,79,,,0.8662109375,1.682847261428833,0.0,110.9189453125,92.66302559495671,47.18190282583237,,,,,,
1.5B,grpo,2,80,0.925,1.707762342877686,0.88037109375,1.720612645149231,0.0,117.39794921875,99.46889196499251,13.420379400253296,,,,,,
1.5B,grpo,2,81,,,0.873046875,1.5870331525802612,0.0,113.87841796875,92.95436543098185,24.647701740264893,,,,,,
1.5B,grpo,2,82,,,0.88525390625,1.6600196361541748,0.0,107.9326171875,84.84470627701376,65.16639342904091,,,,,,
1.5B,grpo,2,83,,,0.85546875,1.667522668838501,0.0,114.60986328125,94.2109917459893,44.92469584941864,,,,,,
1.5B,grpo,2,84,,,0.88916015625,1.7050278186798096,0.0,112.4892578125,83.5214652090217,24.942904949188232,,,,,,
1.5B,grpo,2,85,,,0.884765625,1.7864912748336792,0.0,111.69775390625,89.15602653101087,32.103011548519135,,,,,,
1.5B,grpo,2,86,,,0.8427734375,1.5352426767349243,0.0,117.09375,90.62844057602342,16.236085414886475,,,,,,
1.5B,grpo,2,87,,,0.87646484375,1.6612614393234253,0.0,112.2646484375,88.57838261901634,108.79100227355957,,,,,,
1.5B,grpo,2,88,,,0.86962890625,1.6815828084945679,0.0,111.41748046875,91.05529801704688,27.797343492507935,,,,,,
1.5B,grpo,2,89,,,0.865234375,1.6899811029434204,0.0,113.8759765625,88.0659738240065,25.419326722621918,,,,,,
1.5B,grpo,2,90,0.925,1.632648707740009,0.84033203125,1.676785945892334,0.0,103.6611328125,96.22249116800958,28.01109355688095,,,,,,
1.5B,grpo,2,91,,,0.9013671875,1.6910192966461182,0.0,109.619140625,88.60979339998448,36.868158638477325,,,,,,
1.5B,grpo,2,92,,,0.88232421875,1.6930866241455078,0.0,112.38330078125,88.81719584099483,70.72649711370468,,,,,,
1.5B,grpo,2,93,,,0.8701171875,1.532042145729065,0.0,118.8076171875,92.31065069802571,24.638747453689575,,,,,,
1.5B,grpo,2,94,,,0.90576171875,1.7344505786895752,0.0,116.30810546875,90.0732442670269,36.29389429092407,,,,,,
1.5B,grpo,2,95,,,0.8583984375,1.6902728080749512,0.0,106.25439453125,90.40869516303064,7.791053771972656,,,,,,
1.5B,grpo,2,96,,,0.87451171875,1.6997686624526978,0.0,108.30517578125,89.18018971302081,38.026724457740784,,,,,,
1.5B,grpo,2,97,,,0.87353515625,1.764668583869934,0.0,111.60400390625,89.93092518899357,43.005836963653564,,,,,,
1.5B,grpo,2,98,,,0.87451171875,1.6705574989318848,0.0,109.8037109375,91.99514647602336,4.824690580368042,,,,,,
1.5B,grpo,2,99,,,0.87255859375,1.6886147260665894,0.0,111.1669921875,92.98225186101627,38.98550581932068,,,,,,
1.5B,grpo,2,100,0.925,1.6827623423188924,0.86181640625,1.6173535585403442,0.0,111.30859375,114.30784903600579,35.994316935539246,,,,,,
1.5B,grpo,4,0,0.025,-2.5875,,,,,,,,,,,,
1.5B,grpo,4,1,,,0.0068359375,-2.4496946334838867,0.0,119.62451171875,91.36918207500094,274.25732421875,,,,,,
1.5B,grpo,4,2,,,0.0078125,-2.488208055496216,0.0,120.4892578125,89.69381342199995,297.5391843318939,,,,,,
1.5B,grpo,4,3,,,0.0087890625,-2.4409985542297363,0.0,119.9833984375,86.48301135800102,128.29934096336365,,,,,,
1.5B,grpo,4,4,,,0.00732421875,-2.3873863220214844,0.0,120.2099609375,86.84727855399979,157.22104394435883,,,,,,
1.5B,grpo,4,5,,,0.00439453125,-2.3720414638519287,0.0,116.10009765625,87.71927982399939,170.4518003463745,,,,,,
1.5B,grpo,4,6,,,0.0087890625,-2.0821807384490967,0.0,116.5986328125,88.438221032,217.78974270820618,,,,,,
1.5B,grpo,4,7,,,0.01611328125,-2.0468087196350098,0.0,116.1240234375,87.01232280900149,161.5187646150589,,,,,,
1.5B,grpo,4,8,,,0.0087890625,-1.8207074403762817,0.0,111.49951171875,86.06827942600285,40.66971701383591,,,,,,
1.5B,grpo,4,9,,,0.02001953125,-1.258147120475769,0.0,105.8515625,84.34410542199839,95.47188198566437,,,,,,
1.5B,grpo,4,10,0.075,0.9583275061100721,0.021484375,-0.7905822396278381,0.0,108.248046875,100.88637771499998,44.74652034044266,,,,,,
1.5B,grpo,4,11,,,0.0263671875,-0.055766794830560684,0.0,96.87060546875,84.13853176399789,235.43700498342514,,,,,,
1.5B,grpo,4,12,,,0.02880859375,0.023426534608006477,0.0,103.8623046875,84.97326148499997,65.18300020694733,,,,,,
1.5B,grpo,4,13,,,0.02978515625,0.49904394149780273,0.0,87.7041015625,83.01110871000128,5.773081421852112,,,,,,
1.5B,grpo,4,14,,,0.03466796875,0.7114633321762085,0.0,93.14404296875,86.1320421950004,18.040721595287323,,,,,,
1.5B,grpo,4,15,,,0.02099609375,0.8409780263900757,0.0,91.083984375,83.71167705300104,85.3326318860054,,,,,,
1.5B,grpo,4,16,,,0.03125,1.0931326150894165,0.0,93.208984375,81.07529289199738,48.233873069286346,,,,,,
1.5B,grpo,4,17,,,0.03466796875,1.1952368021011353,0.0,87.763671875,81.60901797900078,132.014734685421,,,,,,
1.5B,grpo,4,18,,,0.0390625,1.2820430994033813,0.0,96.56982421875,82.38901181500114,66.21231204271317,,,,,,
1.5B,grpo,4,19,,,0.04541015625,1.196144461631775,0.0,87.1572265625,81.94533009700172,10.836381554603577,,,,,,
1.5B,grpo,4,20,0.075,1.5517112048342825,0.0546875,1.2202239036560059,0.0,89.96484375,88.65270467200025,4119.299448013306,,,,,,
1.5B,grpo,4,21,,,0.0732421875,1.357132911682129,0.0,91.0966796875,84.20685162500013,381.8062467575073,,,,,,
1.5B,grpo,4,22,,,0.12451171875,1.201557993888855,0.0,98.33349609375,85.51793801999884,43.147809982299805,,,,,,
1.5B,grpo,4,23,,,0.1376953125,1.3418086767196655,0.0,91.53759765625,84.22680716100149,86.44560879468918,,,,,,
1.5B,grpo,4,24,,,0.20849609375,1.429100513458252,0.0,87.77783203125,82.4444584720004,3.2524094581604004,,,,,,
1.5B,grpo,4,25,,,0.2841796875,1.3761225938796997,0.0,98.85205078125,86.21104779199959,27.21416687965393,,,,,,
1.5B,grpo,4,26,,,0.36767578125,1.3021732568740845,0.0,102.08740234375,85.42667178400006,82.0022840499878,,,,,,
1.5B,grpo,4,27,,,0.41357421875,1.1838500499725342,0.0,101.50732421875,88.60718568199809,98.1369161605835,,,,,,
1.5B,grpo,4,28,,,0.51220703125,1.3522217273712158,0.0,99.61962890625,87.41060674300024,25.07861489057541,,,,,,
1.5B,grpo,4,29,,,0.65234375,1.1988998651504517,0.0,111.3818359375,88.39488928300125,60.64582759141922,,,,,,
1.5B,grpo,4,30,0.9,1.5162536388263106,0.71484375,1.34806227684021,0.0,109.67431640625,92.82017875100064,42.904373824596405,,,,,,
1.5B,grpo,4,31,,,0.8056640625,1.3067340850830078,0.0,107.68701171875,82.13391307200072,58.88034230470657,,,,,,
1.5B,grpo,4,32,,,0.8076171875,1.3968898057937622,0.0,108.19091796875,86.84201413399933,70.83415031433105,,,,,,
1.5B,grpo,4,33,,,0.8369140625,1.454371452331543,0.0,112.17138671875,88.36867464500028,15.742617547512054,,,,,,
1.5B,grpo,4,34,,,0.82861328125,1.2639631032943726,0.0,118.06787109375,86.27361646799909,96.05522155761719,,,,,,
1.5B,grpo,4,35,,,0.84521484375,1.5027821063995361,0.0,113.5224609375,86.43496339700141,135.9819393157959,,,,,,
1.5B,grpo,4,36,,,0.8486328125,1.4876811504364014,0.0,111.7705078125,85.72932058800143,52.339532524347305,,,,,,
1.5B,grpo,4,37,,,0.841796875,1.4612908363342285,0.0,111.6953125,83.3068025850007,33.67590034008026,,,,,,
1.5B,grpo,4,38,,,0.83984375,1.459458827972412,0.0,113.74365234375,86.03504519699709,46.98638212680817,,,,,,
1.5B,grpo,4,39,,,0.84326171875,1.5737826824188232,0.0,111.91455078125,86.17081689500264,198.6843844652176,,,,,,
1.5B,grpo,4,40,0.9,1.5284820364788174,0.841796875,1.4175987243652344,0.0,114.11376953125,101.5070428120016,24.525496006011963,,,,,,
1.5B,grpo,4,41,,,0.859375,1.5018103122711182,0.0,113.98876953125,87.02477816700048,2.1994509100914,,,,,,
1.5B,grpo,4,42,,,0.84521484375,1.503055214881897,0.0,110.40478515625,87.38094325400016,10.664764940738678,,,,,,
1.5B,grpo,4,43,,,0.86572265625,1.4243305921554565,0.0,115.384765625,85.37929352399806,26.61206167936325,,,,,,
1.5B,grpo,4,44,,,0.849609375,1.4485626220703125,0.0,113.47412109375,89.11059932999706,21.384267568588257,,,,,,
1.5B,grpo,4,45,,,0.87353515625,1.543614387512207,0.0,110.5478515625,87.5745284859986,47.28373074531555,,,,,,
1.5B,grpo,4,46,,,0.8564453125,1.5374759435653687,0.0,110.15869140625,87.97916105499826,12.648056745529175,,,,,,
1.5B,grpo,4,47,,,0.84814453125,1.501564383506775,0.0,112.93310546875,88.44600055299816,21.52654504776001,,,,,,
1.5B,grpo,4,48,,,0.83837890625,1.4655146598815918,0.0,108.64599609375,85.55047347100117,24.415026754140854,,,,,,
1.5B,grpo,4,49,,,0.875,1.705772876739502,0.0,107.134765625,85.83739758100273,55.00336453318596,,,,,,
1.5B,grpo,4,50,0.925,1.5375891806557775,0.857421875,1.5701704025268555,0.0,110.8466796875,92.78878714999883,41.1626803278923,,,,,,
1.5B,grpo,4,51,,,0.859375,1.4806612730026245,0.0,112.48876953125,87.21428545299932,88.96041238307953,,,,,,
1.5B,grpo,4,52,,,0.85693359375,1.600027322769165,0.0,116.43212890625,86.21088202099781,16.76414293050766,,,,,,
1.5B,grpo,4,53,,,0.8662109375,1.6536710262298584,0.0,114.9658203125,86.0704804570014,37.11083149909973,,,,,,
1.5B,grpo,4,54,,,0.86767578125,1.5845712423324585,0.0,115.12548828125,88.62130689900005,35.31984579563141,,,,,,
1.5B,grpo,4,55,,,0.87841796875,1.6634538173675537,0.0,108.341796875,84.45680839000124,54.48993521928787,,,,,,
1.5B,grpo,4,56,,,0.87255859375,1.5163967609405518,0.0,114.3046875,86.44459080100205,53.169036507606506,,,,,,
1.5B,grpo,4,57,,,0.87451171875,1.671431303024292,0.0,114.41845703125,86.90922382200006,19.613677442073822,,,,,,
1.5B,grpo,4,58,,,0.884765625,1.5738712549209595,0.0,107.3779296875,83.7749497779987,8.378752678632736,,,,,,
1.5B,grpo,4,59,,,0.8857421875,1.6420611143112183,0.0,110.541015625,86.30505741600064,48.50844460725784,,,,,,
1.5B,grpo,4,60,0.925,1.6699944846332073,0.86572265625,1.6102460622787476,0.0,114.32666015625,93.64643325999714,7.70435443520546,,,,,,
1.5B,grpo,4,61,,,0.87158203125,1.6359491348266602,0.0,112.33447265625,89.47771389899935,66.04408353567123,,,,,,
1.5B,grpo,4,62,,,0.873046875,1.593727469444275,0.0,113.279296875,87.96323640999981,60.34347343444824,,,,,,
1.5B,grpo,4,63,,,0.87060546875,1.5725867748260498,0.0,116.693359375,87.28334893400097,14.492498815059662,,,,,,
1.5B,grpo,4,64,,,0.87890625,1.640457034111023,0.0,110.68994140625,87.07476627600045,13.102701783180237,,,,,,
1.5B,grpo,4,65,,,0.90576171875,1.664605975151062,0.0,108.328125,85.89223698500064,24.85697641968727,,,,,,
1.5B,grpo,4,66,,,0.849609375,1.566319227218628,0.0,112.8740234375,88.69420864499989,19.139044165611267,,,,,,
1.5B,grpo,4,67,,,0.8759765625,1.6005470752716064,0.0,110.59326171875,85.66609933400105,29.20403179526329,,,,,,
1.5B,grpo,4,68,,,0.87646484375,1.650064468383789,0.0,111.08154296875,88.20002542200018,27.815632104873657,,,,,,
1.5B,grpo,4,69,,,0.88623046875,1.6571632623672485,0.0,115.3701171875,83.15344148700024,25.416369140148163,,,,,,
1.5B,grpo,4,70,0.925,1.6883873414248227,0.85888671875,1.5727218389511108,0.0,113.9306640625,93.0557042420005,7.0197864174842834,,,,,,
1.5B,grpo,4,71,,,0.876953125,1.6161127090454102,0.0,111.59814453125,85.29559817399786,20.215647786855698,,,,,,
1.5B,grpo,4,72,,,0.88427734375,1.7009203433990479,0.0,105.44091796875,83.96684477899908,4.793237000703812,,,,,,
1.5B,grpo,4,73,,,0.87939453125,1.634425163269043,0.0,109.568359375,84.65854828900046,17.941659033298492,,,,,,
1.5B,grpo,4,74,,,0.85546875,1.61300790309906,0.0,110.51953125,87.20694767500027,26.677833795547485,,,,,,
1.5B,grpo,4,75,,,0.8798828125,1.5988565683364868,0.0,118.12841796875,89.60545129000093,14.018998384475708,,,,,,
1.5B,grpo,4,76,,,0.8740234375,1.6358970403671265,0.0,114.68701171875,88.26919554000051,25.550664007663727,,,,,,
1.5B,grpo,4,77,,,0.89794921875,1.6272246837615967,0.0,110.72021484375,84.44796562299962,29.33077147603035,,,,,,
1.5B,grpo,4,78,,,0.87060546875,1.5818698406219482,0.0,113.38623046875,86.49797285199747,56.637771010398865,,,,,,
1.5B,grpo,4,79,,,0.88134765625,1.6715223789215088,0.0,110.20068359375,85.54334112300057,33.16244179010391,,,,,,
1.5B,grpo,4,80,0.925,1.6918488826602698,0.87646484375,1.7292860746383667,0.0,107.5,90.17423184200015,6.1477267146110535,,,,,,
1.5B,grpo,4,81,,,0.890625,1.656747817993164,0.0,110.611328125,88.406506825002,10.20761725306511,,,,,,
1.5B,grpo,4,82,,,0.892578125,1.7591303586959839,0.0,110.81689453125,85.71193148599923,5.120058655738831,,,,,,
1.5B,grpo,4,83,,,0.88720703125,1.5442161560058594,0.0,110.392578125,87.05013145400153,2.256952464580536,,,,,,
1.5B,grpo,4,84,,,0.8759765625,1.676013469696045,0.0,113.36376953125,87.19656281800053,12.448234021663666,,,,,,
1.5B,grpo,4,85,,,0.89404296875,1.7354679107666016,0.0,112.8173828125,88.04520138899898,23.31557458639145,,,,,,
1.5B,grpo,4,86,,,0.9033203125,1.6774778366088867,0.0,115.68603515625,85.86731786200107,17.52584570646286,,,,,,
1.5B,grpo,4,87,,,0.8759765625,1.6505056619644165,0.0,108.9453125,84.40862776699942,5.231645375490189,,,,,,
1.5B,grpo,4,88,,,0.88916015625,1.7371551990509033,0.0,111.89990234375,84.30759495700113,11.417448222637177,,,,,,
1.5B,grpo,4,89,,,0.91796875,1.7909070253372192,0.0,107.53271484375,84.91132984599972,10.21303978562355,,,,,,
1.5B,grpo,4,90,0.9375,1.690887344069779,0.89306640625,1.6522414684295654,0.0,109.85302734375,92.45918818099744,21.317837715148926,,,,,,
1.5B,grpo,4,91,,,0.87939453125,1.6268937587738037,0.0,110.81982421875,85.52596324100159,58.11758479475975,,,,,,
1.5B,grpo,4,92,,,0.90673828125,1.707767367362976,0.0,113.10595703125,82.73789211300027,51.33161735534668,,,,,,
1.5B,grpo,4,93,,,0.91552734375,1.8081001043319702,0.0,109.67236328125,84.76219164900249,32.23173373937607,,,,,,
1.5B,grpo,4,94,,,0.91259765625,1.619155764579773,0.0,110.05908203125,83.69581613499759,13.075503408908844,,,,,,
1.5B,grpo,4,95,,,0.92431640625,1.7175201177597046,0.0,112.17724609375,86.37326268600009,29.871110558509827,,,,,,
1.5B,grpo,4,96,,,0.8955078125,1.8391062021255493,0.0,110.29931640625,86.89183314100228,2.0922546088695526,,,,,,
1.5B,grpo,4,97,,,0.9072265625,1.6275932788848877,0.0,112.0966796875,89.33873778899942,46.81551480293274,,,,,,
1.5B,grpo,4,98,,,0.9287109375,1.7168217897415161,0.0,109.767578125,86.255858687,6.117394983768463,,,,,,
1.5B,grpo,4,99,,,0.93359375,1.656140685081482,0.0,109.962890625,87.94441502200061,22.293041825294495,,,,,,
1.5B,grpo,4,100,0.9625,1.7246373441070317,0.92333984375,1.9317755699157715,0.0,111.052734375,105.03167770900109,217.90004360675812,,,,,,
1.5B,grpo,5,0,0.025,-2.54375,,,,,,,,,,,,
1.5B,grpo,5,1,,,0.0068359375,-2.469160795211792,0.0,117.90673828125,96.20416049600317,45.18589782714844,,,,,,
1.5B,grpo,5,2,,,0.0048828125,-2.4142661094665527,0.0,118.5751953125,93.1007198360021,102.51587295532227,,,,,,
1.5B,grpo,5,3,,,0.0087890625,-2.339749813079834,0.0,119.00146484375,92.5208858219994,138.2850508093834,,,,,,
1.5B,grpo,5,4,,,0.00830078125,-2.2751235961914062,0.0,115.49755859375,88.12291008000466,132.22990489006042,,,,,,
1.5B,grpo,5,5,,,0.01025390625,-2.2020931243896484,0.0,114.169921875,91.08601861200441,145.0861759185791,,,,,,
1.5B,grpo,5,6,,,0.00927734375,-2.0897693634033203,0.0,112.86962890625,90.03310185900045,48.98787087202072,,,,,,
1.5B,grpo,5,7,,,0.009765625,-2.0237433910369873,0.0,115.447265625,89.57954013300332,131.95451545715332,,,,,,
1.5B,grpo,5,8,,,0.01123046875,-1.8873498439788818,0.0,110.65380859375,89.09020153200254,59.065480411052704,,,,,,
1.5B,grpo,5,9,,,0.01171875,-1.3394075632095337,0.0,107.12646484375,91.20243526899867,125.0194319486618,,,,,,
1.5B,grpo,5,10,0.0375,0.751898935250938,0.015625,-0.6172149777412415,0.0,96.32080078125,102.58970143699844,47.8002769947052,,,,,,
1.5B,grpo,5,11,,,0.0263671875,-0.22000642120838165,0.0,97.23486328125,87.46250267399591,126.92310631275177,,,,,,
1.5B,grpo,5,12,,,0.0224609375,0.04746552184224129,0.0,98.169921875,90.51845304600283,9.66157054901123,,,,,,
1.5B,grpo,5,13,,,0.01171875,0.4491916298866272,0.0,93.62109375,87.54768134999904,101.5841823220253,,,,,,
1.5B,grpo,5,14,,,0.01171875,0.6742039322853088,0.0,105.5986328125,91.37464219100366,10.090258061885834,,,,,,
1.5B,grpo,5,15,,,0.01708984375,0.8231394290924072,0.0,96.16357421875,88.70961737000471,62.78189718723297,,,,,,
1.5B,grpo,5,16,,,0.02392578125,1.1112725734710693,0.0,87.47998046875,86.46456022900384,11.005130529403687,,,,,,
1.5B,grpo,5,17,,,0.02783203125,1.1473653316497803,0.0,91.01611328125,87.41483974300354,167.5370083451271,,,,,,
1.5B,grpo,5,18,,,0.04443359375,1.1276655197143555,0.0,93.2919921875,87.71107417900203,62.26628828048706,,,,,,
1.5B,grpo,5,19,,,0.0498046875,1.1672128438949585,0.0,90.06396484375,82.91619337299926,31.84317970275879,,,,,,
1.5B,grpo,5,20,0.125,1.5295031012967228,0.04833984375,1.2017964124679565,0.0,95.98193359375,96.99331151200022,80.99054563045502,,,,,,
1.5B,grpo,5,21,,,0.0576171875,1.358618974685669,0.0,90.59375,87.3175426969974,18.12194913625717,,,,,,
1.5B,grpo,5,22,,,0.10498046875,1.121893286705017,0.0,95.0341796875,87.6096980670045,60.84309101104736,,,,,,
1.5B,grpo,5,23,,,0.10205078125,1.2637847661972046,0.0,86.41796875,86.850148780999,3.3497607707977295,,,,,,
1.5B,grpo,5,24,,,0.16162109375,1.315569281578064,0.0,92.34521484375,86.13438539199706,76.64448803663254,,,,,,
1.5B,grpo,5,25,,,0.248046875,1.1879838705062866,0.0,94.57373046875,86.0792801120042,80.4270144701004,,,,,,
1.5B,grpo,5,26,,,0.33642578125,1.2390341758728027,0.0,94.66650390625,87.13775943999644,9.939274489879608,,,,,,
1.5B,grpo,5,27,,,0.46875,1.423628330230713,0.0,94.5029296875,87.17935012499947,3.15072101354599,,,,,,
1.5B,grpo,5,28,,,0.5966796875,1.4713284969329834,0.0,98.2158203125,88.87765349900292,7.269235193729401,,,,,,
1.5B,grpo,5,29,,,0.73046875,1.2906279563903809,0.0,109.95361328125,89.68485591500212,57.66933727264404,,,,,,
1.5B,grpo,5,30,0.925,1.5548697119578718,0.767578125,1.2987747192382812,0.0,107.57568359375,97.99046819499927,27.34662628173828,,,,,,
1.5B,grpo,5,31,,,0.81787109375,1.3975023031234741,0.0,108.70654296875,88.23970665100205,12.064447700977325,,,,,,
1.5B,grpo,5,32,,,0.84375,1.3449548482894897,0.0,109.169921875,87.16825537200202,7.092230200767517,,,,,,
1.5B,grpo,5,33,,,0.84130859375,1.43265962600708,0.0,111.15869140625,90.03843766299542,36.37260377407074,,,,,,
1.5B,grpo,5,34,,,0.83935546875,1.4398081302642822,0.0,115.7265625,86.6271553789993,24.22497648000717,,,,,,
1.5B,grpo,5,35,,,0.85986328125,1.5512410402297974,0.0,108.99609375,88.3891767860041,43.04272732138634,,,,,,
1.5B,grpo,5,36,,,0.8525390625,1.4039496183395386,0.0,103.9814453125,89.92038691500056,9.89741313457489,,,,,,
1.5B,grpo,5,37,,,0.85546875,1.4789201021194458,0.0,117.20654296875,86.96527945300477,41.846338003873825,,,,,,
1.5B,grpo,5,38,,,0.84765625,1.4809123277664185,0.0,114.51171875,91.15910343600262,45.12301540374756,,,,,,
1.5B,grpo,5,39,,,0.8291015625,1.5313713550567627,0.0,107.056640625,89.48328286700416,81.5913941860199,,,,,,
1.5B,grpo,5,40,0.925,1.5955153157934547,0.8603515625,1.4957208633422852,0.0,115.0810546875,96.24451840599795,39.91545128822327,,,,,,
1.5B,grpo,5,41,,,0.88330078125,1.5328627824783325,0.0,116.9287109375,91.00443023700063,36.40961396694183,,,,,,
1.5B,grpo,5,42,,,0.8603515625,1.56080162525177,0.0,111.29833984375,89.66778021200298,55.101342499256134,,,,,,
1.5B,grpo,5,43,,,0.8408203125,1.5483314990997314,0.0,108.95556640625,86.83025604399882,23.800541818141937,,,,,,
1.5B,grpo,5,44,,,0.86181640625,1.5919427871704102,0.0,109.0146484375,88.78796988799877,2.0881997644901276,,,,,,
1.5B,grpo,5,45,,,0.88037109375,1.5915708541870117,0.0,107.65380859375,87.82099301499693,19.77361136674881,,,,,,
1.5B,grpo,5,46,,,0.8779296875,1.5290355682373047,0.0,109.48486328125,87.22608691499772,15.152034938335419,,,,,,
1.5B,grpo,5,47,,,0.87939453125,1.6029140949249268,0.0,108.80126953125,86.75255469900003,19.899344623088837,,,,,,
1.5B,grpo,5,48,,,0.861328125,1.3816523551940918,0.0,113.2880859375,89.30517064699961,100.05020713806152,,,,,,
1.5B,grpo,5,49,,,0.87646484375,1.6339070796966553,0.0,113.37060546875,91.66369110099913,24.36441272497177,,,,,,
1.5B,grpo,5,50,0.925,1.617678466066718,0.8642578125,1.5111668109893799,0.0,106.7939453125,92.20077144500101,16.45853441953659,,,,,,
1.5B,grpo,5,51,,,0.87939453125,1.6033493280410767,0.0,110.45068359375,88.1933958189984,35.045353561639786,,,,,,
1.5B,grpo,5,52,,,0.89404296875,1.694885492324829,0.0,107.31787109375,81.4081814759993,19.195107609033585,,,,,,
1.5B,grpo,5,53,,,0.87353515625,1.6202952861785889,0.0,109.3515625,90.65036733099987,39.08442395925522,,,,,,
1.5B,grpo,5,54,,,0.873046875,1.5514976978302002,0.0,110.91748046875,88.02732905699668,45.2688490152359,,,,,,
1.5B,grpo,5,55,,,0.85888671875,1.5749261379241943,0.0,109.21923828125,87.19261657999596,15.198065638542175,,,,,,
1.5B,grpo,5,56,,,0.87939453125,1.676320195198059,0.0,111.40087890625,89.29590849099623,18.81044802069664,,,,,,
1.5B,grpo,5,57,,,0.861328125,1.547605276107788,0.0,115.03173828125,90.13583715799905,35.709460616111755,,,,,,
1.5B,grpo,5,58,,,0.876953125,1.6371272802352905,0.0,107.51416015625,85.01504794900393,34.774958074092865,,,,,,
1.5B,grpo,5,59,,,0.876953125,1.5732903480529785,0.0,110.76806640625,88.7293317980002,23.350513070821762,,,,,,
1.5B,grpo,5,60,0.9125,1.6750837665051221,0.87890625,1.628854513168335,0.0,107.6748046875,104.97258523700293,51.13148909807205,,,,,,
1.5B,grpo,5,61,,,0.87109375,1.5629651546478271,0.0,107.66064453125,87.987586508003,3.1969167292118073,,,,,,
1.5B,grpo,5,62,,,0.87060546875,1.6348261833190918,0.0,110.18408203125,87.89694620600494,14.728172421455383,,,,,,
1.5B,grpo,5,63,,,0.87841796875,1.624260425567627,0.0,108.4853515625,88.08362847999524,25.67178839445114,,,,,,
1.5B,grpo,5,64,,,0.8837890625,1.7539373636245728,0.0,109.810546875,86.53444895299617,2.1266415417194366,,,,,,
1.5B,grpo,5,65,,,0.86962890625,1.5674062967300415,0.0,116.2255859375,87.8550892389976,4.275679558515549,,,,,,
1.5B,grpo,5,66,,,0.890625,1.552003026008606,0.0,109.67919921875,88.09479492499668,13.024136662483215,,,,,,
1.5B,grpo,5,67,,,0.8671875,1.6487457752227783,0.0,105.97412109375,84.98208748300385,12.65599873661995,,,,,,
1.5B,grpo,5,68,,,0.873046875,1.6579015254974365,0.0,110.24609375,87.47200130300189,9.224591434001923,,,,,,
1.5B,grpo,5,69,,,0.87060546875,1.5632472038269043,0.0,111.18505859375,93.50617946199782,17.77333754301071,,,,,,
1.5B,grpo,5,70,0.925,1.711780197545886,0.888671875,1.6727585792541504,0.0,105.64404296875,93.41015829399839,20.751582741737366,,,,,,
1.5B,grpo,5,71,,,0.88232421875,1.6664291620254517,0.0,108.56982421875,87.88566809799522,4.365999102592468,,,,,,
1.5B,grpo,5,72,,,0.8515625,1.6538560390472412,0.0,111.6845703125,88.88028741299786,64.59709078073502,,,,,,
1.5B,grpo,5,73,,,0.8837890625,1.5868959426879883,0.0,111.73486328125,86.17816604900145,18.665786743164062,,,,,,
1.5B,grpo,5,74,,,0.89306640625,1.6515977382659912,0.0,105.98681640625,87.8171142719948,8.053101480007172,,,,,,
1.5B,grpo,5,75,,,0.87451171875,1.7562350034713745,0.0,103.32373046875,89.21721361100208,3.3427279591560364,,,,,,
1.5B,grpo,5,76,,,0.900390625,1.690079689025879,0.0,107.78125,91.94026627100538,8.286327838897705,,,,,,
1.5B,grpo,5,77,,,0.8916015625,1.6642333269119263,0.0,109.39111328125,88.0006413020019,23.51073181629181,,,,,,
1.5B,grpo,5,78,,,0.8779296875,1.6391233205795288,0.0,109.1884765625,88.60803338100231,23.168888837099075,,,,,,
1.5B,grpo,5,79,,,0.89990234375,1.558927297592163,0.0,115.3994140625,91.7963398100037,45.239720821380615,,,,,,
1.5B,grpo,5,80,0.9375,1.774458771571517,0.88671875,1.6825017929077148,0.0,107.88671875,94.21238548200199,11.645849704742432,,,,,,
1.5B,grpo,5,81,,,0.8779296875,1.7210334539413452,0.0,108.04736328125,91.56643749999785,5.855488181114197,,,,,,
1.5B,grpo,5,82,,,0.88720703125,1.7302684783935547,0.0,107.94580078125,90.11703233700246,18.731526345014572,,,,,,
1.5B,grpo,5,83,,,0.8876953125,1.7730367183685303,0.0,105.67626953125,87.57640709599946,13.76752695441246,,,,,,
1.5B,grpo,5,84,,,0.89306640625,1.7516589164733887,0.0,108.24951171875,87.86286226400262,12.280380189418793,,,,,,
1.5B,grpo,5,85,,,0.86083984375,1.7290946245193481,0.0,106.56640625,87.33703623600013,13.87010931968689,,,,,,
1.5B,grpo,5,86,,,0.89404296875,1.7272080183029175,0.0,110.50390625,90.50428344500688,33.76637518405914,,,,,,
1.5B,grpo,5,87,,,0.88037109375,1.63669753074646,0.0,109.5751953125,90.02813204099948,39.459391474723816,,,,,,
1.5B,grpo,5,88,,,0.90087890625,1.719020128250122,0.0,107.77734375,89.39107011600572,11.764009803533554,,,,,,
1.5B,grpo,5,89,,,0.892578125,1.7342194318771362,0.0,104.759765625,86.18599457899836,41.182845413684845,,,,,,
1.5B,grpo,5,90,0.9375,1.7389582280069589,0.888671875,1.6777406930923462,0.0,107.75341796875,94.65208795099898,13.09865590929985,,,,,,
1.5B,grpo,5,91,,,0.87548828125,1.6449275016784668,0.0,105.1669921875,86.84736515799887,18.227813482284546,,,,,,
1.5B,grpo,5,92,,,0.888671875,1.6289674043655396,0.0,108.43603515625,87.24014383300528,4.4199764132499695,,,,,,
1.5B,grpo,5,93,,,0.89697265625,1.6584442853927612,0.0,103.15625,80.89893755800585,13.741556167602539,,,,,,
1.5B,grpo,5,94,,,0.8876953125,1.730614185333252,0.0,106.435546875,87.62500566400558,19.366593182086945,,,,,,
1.5B,grpo,5,95,,,0.89599609375,1.7851512432098389,0.0,102.54541015625,80.21892080899852,9.76673373579979,,,,,,
1.5B,grpo,5,96,,,0.89111328125,1.7279720306396484,0.0,112.61865234375,89.75410404000286,34.70834243297577,,,,,,
1.5B,grpo,5,97,,,0.880859375,1.6993356943130493,0.0,108.45263671875,88.10285619900242,10.047235906124115,,,,,,
1.5B,grpo,5,98,,,0.88818359375,1.7172175645828247,0.0,111.2470703125,88.81108605099871,24.807329833507538,,,,,,
1.5B,grpo,5,99,,,0.90283203125,1.8295754194259644,0.0,104.46923828125,86.96204405000026,10.606706023216248,,,,,,
1.5B,grpo,5,100,0.95,1.747023705393076,0.9052734375,1.6924364566802979,0.0,109.42919921875,108.29644488299527,37.12301766872406,,,,,,
1.5B,gdpo,0,0,0.025,-2.528125,,,,,,,,,,,,
1.5B,gdpo,0,1,,,0.00634765625,-2.44360089302063,0.0,122.1689453125,99.67283449700335,79.83031499385834,,,,,,
1.5B,gdpo,0,2,,,0.00634765625,-2.461885690689087,0.0,122.3037109375,95.51430196402362,5.070118010044098,,,,,,
1.5B,gdpo,0,3,,,0.0078125,-2.1770174503326416,0.0,112.958984375,92.88511779601686,6.053053319454193,,,,,,
1.5B,gdpo,0,4,,,0.009765625,-1.472762942314148,0.0,103.24951171875,88.40753132500686,181.69410753250122,,,,,,
1.5B,gdpo,0,5,,,0.013671875,-0.7008282542228699,0.0,101.86572265625,87.4005355379777,68.00464236736298,,,,,,
1.5B,gdpo,0,6,,,0.01806640625,-0.0066026560962200165,0.0,90.25927734375,84.19553488801466,37.48888576030731,,,,,,
1.5B,gdpo,0,7,,,0.02001953125,0.4042534828186035,0.0,94.34130859375,86.63228940899717,41.27933466434479,,,,,,
1.5B,gdpo,0,8,,,0.02197265625,0.7739038467407227,0.0,96.31591796875,87.57827534800163,55.36326611042023,,,,,,
1.5B,gdpo,0,9,,,0.02392578125,0.9435941576957703,0.0,92.26220703125,87.0963011799613,32.85514461994171,,,,,,
1.5B,gdpo,0,10,0.0625,1.503595362789929,0.03955078125,1.1832349300384521,0.0,82.3603515625,91.5224240910029,3.9260208010673523,,,,,,
1.5B,gdpo,0,11,,,0.04345703125,1.1567672491073608,0.0,81.4345703125,81.57029498805059,4.46273946762085,,,,,,
1.5B,gdpo,0,12,,,0.080078125,1.151627779006958,0.0,88.75927734375,87.38579310203204,32.97392076253891,,,,,,
1.5B,gdpo,0,13,,,0.12890625,1.225393533706665,0.0,85.658203125,87.31120455998462,3.93586128950119,,,,,,
1.5B,gdpo,0,14,,,0.244140625,1.1928329467773438,0.0,93.79541015625,87.98927488998743,31.755435347557068,,,,,,
1.5B,gdpo,0,15,,,0.30712890625,1.1728506088256836,0.0,87.34130859375,83.32870310603175,26.779522359371185,,,,,,
1.5B,gdpo,0,16,,,0.4912109375,1.3086353540420532,0.0,93.53515625,86.12523361900821,22.622045814990997,,,,,,
1.5B,gdpo,0,17,,,0.67578125,1.4099699258804321,0.0,96.9814453125,83.109378368943,24.915107011795044,,,,,,
1.5B,gdpo,0,18,,,0.810546875,1.2674423456192017,0.0,104.26611328125,89.40160526300315,61.37822610139847,,,,,,
1.5B,gdpo,0,19,,,0.8134765625,1.4455052614212036,0.0,101.826171875,87.92041165701812,98.15634995698929,,,,,,
1.5B,gdpo,0,20,0.9125,1.5311197137460113,0.82666015625,1.3544234037399292,0.0,101.50244140625,92.87397934799083,39.03254985809326,,,,,,
1.5B,gdpo,0,21,,,0.8388671875,1.5003972053527832,0.0,102.78076171875,87.93853107601171,190.27074497938156,,,,,,
1.5B,gdpo,0,22,,,0.87646484375,1.5356413125991821,0.0,100.75390625,85.00677456898848,42.602815091609955,,,,,,
1.5B,gdpo,0,23,,,0.873046875,1.496997356414795,0.0,97.11181640625,85.85349765699357,21.315743684768677,,,,,,
1.5B,gdpo,0,24,,,0.857421875,1.4975802898406982,0.0,96.06884765625,88.00901529396651,223.75248235464096,,,,,,
1.5B,gdpo,0,25,,,0.86181640625,1.5121166706085205,0.0,99.66259765625,90.63007367198588,190.88419449329376,,,,,,
1.5B,gdpo,0,26,,,0.85986328125,1.6311999559402466,0.0,94.1552734375,84.81291576696094,16.276190102100372,,,,,,
1.5B,gdpo,0,27,,,0.83251953125,1.4482827186584473,0.0,98.63427734375,89.25899501499953,1608.1494213342667,,,,,,
1.5B,gdpo,0,28,,,0.873046875,1.58284592628479,0.0,90.5634765625,82.05901216500206,54.43837523460388,,,,,,
1.5B,gdpo,0,29,,,0.86962890625,1.6420962810516357,0.0,96.5322265625,85.1803725399659,181.14294302463531,,,,,,
1.5B,gdpo,0,30,0.9125,1.7000242471694946,0.89111328125,1.6529325246810913,0.0,93.02294921875,85.76189812697703,2.9561533331871033,,,,,,
1.5B,gdpo,0,31,,,0.86962890625,1.722259283065796,0.0,90.765625,84.62783566099824,140.84479224681854,,,,,,
1.5B,gdpo,0,32,,,0.8564453125,1.5305771827697754,0.0,94.2490234375,88.90039206302026,126.75749757885933,,,,,,
1.5B,gdpo,0,33,,,0.8779296875,1.7046623229980469,0.0,92.34912109375,81.25839552097023,372.98087418079376,,,,,,
1.5B,gdpo,0,34,,,0.89697265625,1.6889526844024658,0.0,95.994140625,82.68344244296895,189.7443404197693,,,,,,
1.5B,gdpo,0,35,,,0.859375,1.6605708599090576,0.0,97.21630859375,87.01121556002181,88.50862690806389,,,,,,
1.5B,gdpo,0,36,,,0.9052734375,1.7975729703903198,0.0,94.11083984375,81.83098635094939,152.1936835050583,,,,,,
1.5B,gdpo,0,37,,,0.87939453125,1.6648863554000854,0.0,95.20654296875,87.70042673801072,2.9425072073936462,,,,,,
1.5B,gdpo,0,38,,,0.87109375,1.690507411956787,0.0,93.216796875,84.48318250197917,102.71312713623047,,,,,,
1.5B,gdpo,0,39,,,0.8818359375,1.6479123830795288,0.0,94.525390625,88.65395943104522,340608483330.13135,,,,,,
1.5B,gdpo,0,40,0.9625,1.7404341500252485,0.900390625,1.6929421424865723,0.0,94.08837890625,92.67480954597704,84.85401201248169,,,,,,
1.5B,gdpo,0,41,,,0.9169921875,1.7509112358093262,0.0,87.84228515625,77.93758586701006,72.78803426027298,,,,,,
1.5B,gdpo,0,42,,,0.9228515625,1.6328656673431396,0.0,97.3671875,86.91339585999958,47.97495323419571,,,,,,
1.5B,gdpo,0,43,,,0.92041015625,1.8176331520080566,0.0,96.39501953125,88.69560927397106,3.079948604106903,,,,,,
1.5B,gdpo,0,44,,,0.9150390625,1.7170517444610596,0.0,92.01513671875,82.45716576901032,1299.2558425664902,,,,,,
1.5B,gdpo,0,45,,,0.9287109375,1.677419900894165,0.0,95.0517578125,86.92730611597653,7251266.39101094,,,,,,
1.5B,gdpo,0,46,,,0.93359375,1.716801643371582,0.0,94.005859375,80.10332085401751,214.3305470943451,,,,,,
1.5B,gdpo,0,47,,,0.9453125,1.7114567756652832,0.0,94.58837890625,80.91117246297654,2.997777819633484,,,,,,
1.5B,gdpo,0,48,,,0.9267578125,1.667351484298706,0.0,93.13037109375,84.72105157200713,40.878886580467224,,,,,,
1.5B,gdpo,0,49,,,0.92578125,1.8214775323867798,0.0,91.51953125,78.24808382301126,376.6145789027214,,,,,,
1.5B,gdpo,0,50,0.975,1.719957958906889,0.9453125,1.7595793008804321,0.0,94.58935546875,91.19546445197193,295.6154536008835,,,,,,
1.5B,gdpo,0,51,,,0.93798828125,1.758109211921692,0.0,90.2392578125,78.55003234697506,443.54785001277924,,,,,,
1.5B,gdpo,0,52,,,0.93017578125,1.7788798809051514,0.0,91.20654296875,85.37173488602275,3.053912103176117,,,,,,
1.5B,gdpo,0,53,,,0.93701171875,1.7974926233291626,0.0,93.890625,81.58889257500414,165.62377458810806,,,,,,
1.5B,gdpo,0,54,,,0.93212890625,1.8590502738952637,0.0,92.1484375,82.79543364897836,136.73246410489082,,,,,,
1.5B,gdpo,0,55,,,0.92431640625,1.7569851875305176,0.0,93.517578125,81.2686358949868,10.614394068717957,,,,,,
1.5B,gdpo,0,56,,,0.92529296875,1.764412522315979,0.0,94.96484375,86.8001741199987,15.843976259231567,,,,,,
1.5B,gdpo,0,57,,,0.93798828125,1.7625612020492554,0.0,92.103515625,81.93996962200617,145.3699316382408,,,,,,
1.5B,gdpo,0,58,,,0.92529296875,1.8048932552337646,0.0,91.40869140625,75.82112364802742,18.17697912454605,,,,,,
1.5B,gdpo,0,59,,,0.9345703125,1.900699496269226,0.0,89.7900390625,83.45659606298432,15.726135075092316,,,,,,
1.5B,gdpo,0,60,0.975,1.728029889240861,0.92431640625,1.7795640230178833,0.0,90.15185546875,89.15628420800203,83.62151831388474,,,,,,
1.5B,gdpo,0,61,,,0.94287109375,1.9195753335952759,0.0,90.56005859375,78.39743287902093,15.635624468326569,,,,,,
1.5B,gdpo,0,62,,,0.92626953125,1.7041449546813965,0.0,91.2890625,82.67302639997797,110.6901541352272,,,,,,
1.5B,gdpo,0,63,,,0.9453125,1.900416374206543,0.0,93.13671875,85.8695143039804,36.67294979095459,,,,,,
1.5B,gdpo,0,64,,,0.92041015625,1.8022609949111938,0.0,94.3984375,77.94698022899684,143.82367312908173,,,,,,
1.5B,gdpo,0,65,,,0.9443359375,1.9573628902435303,0.0,91.45703125,78.42311450402485,52.86466920375824,,,,,,
1.5B,gdpo,0,66,,,0.9541015625,1.8426518440246582,0.0,90.2314453125,78.09495894098654,88.03187173604965,,,,,,
1.5B,gdpo,0,67,,,0.9267578125,1.8527226448059082,0.0,91.50830078125,78.3755040980177,30.128953874111176,,,,,,
1.5B,gdpo,0,68,,,0.94921875,1.7687475681304932,0.0,91.49853515625,87.12893320398871,3.972002685070038,,,,,,
1.5B,gdpo,0,69,,,0.93603515625,1.8017706871032715,0.0,88.50732421875,82.76008282700786,65.08724766969681,,,,,,
1.5B,gdpo,0,70,0.975,1.7374030161648988,0.9345703125,1.9211368560791016,0.0,87.53369140625,92.3572950020316,125.62340557575226,,,,,,
1.5B,gdpo,0,71,,,0.9384765625,1.8854551315307617,0.0,91.5087890625,77.91796735901153,3.6529141664505005,,,,,,
1.5B,gdpo,0,72,,,0.92333984375,1.8184760808944702,0.0,90.4423828125,84.49286656797631,3.507814586162567,,,,,,
1.5B,gdpo,0,73,,,0.94140625,1.8639640808105469,0.0,87.40673828125,77.9190338489716,67.67269712686539,,,,,,
1.5B,gdpo,0,74,,,0.92333984375,1.8043550252914429,0.0,93.7900390625,85.77286525000818,55.38846296072006,,,,,,
1.5B,gdpo,0,75,,,0.923828125,1.831007957458496,0.0,89.119140625,78.78904197196243,147.06956654787064,,,,,,
1.5B,gdpo,0,76,,,0.947265625,1.8562477827072144,0.0,94.52587890625,81.8189839280094,267.9203209877014,,,,,,
1.5B,gdpo,0,77,,,0.95166015625,1.9448163509368896,0.0,92.43017578125,81.91325261199381,32.63790488243103,,,,,,
1.5B,gdpo,0,78,,,0.95703125,1.9954947233200073,0.0,90.400390625,84.10793847497553,49.368387281894684,,,,,,
1.5B,gdpo,0,79,,,0.947265625,1.9567832946777344,0.0,92.19482421875,79.5549562619999,2.927055448293686,,,,,,
1.5B,gdpo,0,80,0.975,1.7542604312300683,0.94189453125,1.9055705070495605,0.0,92.6171875,91.1934404700296,1274.6817380189896,,,,,,
1.5B,gdpo,0,81,,,0.92822265625,1.7895328998565674,0.0,90.48681640625,79.41182035004022,9.257793068885803,,,,,,
1.5B,gdpo,0,82,,,0.92431640625,1.8679288625717163,0.0,91.15234375,84.54159891302697,64.80957978963852,,,,,,
1.5B,gdpo,0,83,,,0.9423828125,1.760542392730713,0.0,87.8515625,79.61909010598902,101.22821569442749,,,,,,
1.5B,gdpo,0,84,,,0.9443359375,1.8717936277389526,0.0,91.82666015625,85.56256092397962,50.78712886571884,,,,,,
1.5B,gdpo,0,85,,,0.939453125,1.8260630369186401,0.0,87.87109375,87.16970613697777,14.112522959709167,,,,,,
1.5B,gdpo,0,86,,,0.95068359375,1.9249719381332397,0.0,90.1875,84.33591923001222,60.94946038722992,,,,,,
1.5B,gdpo,0,87,,,0.9462890625,1.905126929283142,0.0,90.13330078125,79.4424943330232,86.34451639652252,,,,,,
1.5B,gdpo,0,88,,,0.93701171875,1.8966128826141357,0.0,90.82763671875,84.64136578101898,58.75019949674606,,,,,,
1.5B,gdpo,0,89,,,0.93017578125,1.8402316570281982,0.0,91.109375,75.93732149497373,3.4927074313163757,,,,,,
1.5B,gdpo,0,90,0.975,1.7967036113142967,0.94287109375,1.8410028219223022,0.0,90.87548828125,91.65112451300956,2.834241032600403,,,,,,
1.5B,gdpo,0,91,,,0.951171875,1.9006519317626953,0.0,89.75927734375,75.48086463299114,4.382576644420624,,,,,,
1.5B,gdpo,0,92,,,0.9384765625,1.865138053894043,0.0,88.79931640625,79.02423948299838,107.98938900232315,,,,,,
1.5B,gdpo,0,93,,,0.94140625,1.9378843307495117,0.0,92.2744140625,87.17175666399999,64.98116284608841,,,,,,
1.5B,gdpo,0,94,,,0.939453125,1.9097812175750732,0.0,89.2265625,86.2534626199631,82.52368542551994,,,,,,
1.5B,gdpo,0,95,,,0.93408203125,1.9054020643234253,0.0,91.82421875,86.49059435701929,316.52256077528,,,,,,
1.5B,gdpo,0,96,,,0.9609375,1.8929880857467651,0.0,91.79296875,84.56091348995687,71.56793749332428,,,,,,
1.5B,gdpo,0,97,,,0.955078125,1.9328539371490479,0.0,90.51611328125,80.26821404701332,99.81398212909698,,,,,,
1.5B,gdpo,0,98,,,0.9375,1.7864480018615723,0.0,90.76318359375,80.59964250499615,9.756715714931488,,,,,,
1.5B,gdpo,0,99,,,0.93701171875,1.9105125665664673,0.0,91.01904296875,78.66062167199561,67.43058967590332,,,,,,
1.5B,gdpo,0,100,0.975,1.7154536105692386,0.94384765625,1.8361061811447144,0.0,90.947265625,96.78755026200088,51.023676961660385,,,,,,
1.5B,gdpo,1,0,0.025,-2.54375,,,,,,,,,,,,
1.5B,gdpo,1,1,,,0.001953125,-2.450601100921631,0.0,120.4599609375,94.25204513099743,41.82579731941223,,,,,,
1.5B,gdpo,1,2,,,0.0107421875,-2.4840216636657715,0.0,125.53466796875,94.02578928205185,151.80281829833984,,,,,,
1.5B,gdpo,1,3,,,0.00830078125,-2.268312692642212,0.0,116.79931640625,90.10705301497364,19.462496280670166,,,,,,
1.5B,gdpo,1,4,,,0.0068359375,-1.5896978378295898,0.0,99.244140625,88.59586553700501,67.6742799282074,,,,,,
1.5B,gdpo,1,5,,,0.01611328125,-0.6162831783294678,0.0,89.73828125,85.04255635896698,39.812945544719696,,,,,,
1.5B,gdpo,1,6,,,0.02392578125,0.06164056062698364,0.0,92.515625,85.54824608104536,44.672290325164795,,,,,,
1.5B,gdpo,1,7,,,0.02392578125,0.5214746594429016,0.0,89.59521484375,84.98209887597477,3.9115750789642334,,,,,,
1.5B,gdpo,1,8,,,0.02734375,0.9901152849197388,0.0,86.115234375,86.800030288985,50.67198944091797,,,,,,
1.5B,gdpo,1,9,,,0.04736328125,1.0256993770599365,0.0,87.48095703125,84.43639778497163,15.998457312583923,,,,,,
1.5B,gdpo,1,10,0.125,1.550224825926125,0.0703125,1.1887168884277344,0.0,83.3271484375,91.20604589598952,3.7432077527046204,,,,,,
1.5B,gdpo,1,11,,,0.11767578125,1.1491248607635498,0.0,78.8115234375,83.72176703898003,3.8940460681915283,,,,,,
1.5B,gdpo,1,12,,,0.16259765625,1.2643009424209595,0.0,84.8017578125,85.9353169699898,15.915699779987335,,,,,,
1.5B,gdpo,1,13,,,0.23486328125,1.181349277496338,0.0,88.80224609375,86.31188766803825,39.68857592344284,,,,,,
1.5B,gdpo,1,14,,,0.36328125,1.2496517896652222,0.0,92.8447265625,88.61585812101839,10.523463487625122,,,,,,
1.5B,gdpo,1,15,,,0.51220703125,1.3636655807495117,0.0,94.4345703125,87.25140308099799,154.89284706115723,,,,,,
1.5B,gdpo,1,16,,,0.697265625,1.209639549255371,0.0,102.64697265625,85.77318143000593,150.80476707220078,,,,,,
1.5B,gdpo,1,17,,,0.7744140625,1.3904223442077637,0.0,103.68994140625,89.57536582800094,58.3010938167572,,,,,,
1.5B,gdpo,1,18,,,0.79833984375,1.2117040157318115,0.0,108.14111328125,90.98837306397036,45.534758269786835,,,,,,
1.5B,gdpo,1,19,,,0.83642578125,1.3161797523498535,0.0,103.41796875,90.47057535202475,3.1011046171188354,,,,,,
1.5B,gdpo,1,20,0.925,1.5503161421045661,0.86328125,1.5344465970993042,0.0,102.52001953125,92.93483148200903,93.61958652734756,,,,,,
1.5B,gdpo,1,21,,,0.85302734375,1.397763729095459,0.0,100.53955078125,88.32693047897192,46.722566306591034,,,,,,
1.5B,gdpo,1,22,,,0.8779296875,1.5191229581832886,0.0,102.81396484375,88.84902068297379,103.23600900173187,,,,,,
1.5B,gdpo,1,23,,,0.8662109375,1.5412144660949707,0.0,101.95458984375,88.41910677897977,61.937005400657654,,,,,,
1.5B,gdpo,1,24,,,0.875,1.5139998197555542,0.0,100.8056640625,86.9797051770147,82.25307595729828,,,,,,
1.5B,gdpo,1,25,,,0.8681640625,1.6304435729980469,0.0,100.33935546875,87.88092928001424,76.35696935653687,,,,,,
1.5B,gdpo,1,26,,,0.87353515625,1.668323278427124,0.0,99.73193359375,86.92076779296622,397.56744372844696,,,,,,
1.5B,gdpo,1,27,,,0.85888671875,1.5553226470947266,0.0,94.322265625,84.08238153997809,2.6672666668891907,,,,,,
1.5B,gdpo,1,28,,,0.8603515625,1.4288783073425293,0.0,99.72509765625,89.34980535600334,33.81730890274048,,,,,,
1.5B,gdpo,1,29,,,0.8818359375,1.7195121049880981,0.0,95.1826171875,84.10963224200532,3624.4481223225594,,,,,,
1.5B,gdpo,1,30,0.9625,1.7175837706774473,0.88330078125,1.6010568141937256,0.0,102.5498046875,96.84597153699724,489.27984857559204,,,,,,
1.5B,gdpo,1,31,,,0.9033203125,1.6543442010879517,0.0,97.79736328125,83.32804152800236,18.71973091363907,,,,,,
1.5B,gdpo,1,32,,,0.92138671875,1.6771076917648315,0.0,96.1708984375,87.79755722300615,170.19007408618927,,,,,,
1.5B,gdpo,1,33,,,0.92431640625,1.7141458988189697,0.0,97.84228515625,81.6942875990062,29.73212468624115,,,,,,
1.5B,gdpo,1,34,,,0.912109375,1.62740159034729,0.0,101.7783203125,88.01816930400673,14.794054329395294,,,,,,
1.5B,gdpo,1,35,,,0.91650390625,1.6603951454162598,0.0,102.0419921875,86.40689611103153,73.04749429225922,,,,,,
1.5B,gdpo,1,36,,,0.912109375,1.735119104385376,0.0,95.26513671875,81.06488253298448,205.1919378042221,,,,,,
1.5B,gdpo,1,37,,,0.91552734375,1.5854665040969849,0.0,98.1982421875,82.39895762695232,8.661752104759216,,,,,,
1.5B,gdpo,1,38,,,0.9375,1.790419340133667,0.0,96.3876953125,85.12435489700874,40.353222727775574,,,,,,
1.5B,gdpo,1,39,,,0.9169921875,1.5299882888793945,0.0,99.947265625,87.76861301600002,37.768838703632355,,,,,,
1.5B,gdpo,1,40,0.975,1.7246373441070317,0.92822265625,1.7173529863357544,0.0,95.43408203125,91.33039456699044,19.410450756549835,,,,,,
1.5B,gdpo,1,41,,,0.92626953125,1.7979929447174072,0.0,93.55224609375,83.67985255096573,25.034492015838623,,,,,,
1.5B,gdpo,1,42,,,0.92236328125,1.6394108533859253,0.0,96.5634765625,86.51837428001454,373.1106867790222,,,,,,
1.5B,gdpo,1,43,,,0.91748046875,1.6885324716567993,0.0,98.7080078125,87.47015690902481,198.32307130098343,,,,,,
1.5B,gdpo,1,44,,,0.91650390625,1.6947352886199951,0.0,96.94580078125,87.30707994598197,84.35267615318298,,,,,,
1.5B,gdpo,1,45,,,0.92626953125,1.716240644454956,0.0,91.84228515625,79.63220709702,3.2990293502807617,,,,,,
1.5B,gdpo,1,46,,,0.9306640625,1.82463800907135,0.0,90.95458984375,87.22430380200967,325.96838241815567,,,,,,
1.5B,gdpo,1,47,,,0.9296875,1.7560465335845947,0.0,92.9443359375,81.1150862579816,4.324333965778351,,,,,,
1.5B,gdpo,1,48,,,0.9375,1.729341983795166,0.0,88.2509765625,79.98666226997739,128.9721047282219,,,,,,
1.5B,gdpo,1,49,,,0.93212890625,1.7203443050384521,0.0,92.404296875,80.59766870003659,3.348290741443634,,,,,,
1.5B,gdpo,1,50,0.975,1.783868945017457,0.92822265625,1.771910309791565,0.0,92.1484375,87.19877615699079,262.02485597133636,,,,,,
1.5B,gdpo,1,51,,,0.93212890625,1.7797428369522095,0.0,90.8759765625,85.0463105510571,774.2223290801048,,,,,,
1.5B,gdpo,1,52,,,0.94140625,1.8174819946289062,0.0,92.03076171875,86.78815651504556,3.0726744532585144,,,,,,
1.5B,gdpo,1,53,,,0.93212890625,1.718172311782837,0.0,94.7353515625,82.29369418101851,105.76277893781662,,,,,,
1.5B,gdpo,1,54,,,0.92431640625,1.6865369081497192,0.0,95.60009765625,81.83276014600415,61.116015791893005,,,,,,
1.5B,gdpo,1,55,,,0.927734375,1.744347095489502,0.0,91.37646484375,82.20530069101369,11.014248847961426,,,,,,
1.5B,gdpo,1,56,,,0.9384765625,1.83881413936615,0.0,96.47705078125,80.50603608798701,77.04143249988556,,,,,,
1.5B,gdpo,1,57,,,0.927734375,1.720199465751648,0.0,91.41650390625,83.44822736200877,3.2693551778793335,,,,,,
1.5B,gdpo,1,58,,,0.943359375,1.874257206916809,0.0,95.74658203125,82.05163223296404,123.37757703661919,,,,,,
1.5B,gdpo,1,59,,,0.93115234375,1.85193932056427,0.0,92.39794921875,79.28121133596869,29.539413332939148,,,,,,
1.5B,gdpo,1,60,0.975,1.761547515168786,0.93603515625,1.8680657148361206,0.0,97.81884765625,92.03650688799098,49.92142182588577,,,,,,
1.5B,gdpo,1,61,,,0.94384765625,1.8053452968597412,0.0,94.87939453125,80.02581040700898,394.1867413520813,,,,,,
1.5B,gdpo,1,62,,,0.921875,1.7882006168365479,0.0,100.82373046875,86.19014566601254,27.676062524318695,,,,,,
1.5B,gdpo,1,63,,,0.921875,1.6158307790756226,0.0,96.52490234375,78.97427381802117,59.722997307777405,,,,,,
1.5B,gdpo,1,64,,,0.91650390625,1.7606492042541504,0.0,95.9208984375,80.41587050497765,673.527248442173,,,,,,
1.5B,gdpo,1,65,,,0.94091796875,1.7178977727890015,0.0,98.04638671875,89.68206820701016,33.47152554988861,,,,,,
1.5B,gdpo,1,66,,,0.93310546875,1.9262255430221558,0.0,92.99755859375,76.93151122704148,3.4503397941589355,,,,,,
1.5B,gdpo,1,67,,,0.95458984375,1.875305414199829,0.0,95.45703125,77.92748231597943,108.98561024665833,,,,,,
1.5B,gdpo,1,68,,,0.94775390625,1.8737422227859497,0.0,94.3076171875,77.9389347419492,40.57296258211136,,,,,,
1.5B,gdpo,1,69,,,0.93115234375,1.7157745361328125,0.0,100.58935546875,83.94591710699024,156.25900864601135,,,,,,
1.5B,gdpo,1,70,0.975,1.802618943527341,0.9306640625,1.8368431329727173,0.0,95.59326171875,84.26582876004977,74.0879784822464,,,,,,
1.5B,gdpo,1,71,,,0.919921875,1.8566142320632935,0.0,95.1748046875,84.28847018798115,3.0354026556015015,,,,,,
1.5B,gdpo,1,72,,,0.95166015625,1.940555453300476,0.0,94.91650390625,83.29038217302877,121.88417279720306,,,,,,
1.5B,gdpo,1,73,,,0.93017578125,1.845076084136963,0.0,96.49169921875,78.51344403199619,424694.8705328703,,,,,,
1.5B,gdpo,1,74,,,0.93798828125,1.8374810218811035,0.0,98.4189453125,81.81762910902034,162.73838460445404,,,,,,
1.5B,gdpo,1,75,,,0.94189453125,1.7875982522964478,0.0,94.66162109375,80.52493572200183,3.892515778541565,,,,,,
1.5B,gdpo,1,76,,,0.94482421875,1.8518078327178955,0.0,98.9150390625,79.52629623498069,125.34249937534332,,,,,,
1.5B,gdpo,1,77,,,0.939453125,1.903623342514038,0.0,96.90380859375,82.25463136704639,3.001604735851288,,,,,,
1.5B,gdpo,1,78,,,0.94873046875,1.9450552463531494,0.0,97.4404296875,78.39995423803339,152.01103511452675,,,,,,
1.5B,gdpo,1,79,,,0.935546875,1.8804322481155396,0.0,102.4423828125,88.49954661400989,90.48297691345215,,,,,,
1.5B,gdpo,1,80,0.975,1.8160804826766253,0.93017578125,1.7417316436767578,0.0,96.64794921875,86.86596984200878,55.47596287727356,,,,,,
1.5B,gdpo,1,81,,,0.94384765625,1.920966386795044,0.0,97.21240234375,87.46642865700414,128.51901000738144,,,,,,
1.5B,gdpo,1,82,,,0.9462890625,1.8485767841339111,0.0,97.19775390625,79.4013535209815,9.446241796016693,,,,,,
1.5B,gdpo,1,83,,,0.93212890625,1.8104110956192017,0.0,101.82080078125,82.3152828150196,105.34374904632568,,,,,,
1.5B,gdpo,1,84,,,0.93359375,1.9259775876998901,0.0,97.89599609375,83.71471975499298,3.8157447576522827,,,,,,
1.5B,gdpo,1,85,,,0.93798828125,1.8698976039886475,0.0,98.18115234375,81.44327310699737,268.55489242076874,,,,,,
1.5B,gdpo,1,86,,,0.931640625,1.8928724527359009,0.0,99.71875,79.2229554480291,64.10435086488724,,,,,,
1.5B,gdpo,1,87,,,0.94091796875,1.865335464477539,0.0,96.21240234375,77.52466575597646,3.504495084285736,,,,,,
1.5B,gdpo,1,88,,,0.93505859375,1.9174854755401611,0.0,101.70068359375,81.1428168459679,256.52318143844604,,,,,,
1.5B,gdpo,1,89,,,0.9443359375,1.9250530004501343,0.0,100.24072265625,81.49190040398389,1387932.1857340932,,,,,,
1.5B,gdpo,1,90,0.975,1.7950868912041187,0.95458984375,1.8304948806762695,0.0,99.6015625,84.76410600100644,5.120407193899155,,,,,,
1.5B,gdpo,1,91,,,0.947265625,1.8895282745361328,0.0,98.7578125,79.32134451100137,257.40291863679886,,,,,,
1.5B,gdpo,1,92,,,0.9443359375,2.000028371810913,0.0,97.08056640625,83.94348601996899,3.7040104269981384,,,,,,
1.5B,gdpo,1,93,,,0.93994140625,1.878685474395752,0.0,100.6376953125,81.79033266601618,13530.651981413364,,,,,,
1.5B,gdpo,1,94,,,0.9443359375,1.9486645460128784,0.0,99.92919921875,78.5904216109775,284.37394392490387,,,,,,
1.5B,gdpo,1,95,,,0.92919921875,1.863800048828125,0.0,97.11328125,86.47529868001584,114.78698146343231,,,,,,
1.5B,gdpo,1,96,,,0.9404296875,1.8523396253585815,0.0,103.68505859375,82.32482327905018,175.51493102312088,,,,,,
1.5B,gdpo,1,97,,,0.94140625,1.8842408657073975,0.0,100.25634765625,80.72539978998248,161.91294959187508,,,,,,
1.5B,gdpo,1,98,,,0.9423828125,1.8834619522094727,0.0,101.6982421875,82.4691149230348,49.58853667974472,,,,,,
1.5B,gdpo,1,99,,,0.9189453125,1.859449863433838,0.0,104.767578125,80.9565177289769,1143.3377666175365,,,,,,
1.5B,gdpo,1,100,0.975,1.8162178436294198,0.9453125,1.984848141670227,0.0,95.830078125,100.80619662301615,3.0299366116523743,,,,,,
1.5B,gdpo,2,0,0.025,-2.54375,,,,,,,,,,,,
1.5B,gdpo,2,1,,,0.0048828125,-2.440371036529541,0.0,123.24072265625,99.80435730703175,48.85172379016876,,,,,,
1.5B,gdpo,2,2,,,0.00537109375,-2.410172462463379,0.0,115.240234375,96.14070077496581,5.6722731590271,,,,,,
1.5B,gdpo,2,3,,,0.0078125,-2.195580005645752,0.0,117.6875,95.72712140600197,61.21125841140747,,,,,,
1.5B,gdpo,2,4,,,0.0087890625,-1.4589284658432007,0.0,92.8974609375,90.31190967501607,430.90420150756836,,,,,,
1.5B,gdpo,2,5,,,0.0126953125,-0.21198567748069763,0.0,91.27490234375,89.90543867700035,4.796427309513092,,,,,,
1.5B,gdpo,2,6,,,0.00439453125,0.5931598544120789,0.0,85.5732421875,88.58335026202258,58.816630363464355,,,,,,
1.5B,gdpo,2,7,,,0.001953125,0.8139268755912781,0.0,88.96142578125,90.14784564898582,15.390362203121185,,,,,,
1.5B,gdpo,2,8,,,0.0048828125,1.1845219135284424,0.0,80.86181640625,89.54603815096198,14.885845422744751,,,,,,
1.5B,gdpo,2,9,,,0.00244140625,1.1962894201278687,0.0,88.20068359375,89.4154249120038,9.06915283203125,,,,,,
1.5B,gdpo,2,10,0.0125,1.4735953625291587,0.0009765625,1.339250922203064,0.0,88.36669921875,106.11849819199415,113.94176709651947,,,,,,
1.5B,gdpo,2,11,,,0.0068359375,1.2921899557113647,0.0,82.2236328125,89.40608060901286,5.803911447525024,,,,,,
1.5B,gdpo,2,12,,,0.0068359375,1.3380653858184814,0.0,81.25830078125,88.80650505702943,17.893392622470856,,,,,,
1.5B,gdpo,2,13,,,0.0078125,1.4948996305465698,0.0,74.20703125,87.74333734100219,11.818898260593414,,,,,,
1.5B,gdpo,2,14,,,0.00732421875,1.4494496583938599,0.0,88.921875,89.93466179602547,70.58087170124054,,,,,,
1.5B,gdpo,2,15,,,0.00439453125,1.489172101020813,0.0,79.52587890625,85.36395220196573,10.301576972007751,,,,,,
1.5B,gdpo,2,16,,,0.0107421875,1.4597666263580322,0.0,81.3623046875,85.99906591000035,3.1871729493141174,,,,,,
1.5B,gdpo,2,17,,,0.015625,1.5284173488616943,0.0,76.5224609375,84.5346958010341,3.293786883354187,,,,,,
1.5B,gdpo,2,18,,,0.00634765625,1.5077601671218872,0.0,82.16796875,89.82748693099711,7.011002600193024,,,,,,
1.5B,gdpo,2,19,,,0.0078125,1.587227463722229,0.0,80.6123046875,84.19304695498431,10.359972834587097,,,,,,
1.5B,gdpo,2,20,0.0375,1.6850117610767483,0.0087890625,1.6343060731887817,0.0,70.84521484375,94.0065011830302,8.459986209869385,,,,,,
1.5B,gdpo,2,21,,,0.009765625,1.6468806266784668,0.0,75.103515625,86.29304359998787,76.01647001504898,,,,,,
1.5B,gdpo,2,22,,,0.0126953125,1.5194575786590576,0.0,74.57177734375,88.34021390596172,2.882431149482727,,,,,,
1.5B,gdpo,2,23,,,0.00830078125,1.6400737762451172,0.0,65.392578125,84.60443527100142,3.430593729019165,,,,,,
1.5B,gdpo,2,24,,,0.009765625,1.7153360843658447,0.0,77.42626953125,86.3611762689543,12.560027539730072,,,,,,
1.5B,gdpo,2,25,,,0.01953125,1.6448801755905151,0.0,73.8212890625,88.29017435305286,3.2489073276519775,,,,,,
1.5B,gdpo,2,26,,,0.01513671875,1.711112380027771,0.0,72.90576171875,86.01631133299088,51.240441143512726,,,,,,
1.5B,gdpo,2,27,,,0.02197265625,1.7238961458206177,0.0,70.26123046875,84.71149727399461,24.236825823783875,,,,,,
1.5B,gdpo,2,28,,,0.01806640625,1.7787998914718628,0.0,68.92041015625,86.22688650799682,3.9061452746391296,,,,,,
1.5B,gdpo,2,29,,,0.01416015625,1.7753956317901611,0.0,73.29150390625,86.75672243500594,2.940985858440399,,,,,,
1.5B,gdpo,2,30,0.05,1.751014506444335,0.02099609375,1.6713491678237915,0.0,70.77001953125,91.95719875796931,15.145939886569977,,,,,,
1.5B,gdpo,2,31,,,0.02734375,1.7220646142959595,0.0,67.7421875,87.95735725096893,3.4521350264549255,,,,,,
1.5B,gdpo,2,32,,,0.01904296875,1.827897071838379,0.0,66.0595703125,81.3109609609819,11.755793035030365,,,,,,
1.5B,gdpo,2,33,,,0.02490234375,1.6509424448013306,0.0,67.33740234375,84.63856051699258,3.3202162981033325,,,,,,
1.5B,gdpo,2,34,,,0.025390625,1.7621909379959106,0.0,64.912109375,75.11673515703296,21.749783396720886,,,,,,
1.5B,gdpo,2,35,,,0.0244140625,1.7133946418762207,0.0,69.69189453125,79.80328026699135,35.78092443943024,,,,,,
1.5B,gdpo,2,36,,,0.0341796875,1.7418675422668457,0.0,71.81591796875,83.99438113596989,11.4789879322052,,,,,,
1.5B,gdpo,2,37,,,0.0234375,1.869200587272644,0.0,66.2265625,81.48100659897318,4.626532554626465,,,,,,
1.5B,gdpo,2,38,,,0.044921875,1.6265182495117188,0.0,74.20654296875,87.40265450603329,24.939582347869873,,,,,,
1.5B,gdpo,2,39,,,0.02783203125,1.8086860179901123,0.0,70.25634765625,86.52878081600647,15.028159737586975,,,,,,
1.5B,gdpo,2,40,0.0625,1.7679192680865525,0.0380859375,1.7979552745819092,0.0,68.51318359375,97.25400365900714,51.38062208890915,,,,,,
1.5B,gdpo,2,41,,,0.0341796875,1.7670032978057861,0.0,70.50244140625,79.95396314602112,4.091399967670441,,,,,,
1.5B,gdpo,2,42,,,0.0263671875,1.731428861618042,0.0,69.4951171875,81.27967328997329,131.31279611587524,,,,,,
1.5B,gdpo,2,43,,,0.03515625,1.774997353553772,0.0,68.58984375,77.56737888097996,3.4590150713920593,,,,,,
1.5B,gdpo,2,44,,,0.04150390625,1.853839635848999,0.0,67.98388671875,86.17377671500435,17.137556731700897,,,,,,
1.5B,gdpo,2,45,,,0.0556640625,1.817304253578186,0.0,73.81103515625,86.81415872502839,64.53807407617569,,,,,,
1.5B,gdpo,2,46,,,0.05126953125,1.8035619258880615,0.0,70.65283203125,88.12287918297807,3.487821400165558,,,,,,
1.5B,gdpo,2,47,,,0.0234375,1.8637490272521973,0.0,67.76318359375,85.08157641004073,4.079748153686523,,,,,,
1.5B,gdpo,2,48,,,0.05419921875,1.8271262645721436,0.0,76.298828125,89.16406454500975,147.16585212945938,,,,,,
1.5B,gdpo,2,49,,,0.07373046875,1.7046016454696655,0.0,71.7001953125,88.78290422999999,284.85538882017136,,,,,,
1.5B,gdpo,2,50,0.0875,1.75200580842793,0.0498046875,1.8625845909118652,0.0,72.61865234375,92.34897545102285,3.4408704042434692,,,,,,
1.5B,gdpo,2,51,,,0.04931640625,1.7550963163375854,0.0,73.8046875,86.22382205200847,3.076922118663788,,,,,,
1.5B,gdpo,2,52,,,0.07568359375,1.9147335290908813,0.0,67.7978515625,82.58552700199652,3.6271870732307434,,,,,,
1.5B,gdpo,2,53,,,0.06884765625,1.7975159883499146,0.0,74.44384765625,86.81105192704126,3.2975353002548218,,,,,,
1.5B,gdpo,2,54,,,0.10107421875,1.7948957681655884,0.0,73.89208984375,87.4084480520105,479.0126660466194,,,,,,
1.5B,gdpo,2,55,,,0.0830078125,1.79944908618927,0.0,74.509765625,88.14932513196254,3.8061594367027283,,,,,,
1.5B,gdpo,2,56,,,0.076171875,1.9028351306915283,0.0,72.37939453125,81.83579846902285,3.157783091068268,,,,,,
1.5B,gdpo,2,57,,,0.0771484375,1.872851848602295,0.0,69.71826171875,79.87025670602452,488.6470465064049,,,,,,
1.5B,gdpo,2,58,,,0.0869140625,1.8712056875228882,0.0,72.85546875,87.63262403197587,4.995187401771545,,,,,,
1.5B,gdpo,2,59,,,0.080078125,1.8251144886016846,0.0,72.71142578125,83.2157054420095,24.707932710647583,,,,,,
1.5B,gdpo,2,60,0.075,1.7879673466086388,0.10888671875,1.8417888879776,0.0,71.39892578125,85.7707513429923,4.402524888515472,,,,,,
1.5B,gdpo,2,61,,,0.0732421875,1.8795086145401,0.0,68.337890625,84.57505533500807,3.608610212802887,,,,,,
1.5B,gdpo,2,62,,,0.10009765625,1.8157751560211182,0.0,75.34521484375,89.98726432601688,4922.801112651825,,,,,,
1.5B,gdpo,2,63,,,0.06103515625,1.9845969676971436,0.0,66.97509765625,79.36722937400918,4.706906020641327,,,,,,
1.5B,gdpo,2,64,,,0.06591796875,1.7875722646713257,0.0,75.263671875,85.51246397104114,144539.79337239265,,,,,,
1.5B,gdpo,2,65,,,0.08544921875,1.9177253246307373,0.0,73.62890625,86.51591257203836,3.6869727969169617,,,,,,
1.5B,gdpo,2,66,,,0.091796875,1.877711534500122,0.0,73.64404296875,86.70304034900619,56.03042030334473,,,,,,
1.5B,gdpo,2,67,,,0.06982421875,1.8378416299819946,0.0,75.1484375,87.22262735600816,477.18094676733017,,,,,,
1.5B,gdpo,2,68,,,0.1083984375,1.867466926574707,0.0,68.21435546875,77.23914658499416,133.8573179244995,,,,,,
1.5B,gdpo,2,69,,,0.0927734375,1.8368444442749023,0.0,69.9384765625,86.75472577899927,864.7974263429642,,,,,,
1.5B,gdpo,2,70,0.1,1.772159196063876,0.1083984375,1.957950234413147,0.0,70.35009765625,89.27035314694513,10.509050130844116,,,,,,
1.5B,gdpo,2,71,,,0.13232421875,1.775057077407837,0.0,74.83056640625,84.87304765405133,63.66183263063431,,,,,,
1.5B,gdpo,2,72,,,0.26171875,1.8545918464660645,0.0,80.06298828125,89.40515485499054,44.86078953742981,,,,,,
1.5B,gdpo,2,73,,,0.44775390625,1.8246521949768066,0.0,89.02099609375,89.24115071998676,192.49474048614502,,,,,,
1.5B,gdpo,2,74,,,0.7529296875,1.6791890859603882,0.0,99.90087890625,81.69315109099261,170.79735851287842,,,,,,
1.5B,gdpo,2,75,,,0.88671875,1.7359604835510254,0.0,104.58984375,90.1550648289849,207.89754986763,,,,,,
1.5B,gdpo,2,76,,,0.92919921875,1.7881407737731934,0.0,106.7314453125,89.51980197400553,118.84859544038773,,,,,,
1.5B,gdpo,2,77,,,0.92431640625,1.748456358909607,0.0,108.15771484375,92.6018461729982,98.80827462673187,,,,,,
1.5B,gdpo,2,78,,,0.92431640625,1.7729945182800293,0.0,103.328125,85.46298705897061,134.47096759080887,,,,,,
1.5B,gdpo,2,79,,,0.93408203125,1.8414649963378906,0.0,106.73583984375,94.02147215598961,2811.1585874557495,,,,,,
1.5B,gdpo,2,80,0.975,1.6816830057650805,0.93603515625,1.8510966300964355,0.0,102.4736328125,101.58122794900555,155.41097557544708,,,,,,
1.5B,gdpo,2,81,,,0.94384765625,1.749072551727295,0.0,104.345703125,89.92556965595577,135.33505231142044,,,,,,
1.5B,gdpo,2,82,,,0.92919921875,1.85770583152771,0.0,97.58740234375,89.30942981201224,65.23363375663757,,,,,,
1.5B,gdpo,2,83,,,0.94677734375,1.8803918361663818,0.0,98.22998046875,87.8122179460479,95.35677760839462,,,,,,
1.5B,gdpo,2,84,,,0.9580078125,1.8580933809280396,0.0,99.39599609375,81.63707845599856,69.13027203083038,,,,,,
1.5B,gdpo,2,85,,,0.953125,1.9651052951812744,0.0,97.494140625,86.12031279003713,4.6593310832977295,,,,,,
1.5B,gdpo,2,86,,,0.9326171875,1.70155930519104,0.0,98.22119140625,82.53958530299133,169.05578422546387,,,,,,
1.5B,gdpo,2,87,,,0.93994140625,1.8416708707809448,0.0,95.859375,83.13168009702349,142.87551790475845,,,,,,
1.5B,gdpo,2,88,,,0.94189453125,1.8864408731460571,0.0,96.38916015625,82.033161956002,100.53706777095795,,,,,,
1.5B,gdpo,2,89,,,0.93505859375,1.8645284175872803,0.0,101.14453125,92.98675426701084,5.845978319644928,,,,,,
1.5B,gdpo,2,90,0.975,1.6921591948717833,0.93505859375,1.8474079370498657,0.0,92.1474609375,95.22204158798559,413.8572391271591,,,,,,
1.5B,gdpo,2,91,,,0.95458984375,1.904405951499939,0.0,97.74951171875,81.22839862498222,91.10675784945488,,,,,,
1.5B,gdpo,2,92,,,0.9501953125,1.868316888809204,0.0,97.13427734375,90.5774362370139,4.331455886363983,,,,,,
1.5B,gdpo,2,93,,,0.9443359375,1.7692760229110718,0.0,96.712890625,90.7713842370431,86.09455633163452,,,,,,
1.5B,gdpo,2,94,,,0.95703125,1.9340569972991943,0.0,98.32958984375,81.81367986899568,7.480995416641235,,,,,,
1.5B,gdpo,2,95,,,0.95166015625,1.8698904514312744,0.0,94.15625,90.92511120100971,49.23110085725784,,,,,,
1.5B,gdpo,2,96,,,0.9443359375,1.9396196603775024,0.0,94.66796875,92.17890582501423,105.9868269264698,,,,,,
1.5B,gdpo,2,97,,,0.9462890625,1.9509751796722412,0.0,95.0986328125,82.97551277198363,37.74126994609833,,,,,,
1.5B,gdpo,2,98,,,0.95361328125,1.8642477989196777,0.0,94.57080078125,83.12511705199722,214.9949346780777,,,,,,
1.5B,gdpo,2,99,,,0.9521484375,1.8979687690734863,0.0,93.24267578125,83.86379128601402,183.71555757522583,,,,,,
1.5B,gdpo,2,100,0.975,1.7273080036044122,0.94189453125,1.8534595966339111,0.0,94.779296875,112.01822775299661,3.5353814363479614,,,,,,
1.5B,gdpo,4,0,0.025,-2.5875,,,,,,,,,,,,
1.5B,gdpo,4,1,,,0.0068359375,-2.4496946334838867,0.0,119.62451171875,94.30156966100913,115.28294670581818,,,,,,
1.5B,gdpo,4,2,,,0.0078125,-2.488208055496216,0.0,120.4892578125,93.83243317203596,5.033340752124786,,,,,,
1.5B,gdpo,4,3,,,0.0078125,-2.2737631797790527,0.0,116.1689453125,88.17698893498164,5.376642465591431,,,,,,
1.5B,gdpo,4,4,,,0.00634765625,-1.6548629999160767,0.0,104.75146484375,88.2367606019834,5.152009546756744,,,,,,
1.5B,gdpo,4,5,,,0.02783203125,-0.594214677810669,0.0,102.923828125,90.73904292896623,37.55909872055054,,,,,,
1.5B,gdpo,4,6,,,0.0302734375,0.15497282147407532,0.0,91.14013671875,89.39682490099221,70.82871901988983,,,,,,
1.5B,gdpo,4,7,,,0.0546875,0.5145481824874878,0.0,97.72607421875,88.64664952800376,4.021840155124664,,,,,,
1.5B,gdpo,4,8,,,0.07080078125,0.8325734734535217,0.0,93.13037109375,85.44664600596298,182.40304845571518,,,,,,
1.5B,gdpo,4,9,,,0.15283203125,0.8907687067985535,0.0,87.56884765625,86.06945465202443,16.106741786003113,,,,,,
1.5B,gdpo,4,10,0.2625,1.4447134634479881,0.1630859375,1.006345272064209,0.0,88.91845703125,101.78242876200238,4.026766300201416,,,,,,
1.5B,gdpo,4,11,,,0.17333984375,1.1464265584945679,0.0,91.8212890625,85.3809128709836,85.60203045606613,,,,,,
1.5B,gdpo,4,12,,,0.37353515625,1.1558034420013428,0.0,98.3427734375,87.72579483804293,108.87849098443985,,,,,,
1.5B,gdpo,4,13,,,0.55859375,1.1046028137207031,0.0,97.8076171875,86.48030039400328,102.03544962406158,,,,,,
1.5B,gdpo,4,14,,,0.67236328125,1.1537460088729858,0.0,100.42333984375,89.55911623104475,3.7945821285247803,,,,,,
1.5B,gdpo,4,15,,,0.794921875,1.1653367280960083,0.0,107.60498046875,88.67174565099413,63.20704424381256,,,,,,
1.5B,gdpo,4,16,,,0.83837890625,1.3019393682479858,0.0,104.49267578125,87.55457118299091,32.967853009700775,,,,,,
1.5B,gdpo,4,17,,,0.85595703125,1.483109474182129,0.0,100.09814453125,86.77005607495084,60.219531655311584,,,,,,
1.5B,gdpo,4,18,,,0.83642578125,1.4809919595718384,0.0,103.12158203125,86.19719602901023,27.711060106754303,,,,,,
1.5B,gdpo,4,19,,,0.86376953125,1.3704456090927124,0.0,100.04150390625,88.42637748998823,32.901381611824036,,,,,,
1.5B,gdpo,4,20,0.925,1.5386197125539183,0.83935546875,1.463759422302246,0.0,98.80322265625,92.83386352501111,3.1633002758026123,,,,,,
1.5B,gdpo,4,21,,,0.865234375,1.5456846952438354,0.0,99.130859375,89.04071534401737,39.96582716703415,,,,,,
1.5B,gdpo,4,22,,,0.86083984375,1.4387327432632446,0.0,100.86572265625,87.57188554602908,101.84156620502472,,,,,,
1.5B,gdpo,4,23,,,0.8671875,1.6013062000274658,0.0,96.3291015625,87.86844808701426,14.149970650672913,,,,,,
1.5B,gdpo,4,24,,,0.8701171875,1.6555445194244385,0.0,91.98681640625,86.75371118902694,45.088557720184326,,,,,,
1.5B,gdpo,4,25,,,0.8974609375,1.608178734779358,0.0,100.3798828125,87.90967093798099,120.34335893392563,,,,,,
1.5B,gdpo,4,26,,,0.892578125,1.602330207824707,0.0,98.22802734375,89.1559784860001,185.6636305451393,,,,,,
1.5B,gdpo,4,27,,,0.85986328125,1.533450722694397,0.0,96.935546875,84.74213922099443,63.217620849609375,,,,,,
1.5B,gdpo,4,28,,,0.890625,1.593847393989563,0.0,90.5029296875,88.3096077729715,3.8271393179893494,,,,,,
1.5B,gdpo,4,29,,,0.89599609375,1.48343026638031,0.0,99.31396484375,90.15287762397202,183.08275705575943,,,,,,
1.5B,gdpo,4,30,0.975,1.7127028182148933,0.89013671875,1.636459231376648,0.0,96.73779296875,95.96882442099741,45.394236385822296,,,,,,
1.5B,gdpo,4,31,,,0.91162109375,1.6964603662490845,0.0,91.4560546875,87.83283866301645,1529.4959262609482,,,,,,
1.5B,gdpo,4,32,,,0.9072265625,1.7523698806762695,0.0,89.45166015625,81.819253758993,467.8835611343384,,,,,,
1.5B,gdpo,4,33,,,0.91015625,1.6939599514007568,0.0,93.9638671875,87.87968553998508,127.69705271720886,,,,,,
1.5B,gdpo,4,34,,,0.91650390625,1.5907379388809204,0.0,96.07177734375,87.35721762600588,125.35678505897522,,,,,,
1.5B,gdpo,4,35,,,0.9296875,1.760552167892456,0.0,90.529296875,78.5481046870118,125.36474293470383,,,,,,
1.5B,gdpo,4,36,,,0.92333984375,1.7620124816894531,0.0,93.384765625,79.38617758196779,25.755358517169952,,,,,,
1.5B,gdpo,4,37,,,0.93359375,1.7207666635513306,0.0,94.4248046875,80.55419565102784,124.2281756401062,,,,,,
1.5B,gdpo,4,38,,,0.91845703125,1.696738362312317,0.0,92.64453125,86.04726643697359,143.38068652153015,,,,,,
1.5B,gdpo,4,39,,,0.921875,1.7528294324874878,0.0,92.97119140625,82.64672154001892,20.659062445163727,,,,,,
1.5B,gdpo,4,40,0.975,1.7420355714857578,0.93359375,1.6385232210159302,0.0,94.474609375,94.21775427297689,27.30081468820572,,,,,,
1.5B,gdpo,4,41,,,0.91259765625,1.6669725179672241,0.0,97.205078125,87.28583164699376,154.77899706363678,,,,,,
1.5B,gdpo,4,42,,,0.93603515625,1.7539608478546143,0.0,92.26220703125,81.98943858605344,366.2464281320572,,,,,,
1.5B,gdpo,4,43,,,0.9296875,1.6887531280517578,0.0,95.54443359375,86.36957118101418,564.1002706885338,,,,,,
1.5B,gdpo,4,44,,,0.9296875,1.687493085861206,0.0,92.86328125,80.14108083199244,503.52558678388596,,,,,,
1.5B,gdpo,4,45,,,0.94091796875,1.7393624782562256,0.0,92.2587890625,81.63727925997227,263.62822937965393,,,,,,
1.5B,gdpo,4,46,,,0.92822265625,1.7799322605133057,0.0,93.6025390625,83.45134149800288,188.59716445207596,,,,,,
1.5B,gdpo,4,47,,,0.9248046875,1.7305171489715576,0.0,92.3984375,81.58636500203284,191.18615061044693,,,,,,
1.5B,gdpo,4,48,,,0.92626953125,1.6637425422668457,0.0,91.4736328125,79.78211266698781,13027172364208.78,,,,,,
1.5B,gdpo,4,49,,,0.927734375,1.9085654020309448,0.0,91.97216796875,86.185099164024,208.89769858121872,,,,,,
1.5B,gdpo,4,50,0.975,1.7420561719685792,0.9287109375,1.7480578422546387,0.0,91.2333984375,92.07758095103782,142258.6101386547,,,,,,
1.5B,gdpo,4,51,,,0.9287109375,1.692301630973816,0.0,90.60009765625,79.12163889402291,16264584.259812474,,,,,,
1.5B,gdpo,4,52,,,0.92919921875,1.7747658491134644,0.0,93.81689453125,83.33599720499478,426.92106407880783,,,,,,
1.5B,gdpo,4,53,,,0.92724609375,1.832873821258545,0.0,90.85107421875,83.66282706300262,67.88065105676651,,,,,,
1.5B,gdpo,4,54,,,0.9326171875,1.8292032480239868,0.0,92.70751953125,82.06563852803083,68.15569365024567,,,,,,
1.5B,gdpo,4,55,,,0.94482421875,1.839977741241455,0.0,89.2578125,77.3687822400243,347.5158996582031,,,,,,
1.5B,gdpo,4,56,,,0.9384765625,1.7234379053115845,0.0,94.27783203125,83.65383058699081,3.913668990135193,,,,,,
1.5B,gdpo,4,57,,,0.9306640625,1.8679970502853394,0.0,94.8115234375,85.75950894301059,15470999553.973179,,,,,,
1.5B,gdpo,4,58,,,0.9326171875,1.757705569267273,0.0,91.859375,86.36984472698532,1144.374638736248,,,,,,
1.5B,gdpo,4,59,,,0.93212890625,1.8081190586090088,0.0,91.7890625,80.02126586303348,650.7118534445763,,,,,,
1.5B,gdpo,4,60,0.975,1.7621454574167728,0.9296875,1.7954566478729248,0.0,95.07666015625,90.85283999698004,487.4767482280731,,,,,,
1.5B,gdpo,4,61,,,0.93212890625,1.8332122564315796,0.0,88.64111328125,87.58717260899721,3.0951111912727356,,,,,,
1.5B,gdpo,4,62,,,0.9443359375,1.7980538606643677,0.0,92.8974609375,83.57014952099416,93.04973846673965,,,,,,
1.5B,gdpo,4,63,,,0.93994140625,1.714606761932373,0.0,89.79296875,82.68874574202346,54.70816320180893,,,,,,
1.5B,gdpo,4,64,,,0.9541015625,1.8325648307800293,0.0,92.05712890625,87.78432899696054,74.91826725006104,,,,,,
1.5B,gdpo,4,65,,,0.94384765625,1.8714284896850586,0.0,89.7578125,78.80384434002917,1356.2891167402267,,,,,,
1.5B,gdpo,4,66,,,0.91845703125,1.7950215339660645,0.0,95.3212890625,82.85113987099612,714.8146507143974,,,,,,
1.5B,gdpo,4,67,,,0.92626953125,1.6994366645812988,0.0,92.388671875,77.5233901910251,123.87582057714462,,,,,,
1.5B,gdpo,4,68,,,0.9345703125,1.8131417036056519,0.0,90.55859375,86.43027920101304,181.24589836597443,,,,,,
1.5B,gdpo,4,69,,,0.9521484375,1.8325127363204956,0.0,95.21826171875,82.4175774739706,67.9358029961586,,,,,,
1.5B,gdpo,4,70,0.975,1.7027704574167728,0.921875,1.7296066284179688,0.0,93.7001953125,88.91950647201156,39.996933817863464,,,,,,
1.5B,gdpo,4,71,,,0.94287109375,1.8291633129119873,0.0,93.1962890625,82.1322591349599,39843.561058700085,,,,,,
1.5B,gdpo,4,72,,,0.9384765625,1.8347803354263306,0.0,88.49267578125,78.89627490803832,115.06988209486008,,,,,,
1.5B,gdpo,4,73,,,0.93115234375,1.8421251773834229,0.0,89.50439453125,77.8292605659808,31.017415821552277,,,,,,
1.5B,gdpo,4,74,,,0.91796875,1.8153825998306274,0.0,91.6142578125,84.55385299603222,59.55630472302437,,,,,,
1.5B,gdpo,4,75,,,0.94091796875,1.8497872352600098,0.0,94.3251953125,86.17270055995323,767.3319321870804,,,,,,
1.5B,gdpo,4,76,,,0.94580078125,1.8314549922943115,0.0,96.01123046875,88.4191393830115,41.33140832185745,,,,,,
1.5B,gdpo,4,77,,,0.94189453125,1.8436862230300903,0.0,89.8427734375,78.29330838099122,16.695466220378876,,,,,,
1.5B,gdpo,4,78,,,0.94091796875,1.7498536109924316,0.0,90.22802734375,80.6229140679934,3.7571199536323547,,,,,,
1.5B,gdpo,4,79,,,0.94287109375,1.8668596744537354,0.0,90.3623046875,87.62219521199586,2.655364602804184,,,,,,
1.5B,gdpo,4,80,0.9625,1.7572622153908015,0.9375,1.941223382949829,0.0,91.44580078125,94.0293423269759,260.6982432603836,,,,,,
1.5B,gdpo,4,81,,,0.943359375,1.8570035696029663,0.0,88.25634765625,80.14559413201641,180.89125907421112,,,,,,
1.5B,gdpo,4,82,,,0.95068359375,1.9471720457077026,0.0,91.75634765625,85.60580868599936,158.93977057933807,,,,,,
1.5B,gdpo,4,83,,,0.94091796875,1.7738021612167358,0.0,90.861328125,82.68551320402185,310763235.51957893,,,,,,
1.5B,gdpo,4,84,,,0.92431640625,1.8737574815750122,0.0,89.62109375,82.29261608299566,11152.026999771595,,,,,,
1.5B,gdpo,4,85,,,0.96044921875,1.895379662513733,0.0,92.83349609375,82.99684759502998,9.999835014343262,,,,,,
1.5B,gdpo,4,86,,,0.95458984375,1.915299892425537,0.0,90.15380859375,79.12105978501495,951.1935836076736,,,,,,
1.5B,gdpo,4,87,,,0.91064453125,1.8304929733276367,0.0,87.74169921875,77.31325942400144,9.485552281141281,,,,,,
1.5B,gdpo,4,88,,,0.92529296875,1.936010479927063,0.0,86.02978515625,76.25336742703803,3.5037139654159546,,,,,,
1.5B,gdpo,4,89,,,0.95556640625,1.980914831161499,0.0,87.5625,79.12929951702245,334.9772931933403,,,,,,
1.5B,gdpo,4,90,0.975,1.790178881585598,0.93701171875,1.8380173444747925,0.0,87.59375,86.65610695397481,367.28532898426056,,,,,,
1.5B,gdpo,4,91,,,0.9306640625,1.7702702283859253,0.0,88.642578125,77.05248081299942,26.232209026813507,,,,,,
1.5B,gdpo,4,92,,,0.9453125,1.8562873601913452,0.0,89.2041015625,81.18713552696863,110.50672274827957,,,,,,
1.5B,gdpo,4,93,,,0.94580078125,1.9151067733764648,0.0,89.41650390625,84.98518788197543,41.62881302833557,,,,,,
1.5B,gdpo,4,94,,,0.939453125,1.7990834712982178,0.0,89.45751953125,82.09268241596874,80.4867953658104,,,,,,
1.5B,gdpo,4,95,,,0.9521484375,1.901490569114685,0.0,88.49609375,82.41747005499201,3.5653604865074158,,,,,,
1.5B,gdpo,4,96,,,0.91650390625,1.998710036277771,0.0,88.95751953125,80.9189267269685,677.3342814445496,,,,,,
1.5B,gdpo,4,97,,,0.93359375,1.8333148956298828,0.0,87.80419921875,80.44265285099391,97.60255241394043,,,,,,
1.5B,gdpo,4,98,,,0.94775390625,1.9078834056854248,0.0,92.11962890625,85.92815219896147,122.60565227270126,,,,,,
1.5B,gdpo,4,99,,,0.9423828125,1.8665943145751953,0.0,91.65380859375,77.40692544699414,172.69319361448288,,,,,,
1.5B,gdpo,4,100,0.975,1.813155073672533,0.94140625,2.061131715774536,0.0,91.54052734375,104.90488806599751,3.4287612438201904,,,,,,
1.5B,gdpo,5,0,0.025,-2.54375,,,,,,,,,,,,
1.5B,gdpo,5,1,,,0.0068359375,-2.469160795211792,0.0,117.90673828125,94.54600430297432,5.1363067626953125,,,,,,
1.5B,gdpo,5,2,,,0.0048828125,-2.4142661094665527,0.0,118.5751953125,91.83531444199616,76.74500948190689,,,,,,
1.5B,gdpo,5,3,,,0.00732421875,-2.1635262966156006,0.0,110.2509765625,90.57658075395739,4.654317915439606,,,,,,
1.5B,gdpo,5,4,,,0.009765625,-1.2833915948867798,0.0,100.78466796875,87.41959357098676,29.521767377853394,,,,,,
1.5B,gdpo,5,5,,,0.005859375,-0.20602640509605408,0.0,95.28955078125,85.82356836198596,31.66658353805542,,,,,,
1.5B,gdpo,5,6,,,0.001953125,0.49526724219322205,0.0,89.2958984375,84.51587361400016,40.65333020687103,,,,,,
1.5B,gdpo,5,7,,,0.0078125,0.7814005613327026,0.0,89.0791015625,86.49496762396302,57.43775135278702,,,,,,
1.5B,gdpo,5,8,,,0.001953125,1.069771647453308,0.0,79.56982421875,84.58969310997054,95.13114148378372,,,,,,
1.5B,gdpo,5,9,,,0.00537109375,1.251927375793457,0.0,82.54541015625,86.44480138702784,3.3092839121818542,,,,,,
1.5B,gdpo,5,10,0.025,1.558952504582703,0.001953125,1.2107903957366943,0.0,75.97900390625,93.00872744200751,3.0430322885513306,,,,,,
1.5B,gdpo,5,11,,,0.00830078125,1.2875925302505493,0.0,78.09521484375,83.79361403395887,2.8179041147232056,,,,,,
1.5B,gdpo,5,12,,,0.00732421875,1.2795379161834717,0.0,80.447265625,85.72398763697129,3.210471510887146,,,,,,
1.5B,gdpo,5,13,,,0.00634765625,1.3356972932815552,0.0,76.919921875,84.88541070499923,65.71203464269638,,,,,,
1.5B,gdpo,5,14,,,0.00830078125,1.4560908079147339,0.0,87.12353515625,85.64104948198656,59.70539551973343,,,,,,
1.5B,gdpo,5,15,,,0.01171875,1.4634132385253906,0.0,79.6962890625,84.47962019400438,674.363930284977,,,,,,
1.5B,gdpo,5,16,,,0.0048828125,1.521037220954895,0.0,75.83837890625,82.98412438103696,56.152160584926605,,,,,,
1.5B,gdpo,5,17,,,0.0107421875,1.543839931488037,0.0,75.0458984375,84.35845800599782,2.9506718516349792,,,,,,
1.5B,gdpo,5,18,,,0.005859375,1.5072286128997803,0.0,74.47509765625,82.69393710198347,74.38151562213898,,,,,,
1.5B,gdpo,5,19,,,0.01025390625,1.5949921607971191,0.0,73.857421875,79.4270996080013,3.0278932452201843,,,,,,
1.5B,gdpo,5,20,0.0375,1.6625117611140012,0.0107421875,1.5700353384017944,0.0,80.74609375,89.90634558699094,33.078694105148315,,,,,,
1.5B,gdpo,5,21,,,0.01171875,1.6585878133773804,0.0,77.861328125,84.0788873329875,3.376600980758667,,,,,,
1.5B,gdpo,5,22,,,0.0146484375,1.5691243410110474,0.0,74.14794921875,86.01282165001612,3.401615619659424,,,,,,
1.5B,gdpo,5,23,,,0.02001953125,1.6142851114273071,0.0,73.46923828125,83.76434555300511,115.12282890081406,,,,,,
1.5B,gdpo,5,24,,,0.01513671875,1.687659740447998,0.0,72.28369140625,81.55158248497173,3.470346689224243,,,,,,
1.5B,gdpo,5,25,,,0.01123046875,1.561020016670227,0.0,74.947265625,84.05175363004673,139.22208231687546,,,,,,
1.5B,gdpo,5,26,,,0.0234375,1.6345694065093994,0.0,69.763671875,84.53945248498349,16.56295508146286,,,,,,
1.5B,gdpo,5,27,,,0.00830078125,1.8129088878631592,0.0,67.24365234375,81.93522086599842,3.7461659908294678,,,,,,
1.5B,gdpo,5,28,,,0.02099609375,1.8386749029159546,0.0,72.3046875,85.12013830500655,37.36167097091675,,,,,,
1.5B,gdpo,5,29,,,0.02099609375,1.657180905342102,0.0,77.3828125,80.11396083602449,30.430506706237793,,,,,,
1.5B,gdpo,5,30,0.0625,1.7804787930101156,0.02392578125,1.6310313940048218,0.0,75.74951171875,91.3201214010478,59.13649106025696,,,,,,
1.5B,gdpo,5,31,,,0.029296875,1.7291196584701538,0.0,76.1337890625,81.21023112902185,10.631685495376587,,,,,,
1.5B,gdpo,5,32,,,0.03662109375,1.7121132612228394,0.0,75.71484375,83.14299905399093,4.29277765750885,,,,,,
1.5B,gdpo,5,33,,,0.0302734375,1.7459050416946411,0.0,75.17529296875,82.86438802501652,3.588971197605133,,,,,,
1.5B,gdpo,5,34,,,0.01416015625,1.6858934164047241,0.0,74.56884765625,81.47872377000749,3.692456603050232,,,,,,
1.5B,gdpo,5,35,,,0.02685546875,1.8120787143707275,0.0,71.134765625,83.07277175603667,3.351842701435089,,,,,,
1.5B,gdpo,5,36,,,0.03515625,1.69527006149292,0.0,66.8515625,80.20906257303432,3.2959035634994507,,,,,,
1.5B,gdpo,5,37,,,0.02734375,1.7846134901046753,0.0,75.7001953125,80.46592796000186,2.905903995037079,,,,,,
1.5B,gdpo,5,38,,,0.02783203125,1.7470839023590088,0.0,72.18603515625,81.02742626698455,3.805523693561554,,,,,,
1.5B,gdpo,5,39,,,0.02978515625,1.7906134128570557,0.0,70.1640625,77.443120315962,60.32751780748367,,,,,,
1.5B,gdpo,5,40,0.0625,1.7731276009231807,0.02783203125,1.7716752290725708,0.0,70.6201171875,88.76338614104316,13.667301774024963,,,,,,
1.5B,gdpo,5,41,,,0.041015625,1.7622179985046387,0.0,74.32470703125,81.04345058795298,8.599100649356842,,,,,,
1.5B,gdpo,5,42,,,0.0380859375,1.8189350366592407,0.0,69.26806640625,79.3298811709974,43.080648481845856,,,,,,
1.5B,gdpo,5,43,,,0.037109375,1.828520655632019,0.0,67.52685546875,79.72709052194841,4.142828702926636,,,,,,
1.5B,gdpo,5,44,,,0.03857421875,1.8293312788009644,0.0,71.578125,83.2329417860019,3.9044761657714844,,,,,,
1.5B,gdpo,5,45,,,0.046875,1.8003236055374146,0.0,72.61865234375,83.07453859504312,55.9400817155838,,,,,,
1.5B,gdpo,5,46,,,0.05810546875,1.7821613550186157,0.0,74.337890625,82.79207367100753,3.2961093187332153,,,,,,
1.5B,gdpo,5,47,,,0.0556640625,1.838976502418518,0.0,71.669921875,80.77052894001827,3.4609323143959045,,,,,,
1.5B,gdpo,5,48,,,0.06640625,1.6635257005691528,0.0,74.79248046875,83.15404472802766,4.0071040391922,,,,,,
1.5B,gdpo,5,49,,,0.072265625,1.8666470050811768,0.0,76.662109375,83.20145467901602,105.0192676782608,,,,,,
1.5B,gdpo,5,50,0.0875,1.7906756792217493,0.07275390625,1.7983475923538208,0.0,69.86474609375,86.17541669897037,4.099794507026672,,,,,,
1.5B,gdpo,5,51,,,0.0791015625,1.7933789491653442,0.0,73.29345703125,77.64305960101774,9.540236353874207,,,,,,
1.5B,gdpo,5,52,,,0.06884765625,1.9254382848739624,0.0,71.36376953125,83.49048125097761,3.565135896205902,,,,,,
1.5B,gdpo,5,53,,,0.08251953125,1.802790641784668,0.0,70.69677734375,83.17410271597328,7.367932021617889,,,,,,
1.5B,gdpo,5,54,,,0.091796875,1.734654426574707,0.0,73.615234375,82.46427332499297,17.779883205890656,,,,,,
1.5B,gdpo,5,55,,,0.08349609375,1.7581408023834229,0.0,72.26513671875,81.08813230000669,11.787501752376556,,,,,,
1.5B,gdpo,5,56,,,0.08984375,1.9136651754379272,0.0,72.97216796875,78.5652814549976,22.735262036323547,,,,,,
1.5B,gdpo,5,57,,,0.09033203125,1.7726678848266602,0.0,75.01171875,82.80497570702573,12.297661423683167,,,,,,
1.5B,gdpo,5,58,,,0.09765625,1.8812958002090454,0.0,68.3369140625,74.14980782597559,4.039779245853424,,,,,,
1.5B,gdpo,5,59,,,0.09375,1.814996361732483,0.0,71.34033203125,77.0436880600173,3.86408007144928,,,,,,
1.5B,gdpo,5,60,0.0875,1.8050506804138422,0.10693359375,1.838265061378479,0.0,70.42431640625,89.37566935300129,3.436152398586273,,,,,,
1.5B,gdpo,5,61,,,0.09619140625,1.763669729232788,0.0,70.7666015625,83.0150576630258,21.709559321403503,,,,,,
1.5B,gdpo,5,62,,,0.15087890625,1.840254545211792,0.0,73.67431640625,80.06241461599711,5.017744779586792,,,,,,
1.5B,gdpo,5,63,,,0.35986328125,1.782814621925354,0.0,79.07666015625,80.41314539598534,13.353464722633362,,,,,,
1.5B,gdpo,5,64,,,0.76220703125,1.7868049144744873,0.0,95.69775390625,85.44964449299732,7.853588283061981,,,,,,
1.5B,gdpo,5,65,,,0.93212890625,1.6624902486801147,0.0,103.5732421875,87.05830191698624,38.758240878582,,,,,,
1.5B,gdpo,5,66,,,0.927734375,1.674863576889038,0.0,101.44677734375,87.35025223303819,3.6478676199913025,,,,,,
1.5B,gdpo,5,67,,,0.92822265625,1.7976104021072388,0.0,97.95458984375,80.6569839239819,47.715333580970764,,,,,,
1.5B,gdpo,5,68,,,0.92724609375,1.7832099199295044,0.0,99.560546875,82.85907817201223,18.408141434192657,,,,,,
1.5B,gdpo,5,69,,,0.93994140625,1.7671551704406738,0.0,104.24658203125,92.27861420600675,42.11286234855652,,,,,,
1.5B,gdpo,5,70,0.975,1.7418615743517876,0.94775390625,1.8336665630340576,0.0,99.18701171875,91.39507606404368,2.574509859085083,,,,,,
1.5B,gdpo,5,71,,,0.93212890625,1.787282109260559,0.0,102.62744140625,87.85502575902501,41.7387575507164,,,,,,
1.5B,gdpo,5,72,,,0.931640625,1.8333659172058105,0.0,100.60791015625,87.30588738399092,55.45357018709183,,,,,,
1.5B,gdpo,5,73,,,0.94580078125,1.7543420791625977,0.0,106.12255859375,80.7098945020116,18.649539709091187,,,,,,
1.5B,gdpo,5,74,,,0.94677734375,1.8499209880828857,0.0,100.60595703125,81.32068413001252,152.64012265205383,,,,,,
1.5B,gdpo,5,75,,,0.9326171875,1.8920599222183228,0.0,99.9794921875,83.00923546002014,162.85280549526215,,,,,,
1.5B,gdpo,5,76,,,0.9580078125,1.8212295770645142,0.0,102.5859375,83.0248453989625,181.01390951871872,,,,,,
1.5B,gdpo,5,77,,,0.94970703125,1.8321313858032227,0.0,101.35400390625,81.44297413004097,826.7296795248985,,,,,,
1.5B,gdpo,5,78,,,0.947265625,1.8305374383926392,0.0,99.8994140625,80.08725927001797,251.11899799108505,,,,,,
1.5B,gdpo,5,79,,,0.95947265625,1.7426701784133911,0.0,103.72021484375,83.9019868960022,129.66893449425697,,,,,,
1.5B,gdpo,5,80,0.975,1.794361574947834,0.9345703125,1.812207579612732,0.0,98.35986328125,90.47349152201787,74.84487348794937,,,,,,
1.5B,gdpo,5,81,,,0.93017578125,1.915093183517456,0.0,99.048828125,86.72813390701776,151.90273666381836,,,,,,
1.5B,gdpo,5,82,,,0.9609375,1.903450846672058,0.0,95.20458984375,80.98609173699515,3.0324538946151733,,,,,,
1.5B,gdpo,5,83,,,0.9619140625,1.909134864807129,0.0,98.21484375,79.57885204802733,413.7291994690895,,,,,,
1.5B,gdpo,5,84,,,0.94189453125,1.9514259099960327,0.0,96.4873046875,85.5611937189824,19.49506652355194,,,,,,
1.5B,gdpo,5,85,,,0.9453125,1.9325017929077148,0.0,95.8408203125,77.57784478901885,484.055811047554,,,,,,
1.5B,gdpo,5,86,,,0.9521484375,1.9126052856445312,0.0,98.55712890625,83.85876520100283,3.169759154319763,,,,,,
1.5B,gdpo,5,87,,,0.94921875,1.896775722503662,0.0,100.1123046875,88.87727791699581,836.5592858791351,,,,,,
1.5B,gdpo,5,88,,,0.9501953125,1.9234164953231812,0.0,98.27978515625,86.06535863497993,128.26081311702728,,,,,,
1.5B,gdpo,5,89,,,0.95068359375,1.8667749166488647,0.0,95.7822265625,80.63886089198058,79.96669971942902,,,,,,
1.5B,gdpo,5,90,0.975,1.7927544310688972,0.96044921875,1.8021308183670044,0.0,97.9990234375,86.55536249000579,515.8355548977852,,,,,,
1.5B,gdpo,5,91,,,0.94384765625,1.8129082918167114,0.0,94.322265625,80.32159557798877,252.86600548028946,,,,,,
1.5B,gdpo,5,92,,,0.9541015625,1.7900235652923584,0.0,96.3642578125,86.37951564998366,4.423235297203064,,,,,,
1.5B,gdpo,5,93,,,0.958984375,1.8598793745040894,0.0,95.0537109375,78.90880675602239,856.0138364434242,,,,,,
1.5B,gdpo,5,94,,,0.94873046875,1.9013596773147583,0.0,95.4404296875,78.82834858895512,17.50013554096222,,,,,,
1.5B,gdpo,5,95,,,0.96044921875,1.921034336090088,0.0,92.59814453125,83.35625313001219,174.54743999242783,,,,,,
1.5B,gdpo,5,96,,,0.962890625,1.9057271480560303,0.0,97.82275390625,80.86656286701327,36.2402560710907,,,,,,
1.5B,gdpo,5,97,,,0.9482421875,1.8762896060943604,0.0,99.02978515625,86.84013606904773,75.60079598426819,,,,,,
1.5B,gdpo,5,98,,,0.94287109375,1.9231023788452148,0.0,99.0615234375,87.65881374804303,52.493660509586334,,,,,,
1.5B,gdpo,5,99,,,0.96484375,2.03476881980896,0.0,92.72998046875,78.48418303602375,104.46927124261856,,,,,,
1.5B,gdpo,5,100,0.975,1.7577544316649436,0.95751953125,1.8480699062347412,0.0,97.01513671875,110.17918631900102,58.73789608478546,,,,,,
1.5B,dara,0,0,0.025,-2.528125,,,,,,,,,,,,
1.5B,dara,0,1,,,0.00634765625,-2.44360089302063,0.0,122.1689453125,101.87799971201457,58.110981583595276,0.171875,1.0,88.0,0.025390625,2.6017745423519636,13.0
1.5B,dara,0,2,,,0.00634765625,-2.461885690689087,0.0,122.3037109375,96.60540517000481,4.421697914600372,0.181640625,1.0,93.0,0.021484375,2.9076701075853593,11.0
1.5B,dara,0,3,,,0.0087890625,-2.250638961791992,0.0,114.3271484375,91.45307735999813,20.652402222156525,0.255859375,1.0,131.0,0.033203125,2.7759471091757453,17.0
1.5B,dara,0,4,,,0.0087890625,-1.6556968688964844,0.0,103.8271484375,90.52856387296924,24.77799618244171,0.513671875,1.0,263.0,0.03125,4.054318685056714,16.0
1.5B,dara,0,5,,,0.0244140625,-0.7792287468910217,0.0,98.814453125,89.9509117520065,22.726895451545715,0.70703125,1.0,362.0,0.083984375,2.9014831812648496,43.0
1.5B,dara,0,6,,,0.04296875,-0.024679815396666527,0.0,91.58349609375,83.50464712100802,19.785722315311432,0.724609375,1.0,371.0,0.142578125,2.25437170422757,73.0
1.5B,dara,0,7,,,0.0703125,0.18270598351955414,0.0,99.48876953125,90.47310554800788,26.687120735645294,0.69140625,1.0,354.0,0.205078125,1.8361450300639575,105.0
1.5B,dara,0,8,,,0.10986328125,0.5945887565612793,0.0,95.92578125,87.14256890298566,57.858500719070435,0.681640625,1.0,349.0,0.291015625,1.5304515278814388,149.0
1.5B,dara,0,9,,,0.21337890625,0.5783758759498596,0.0,94.70166015625,88.84725239500403,41.40144717693329,0.658203125,1.0,337.0,0.453125,1.2052328434358863,232.0
1.5B,dara,0,10,0.775,1.3755819695070386,0.39990234375,0.8512200117111206,0.0,95.36181640625,96.10327043797588,5.1061219573020935,0.67578125,1.0,346.0,0.568359375,1.0904143416271252,291.0
1.5B,dara,0,11,,,0.544921875,0.8120502233505249,0.0,97.31201171875,86.4066310650087,10.067861676216125,0.638671875,1.0,327.0,0.541015625,1.086510660399821,277.0
1.5B,dara,0,12,,,0.69287109375,0.9736161828041077,0.0,113.53515625,92.53354158997536,108.5770914554596,0.619140625,1.0,317.0,0.42578125,1.205872480972583,218.0
1.5B,dara,0,13,,,0.74951171875,0.9101542830467224,0.0,108.88720703125,92.14336290099891,7.770057559013367,0.56640625,1.0,290.0,0.30078125,1.3722670596924211,154.0
1.5B,dara,0,14,,,0.80078125,1.1387743949890137,0.0,106.17138671875,91.02766422298737,2.7963756322860718,0.552734375,1.0,283.0,0.21875,1.5895866488762775,112.0
1.5B,dara,0,15,,,0.81640625,1.0891304016113281,0.0,108.56591796875,89.3033105340437,64.62198466062546,0.5078125,1.0,260.0,0.1953125,1.61245154965971,100.0
1.5B,dara,0,16,,,0.837890625,1.2729625701904297,0.0,106.57275390625,89.3235550490208,98.68403458595276,0.49609375,1.0,254.0,0.13671875,1.9048809486609468,70.0
1.5B,dara,0,17,,,0.87353515625,1.435943365097046,0.0,102.5693359375,87.32879725500243,287.81849706172943,0.4921875,1.0,252.0,0.12890625,1.954016841836789,66.0
1.5B,dara,0,18,,,0.86962890625,1.2292461395263672,0.0,107.4375,91.00364416697994,154.92583256959915,0.5078125,1.0,260.0,0.12109375,2.047815515884371,62.0
1.5B,dara,0,19,,,0.84228515625,1.3887773752212524,0.0,100.04541015625,87.94739449303597,197.7610656619072,0.42578125,1.0,218.0,0.09375,2.131118642090737,48.0
1.5B,dara,0,20,0.925,1.58000364061445,0.86083984375,1.3591636419296265,0.0,100.60791015625,96.13155516696861,84.23855513334274,0.416015625,1.0,213.0,0.0859375,2.2002066018692634,44.0
1.5B,dara,0,21,,,0.8681640625,1.522462010383606,0.0,101.8330078125,91.20412576495437,228.53946179151535,0.404296875,1.0,207.0,0.076171875,2.3038429433649132,39.0
1.5B,dara,0,22,,,0.8984375,1.5239320993423462,0.0,101.6953125,86.47748367598979,82.52117085456848,0.365234375,1.0,187.0,0.087890625,2.038517980189421,45.0
1.5B,dara,0,23,,,0.88232421875,1.4437702894210815,0.0,99.5009765625,86.64973283797735,175.44812631607056,0.41015625,1.0,210.0,0.060546875,2.6027280972831366,31.0
1.5B,dara,0,24,,,0.8798828125,1.5124180316925049,0.0,96.21240234375,84.9630794780096,205.45565974712372,0.361328125,1.0,185.0,0.0625,2.404423007708918,32.0
1.5B,dara,0,25,,,0.88232421875,1.5418809652328491,0.0,97.65869140625,90.27603130001808,3.245892107486725,0.353515625,1.0,181.0,0.076171875,2.154303980645638,39.0
1.5B,dara,0,26,,,0.884765625,1.5887432098388672,0.0,96.71630859375,85.80551082198508,330.46281510591507,0.3203125,1.0,164.0,0.05859375,2.3380903889000244,30.0
1.5B,dara,0,27,,,0.85986328125,1.4768989086151123,0.0,105.015625,91.99445383902639,298.4415452480316,0.31640625,1.0,162.0,0.0703125,2.1213203435596424,36.0
1.5B,dara,0,28,,,0.896484375,1.5769883394241333,0.0,94.1064453125,83.89305290195625,1328.7571605443954,0.353515625,1.0,181.0,0.064453125,2.3419753382238,33.0
1.5B,dara,0,29,,,0.9033203125,1.5824960470199585,0.0,98.4951171875,82.80481019604485,276.598257958889,0.33203125,1.0,170.0,0.083984375,1.9883380930045633,43.0
1.5B,dara,0,30,0.9625,1.6336197137832642,0.91259765625,1.6188759803771973,0.0,96.0419921875,96.21367561700754,162.0978547334671,0.298828125,1.0,153.0,0.05859375,2.258317958127243,30.0
1.5B,dara,0,31,,,0.92724609375,1.7378853559494019,0.0,91.9638671875,87.02509554702556,48.52892351150513,0.27734375,1.0,142.0,0.064453125,2.0743746775908884,33.0
1.5B,dara,0,32,,,0.912109375,1.5013731718063354,0.0,100.07568359375,89.97430152300512,208.6016570329666,0.2890625,1.0,148.0,0.08984375,1.7937088125857625,46.0
1.5B,dara,0,33,,,0.92431640625,1.6801025867462158,0.0,95.1162109375,82.11589467898011,302.79510390758514,0.296875,1.0,152.0,0.0625,2.179449471770337,32.0
1.5B,dara,0,34,,,0.94140625,1.6353684663772583,0.0,96.67138671875,89.11071651696693,37.63645249605179,0.328125,1.0,168.0,0.06640625,2.2228757209048453,34.0
1.5B,dara,0,35,,,0.91162109375,1.6321359872817993,0.0,99.96142578125,89.05848061095458,87.16501808166504,0.291015625,1.0,149.0,0.060546875,2.192362108070477,31.0
1.5B,dara,0,36,,,0.9345703125,1.8018922805786133,0.0,95.6552734375,89.97550918901106,2.765733301639557,0.2421875,1.0,124.0,0.044921875,2.3219182474467286,23.0
1.5B,dara,0,37,,,0.931640625,1.6181844472885132,0.0,98.89013671875,88.69332568900427,2.843399941921234,0.294921875,1.0,151.0,0.05078125,2.409915415049314,26.0
1.5B,dara,0,38,,,0.8984375,1.6223466396331787,0.0,98.771484375,85.25379654398421,307.2016897201538,0.259765625,1.0,133.0,0.06640625,1.9778181680534621,34.0
1.5B,dara,0,39,,,0.9326171875,1.662002682685852,0.0,98.3642578125,84.74737267300952,153.12521767616272,0.2578125,1.0,132.0,0.03515625,2.70801280154532,18.0
1.5B,dara,0,40,0.975,1.7247320409864186,0.93798828125,1.6959391832351685,0.0,96.81982421875,87.17264147201786,164.7182056903839,0.2734375,1.0,140.0,0.033203125,2.869720215917757,17.0
1.5B,dara,0,41,,,0.94189453125,1.748260736465454,0.0,91.03369140625,83.69000873202458,216.9203861951828,0.244140625,1.0,125.0,0.03515625,2.6352313834736494,18.0
1.5B,dara,0,42,,,0.9365234375,1.6385772228240967,0.0,96.2119140625,82.26669469499029,190.32404536008835,0.259765625,1.0,133.0,0.025390625,3.198557367121814,13.0
1.5B,dara,0,43,,,0.9345703125,1.7807047367095947,0.0,98.19775390625,89.21670196799096,178.058091878891,0.23046875,1.0,118.0,0.033203125,2.6346112560657287,17.0
1.5B,dara,0,44,,,0.92138671875,1.6927014589309692,0.0,95.84765625,82.94594493805198,208.21918511390686,0.234375,1.0,120.0,0.04296875,2.335496832484569,22.0
1.5B,dara,0,45,,,0.9267578125,1.6432287693023682,0.0,98.6171875,88.30486564897001,47.942856788635254,0.2578125,1.0,132.0,0.03125,2.8722813232690143,16.0
1.5B,dara,0,46,,,0.93701171875,1.6859556436538696,0.0,95.892578125,86.78193585801637,37.13211864233017,0.255859375,1.0,131.0,0.041015625,2.4976179127511156,21.0
1.5B,dara,0,47,,,0.9453125,1.6794919967651367,0.0,101.3251953125,81.72592973802239,103.13709312677383,0.228515625,1.0,117.0,0.044921875,2.255428234668337,23.0
1.5B,dara,0,48,,,0.92236328125,1.68907630443573,0.0,99.7177734375,90.94930508098332,165.84025132656097,0.201171875,1.0,103.0,0.060546875,1.8227947347853763,31.0
1.5B,dara,0,49,,,0.9287109375,1.825637936592102,0.0,95.2919921875,83.19319489097688,106.76559382677078,0.2109375,1.0,108.0,0.0390625,2.32379000772445,20.0
1.5B,dara,0,50,0.975,1.7534252222627402,0.947265625,1.760749101638794,0.0,98.59130859375,93.45660532498732,64.47590255737305,0.20703125,1.0,106.0,0.037109375,2.361979544454408,19.0
1.5B,dara,0,51,,,0.94189453125,1.73119056224823,0.0,96.38671875,83.90993396699196,409.5472400486469,0.19921875,1.0,102.0,0.029296875,2.6076809620810595,15.0
1.5B,dara,0,52,,,0.93603515625,1.776667594909668,0.0,95.3603515625,81.338300702977,90.23624104261398,0.234375,1.0,120.0,0.01953125,3.4641016151377544,10.0
1.5B,dara,0,53,,,0.9384765625,1.7787131071090698,0.0,96.9833984375,83.95823211199604,183.95476725697517,0.201171875,1.0,103.0,0.037109375,2.328315406378386,19.0
1.5B,dara,0,54,,,0.93359375,1.822516679763794,0.0,96.59765625,88.14212968095671,22.200468719005585,0.22265625,1.0,114.0,0.04296875,2.2763607319179844,22.0
1.5B,dara,0,55,,,0.92724609375,1.7076456546783447,0.0,97.56494140625,88.85857286001556,6.625254333019257,0.201171875,1.0,103.0,0.02734375,2.712405363721075,14.0
1.5B,dara,0,56,,,0.9306640625,1.7391432523727417,0.0,99.14306640625,89.72865575097967,162.23116192221642,0.220703125,1.0,113.0,0.025390625,2.9482719841133536,13.0
1.5B,dara,0,57,,,0.9453125,1.7043921947479248,0.0,98.6181640625,89.45327538601123,2.918476849794388,0.1875,1.0,96.0,0.025390625,2.7174648819470297,13.0
1.5B,dara,0,58,,,0.9287109375,1.7579402923583984,0.0,96.126953125,86.44345309800701,2.5343539714813232,0.173828125,1.0,89.0,0.029296875,2.4358434541926814,15.0
1.5B,dara,0,59,,,0.94140625,1.8532402515411377,0.0,94.94189453125,85.74731659900863,424.0089023113251,0.1796875,1.0,92.0,0.021484375,2.891995221924885,11.0
1.5B,dara,0,60,0.975,1.711937127634883,0.93212890625,1.7294328212738037,0.0,93.373046875,85.73190902697388,13.474429905414581,0.189453125,1.0,97.0,0.033203125,2.388698882852583,17.0
1.5B,dara,0,61,,,0.94384765625,1.8639663457870483,0.0,93.75634765625,81.07414350798354,3.2746753692626953,0.208984375,1.0,107.0,0.021484375,3.118857599710626,11.0
1.5B,dara,0,62,,,0.93115234375,1.67170250415802,0.0,95.01318359375,81.75932490697596,79.737305611372,0.193359375,1.0,99.0,0.033203125,2.413198999619531,17.0
1.5B,dara,0,63,,,0.943359375,1.8106330633163452,0.0,92.90576171875,80.05198507604655,71.4200325012207,0.1953125,1.0,100.0,0.02734375,2.6726124191242437,14.0
1.5B,dara,0,64,,,0.92138671875,1.7444589138031006,0.0,97.09130859375,80.5475967869861,241.02563351392746,0.16015625,1.0,82.0,0.01953125,2.8635642126552705,10.0
1.5B,dara,0,65,,,0.95068359375,1.9171421527862549,0.0,96.28076171875,83.2254617990111,711.6327288150787,0.166015625,1.0,85.0,0.01953125,2.9154759474226504,10.0
1.5B,dara,0,66,,,0.9482421875,1.7830795049667358,0.0,96.58203125,80.08703504595906,140.55890399217606,0.162109375,1.0,83.0,0.029296875,2.3523038352503134,15.0
1.5B,dara,0,67,,,0.927734375,1.8173017501831055,0.0,97.27978515625,80.91929508699104,275.2116651535034,0.150390625,1.0,77.0,0.033203125,2.1282414723677108,17.0
1.5B,dara,0,68,,,0.953125,1.7675188779830933,0.0,96.3896484375,82.61615998198977,520.9478651583195,0.171875,1.0,88.0,0.01953125,2.9664793948382653,10.0
1.5B,dara,0,69,,,0.94287109375,1.7793235778808594,0.0,95.09130859375,86.11613472399767,14.322581052780151,0.154296875,1.0,79.0,0.0234375,2.565800719723442,12.0
1.5B,dara,0,70,0.975,1.770091889053583,0.94287109375,1.867887020111084,0.0,96.6103515625,93.45642857899657,159.06575840711594,0.150390625,1.0,77.0,0.0234375,2.533114025595111,12.0
1.5B,dara,0,71,,,0.9443359375,1.8495564460754395,0.0,97.35400390625,88.10993955202866,71.01831889152527,0.1484375,1.0,76.0,0.021484375,2.6285149626910838,11.0
1.5B,dara,0,72,,,0.92626953125,1.7618974447250366,0.0,95.30126953125,84.90316780802095,137.2136382162571,0.1875,1.0,96.0,0.025390625,2.7174648819470297,13.0
1.5B,dara,0,73,,,0.93701171875,1.824590802192688,0.0,90.57080078125,80.92935848602792,3.9796749353408813,0.17578125,1.0,90.0,0.021484375,2.860387767736777,11.0
1.5B,dara,0,74,,,0.92626953125,1.7483110427856445,0.0,92.59912109375,81.14110109501053,2.8028770089149475,0.154296875,1.0,79.0,0.02734375,2.3754698783308417,14.0
1.5B,dara,0,75,,,0.92578125,1.8156468868255615,0.0,92.8955078125,80.65198929200415,475.07735973596573,0.12109375,1.0,62.0,0.0234375,2.273030282830976,12.0
1.5B,dara,0,76,,,0.9482421875,1.813901662826538,0.0,95.65087890625,84.55764201795682,96.20445984601974,0.154296875,1.0,79.0,0.02734375,2.3754698783308417,14.0
1.5B,dara,0,77,,,0.94775390625,1.9172937870025635,0.0,96.4404296875,79.98306577000767,106.94599336385727,0.154296875,1.0,79.0,0.033203125,2.155703788448082,17.0
1.5B,dara,0,78,,,0.95751953125,1.9720840454101562,0.0,95.80517578125,82.99334365001414,287.92138612270355,0.123046875,1.0,63.0,0.025390625,2.2013981571160284,13.0
1.5B,dara,0,79,,,0.9462890625,1.921412467956543,0.0,98.73828125,79.46447541197995,92.02423420548439,0.162109375,1.0,83.0,0.025390625,2.5267796470241297,13.0
1.5B,dara,0,80,0.975,1.7754490319639444,0.9443359375,1.8513524532318115,0.0,98.01708984375,86.70571021502838,108.77864995598793,0.1328125,1.0,68.0,0.025390625,2.2870874995874626,13.0
1.5B,dara,0,81,,,0.93212890625,1.7892253398895264,0.0,96.6142578125,80.41635601798771,80.05464860796928,0.138671875,1.0,71.0,0.013671875,3.1847852585154217,7.0
1.5B,dara,0,82,,,0.92529296875,1.857412338256836,0.0,93.798828125,79.75774885102874,72.37083876132965,0.138671875,1.0,71.0,0.025390625,2.336993466302048,13.0
1.5B,dara,0,83,,,0.9423828125,1.7368476390838623,0.0,91.4521484375,81.53969765501097,161.4520578980446,0.134765625,1.0,69.0,0.01171875,3.391164991562634,6.0
1.5B,dara,0,84,,,0.94189453125,1.8115392923355103,0.0,98.05517578125,88.67087908100802,301.7881068587303,0.16015625,1.0,82.0,0.0234375,2.614064523559687,12.0
1.5B,dara,0,85,,,0.9423828125,1.8286726474761963,0.0,91.15576171875,88.27768777200254,44.158903896808624,0.11328125,1.0,58.0,0.01171875,3.1091263510296048,6.0
1.5B,dara,0,86,,,0.94921875,1.891382098197937,0.0,96.49560546875,85.7436392410309,163.21484398841858,0.111328125,1.0,57.0,0.013671875,2.8535691936340255,7.0
1.5B,dara,0,87,,,0.94482421875,1.8941192626953125,0.0,94.5791015625,81.8877723159967,583.5591351389885,0.123046875,1.0,63.0,0.013671875,3.0,7.0
1.5B,dara,0,88,,,0.93359375,1.8714656829833984,0.0,94.8759765625,79.2780246080365,480.77675342559814,0.1015625,1.0,52.0,0.021484375,2.174229226018436,11.0
1.5B,dara,0,89,,,0.93603515625,1.812799096107483,0.0,96.6845703125,79.03420184896095,179.58916068077087,0.15234375,1.0,78.0,0.021484375,2.6628760937957834,11.0
1.5B,dara,0,90,0.975,1.7804192677140236,0.94287109375,1.8420021533966064,0.0,95.72802734375,88.32815408601891,274.44594490528107,0.12109375,1.0,62.0,0.013671875,2.9760952365713798,7.0
1.5B,dara,0,91,,,0.94873046875,1.8668832778930664,0.0,96.64501953125,80.40334284503479,54332.71935635805,0.119140625,1.0,61.0,0.013671875,2.951996902824546,7.0
1.5B,dara,0,92,,,0.9365234375,1.8346151113510132,0.0,94.0498046875,80.7283202370163,165.50118187069893,0.126953125,1.0,65.0,0.01953125,2.5495097567963922,10.0
1.5B,dara,0,93,,,0.9443359375,1.9019947052001953,0.0,96.337890625,82.5548726900015,2.6611727476119995,0.12109375,1.0,62.0,0.00390625,5.0,2.0
1.5B,dara,0,94,,,0.9384765625,1.8747501373291016,0.0,94.1845703125,82.09447390999412,6718.535807400942,0.123046875,1.0,63.0,0.017578125,2.6457513110645907,9.0
1.5B,dara,0,95,,,0.931640625,1.8837080001831055,0.0,97.27587890625,89.10136534797493,21.770082473754883,0.10546875,1.0,54.0,0.017578125,2.449489742783178,9.0
1.5B,dara,0,96,,,0.953125,1.8902193307876587,0.0,98.62841796875,87.02181927399943,278.0024030804634,0.123046875,1.0,63.0,0.015625,2.806243040080456,8.0
1.5B,dara,0,97,,,0.9521484375,1.903442621231079,0.0,97.447265625,80.81666134099942,3.0165343284606934,0.12890625,1.0,66.0,0.00390625,5.0,2.0
1.5B,dara,0,98,,,0.93798828125,1.7946771383285522,0.0,97.48828125,84.14119740697788,206.98308750987053,0.123046875,1.0,63.0,0.017578125,2.6457513110645907,9.0
1.5B,dara,0,99,,,0.93701171875,1.9114054441452026,0.0,94.24853515625,86.57568392896792,2.470525085926056,0.109375,1.0,56.0,0.013671875,2.8284271247461903,7.0
1.5B,dara,0,100,0.975,1.7210442680865525,0.9365234375,1.8062145709991455,0.0,94.97021484375,104.12906754203141,3.471471130847931,0.125,1.0,64.0,0.009765625,3.5777087639996634,5.0
1.5B,dara,1,0,0.025,-2.54375,,,,,,,,,,,,
1.5B,dara,1,1,,,0.001953125,-2.450601100921631,0.0,120.4599609375,94.12565442401683,33.15814423561096,0.16015625,1.0,82.0,0.0078125,4.527692569068709,4.0
1.5B,dara,1,2,,,0.0107421875,-2.4840216636657715,0.0,125.53466796875,94.08447329199407,109.445447742939,0.162109375,1.0,83.0,0.03515625,2.1473497877875207,18.0
1.5B,dara,1,3,,,0.0087890625,-2.2989413738250732,0.0,117.68408203125,90.06115749699529,4.852282524108887,0.216796875,1.0,111.0,0.029296875,2.7202941017470885,15.0
1.5B,dara,1,4,,,0.01171875,-1.626848578453064,0.0,100.24462890625,89.21807847300079,7.518169522285461,0.5,1.0,256.0,0.044921875,3.3362306249131963,23.0
1.5B,dara,1,5,,,0.0244140625,-0.8617104887962341,0.0,91.73388671875,86.78335156501271,4.857862234115601,0.671875,1.0,344.0,0.091796875,2.705392566000397,47.0
1.5B,dara,1,6,,,0.05029296875,0.01575612649321556,0.0,93.83056640625,85.932981296035,4.196080446243286,0.6953125,1.0,356.0,0.16015625,2.0836178667486385,82.0
1.5B,dara,1,7,,,0.0947265625,0.3846094012260437,0.0,95.98046875,84.80679621297168,17.24204784631729,0.677734375,1.0,347.0,0.251953125,1.6400983143153811,129.0
1.5B,dara,1,8,,,0.150390625,0.8036618828773499,0.0,92.283203125,85.63825593300862,47.71600162982941,0.65625,1.0,336.0,0.330078125,1.4100232907556431,169.0
1.5B,dara,1,9,,,0.30126953125,0.7006513476371765,0.0,102.95458984375,85.68458179803565,119.01725953817368,0.689453125,1.0,353.0,0.46875,1.2127791774817596,240.0
1.5B,dara,1,10,0.725,1.4270348897203804,0.3837890625,0.8517777323722839,0.0,100.5263671875,103.8910219509853,4.501709043979645,0.623046875,1.0,319.0,0.51171875,1.1034297675468054,262.0
1.5B,dara,1,11,,,0.564453125,0.9455193877220154,0.0,97.55859375,83.1815440999926,74.45021331310272,0.611328125,1.0,313.0,0.501953125,1.1035845380779965,257.0
1.5B,dara,1,12,,,0.6943359375,0.9735345840454102,0.0,109.51806640625,88.99795912601985,92.2404795885086,0.615234375,1.0,315.0,0.40625,1.2306189812135504,208.0
1.5B,dara,1,13,,,0.7529296875,1.0700047016143799,0.0,110.7939453125,88.24441673600813,40.043439626693726,0.54296875,1.0,278.0,0.328125,1.2863754913561998,168.0
1.5B,dara,1,14,,,0.7861328125,1.1906789541244507,0.0,108.03515625,87.60550351702841,46.38558769226074,0.5234375,1.0,268.0,0.23046875,1.5070456000658925,118.0
1.5B,dara,1,15,,,0.7978515625,1.2251689434051514,0.0,105.41796875,86.49425468500704,3.3116081953048706,0.48046875,1.0,246.0,0.201171875,1.545428586044372,103.0
1.5B,dara,1,16,,,0.86669921875,1.2411967515945435,0.0,105.35693359375,87.70855397800915,58.3097707927227,0.486328125,1.0,249.0,0.154296875,1.7753587621033713,79.0
1.5B,dara,1,17,,,0.83056640625,1.3839406967163086,0.0,96.77392578125,84.92637458600802,120.14819067716599,0.43359375,1.0,222.0,0.123046875,1.8771812708978117,63.0
1.5B,dara,1,18,,,0.8359375,1.2539972066879272,0.0,107.66259765625,87.70379203697667,26.850274443626404,0.49609375,1.0,254.0,0.119140625,2.0405720830760936,61.0
1.5B,dara,1,19,,,0.85400390625,1.3288218975067139,0.0,101.4873046875,87.77368477196433,65.7536096572876,0.439453125,1.0,225.0,0.11328125,1.9695964928958383,58.0
1.5B,dara,1,20,0.9125,1.5636197125539184,0.87451171875,1.5109044313430786,0.0,101.18212890625,101.05663318396546,238.68175899982452,0.39453125,1.0,202.0,0.1015625,1.9709427654336857,52.0
1.5B,dara,1,21,,,0.87109375,1.4208447933197021,0.0,96.89453125,85.29471054399619,196.75969034433365,0.400390625,1.0,205.0,0.06640625,2.455486054675506,34.0
1.5B,dara,1,22,,,0.8896484375,1.5006314516067505,0.0,100.0966796875,89.17938588699326,220.79460442066193,0.3671875,1.0,188.0,0.064453125,2.3868325657594203,33.0
1.5B,dara,1,23,,,0.87353515625,1.4963488578796387,0.0,100.083984375,88.14362370496383,179.6559282541275,0.408203125,1.0,209.0,0.099609375,2.0243614340542733,51.0
1.5B,dara,1,24,,,0.8798828125,1.466545820236206,0.0,98.2490234375,85.32697333802935,1904.7836045622826,0.357421875,1.0,183.0,0.07421875,2.194490709409409,38.0
1.5B,dara,1,25,,,0.8779296875,1.6443555355072021,0.0,97.119140625,85.84679122496163,310.85743445158005,0.353515625,1.0,181.0,0.0546875,2.5424959615082408,28.0
1.5B,dara,1,26,,,0.89208984375,1.6361068487167358,0.0,99.23779296875,84.27602716698311,182.3918235898018,0.353515625,1.0,181.0,0.08984375,1.9836286468731117,46.0
1.5B,dara,1,27,,,0.88720703125,1.497560977935791,0.0,95.50927734375,84.8449151259847,3.3693992495536804,0.322265625,1.0,165.0,0.087890625,1.9148542155126762,45.0
1.5B,dara,1,28,,,0.888671875,1.441224455833435,0.0,102.11572265625,86.0908089139848,240.71972876787186,0.3515625,1.0,180.0,0.091796875,1.9569842191603266,47.0
1.5B,dara,1,29,,,0.90869140625,1.6233985424041748,0.0,96.3037109375,86.80361252999865,127.90304291248322,0.3359375,1.0,172.0,0.068359375,2.2168188275738085,35.0
1.5B,dara,1,30,0.975,1.6192206740379333,0.9150390625,1.5421916246414185,0.0,98.42431640625,95.81576921202941,122.76797807216644,0.349609375,1.0,179.0,0.05859375,2.442676128074835,30.0
1.5B,dara,1,31,,,0.91748046875,1.615132451057434,0.0,92.90185546875,80.41442188899964,439.09301817417145,0.32421875,1.0,166.0,0.05859375,2.3523038352503134,30.0
1.5B,dara,1,32,,,0.93603515625,1.6241700649261475,0.0,93.55859375,80.64300433197059,276.7316053509712,0.296875,1.0,152.0,0.0546875,2.32992949004287,28.0
1.5B,dara,1,33,,,0.93701171875,1.6339130401611328,0.0,97.62255859375,86.78496557404287,1109.428517639637,0.318359375,1.0,163.0,0.05859375,2.330951164939612,30.0
1.5B,dara,1,34,,,0.91650390625,1.582539677619934,0.0,101.9404296875,87.03606767300516,196.1917221546173,0.3125,1.0,160.0,0.072265625,2.0795009796401454,37.0
1.5B,dara,1,35,,,0.923828125,1.6232510805130005,0.0,98.27734375,85.87667883199174,6.114089548587799,0.3125,1.0,160.0,0.044921875,2.637521893583148,23.0
1.5B,dara,1,36,,,0.9150390625,1.6881537437438965,0.0,94.72607421875,78.9321878280025,277.1841381788254,0.26953125,1.0,138.0,0.064453125,2.04494943258218,33.0
1.5B,dara,1,37,,,0.9130859375,1.5736762285232544,0.0,99.8955078125,81.34118312096689,206.39925640821457,0.2578125,1.0,132.0,0.072265625,1.88880056320607,37.0
1.5B,dara,1,38,,,0.935546875,1.7750301361083984,0.0,98.3828125,83.82611114397878,755.418147444725,0.275390625,1.0,141.0,0.044921875,2.4759714825919734,23.0
1.5B,dara,1,39,,,0.921875,1.4990063905715942,0.0,100.1279296875,83.31663089100039,55.40891647338867,0.279296875,1.0,143.0,0.046875,2.4409697526461347,24.0
1.5B,dara,1,40,0.975,1.6618099629878997,0.93359375,1.702104091644287,0.0,97.74560546875,92.43050659104483,8.38412493467331,0.27734375,1.0,142.0,0.0390625,2.6645825188948455,20.0
1.5B,dara,1,41,,,0.93505859375,1.764407992362976,0.0,93.44384765625,81.65226179698948,32.307634592056274,0.25,1.0,128.0,0.03125,2.8284271247461903,16.0
1.5B,dara,1,42,,,0.93798828125,1.609704852104187,0.0,96.42822265625,79.9254997529788,153.760269343853,0.291015625,1.0,149.0,0.03125,3.0516389039334255,16.0
1.5B,dara,1,43,,,0.92041015625,1.6644954681396484,0.0,98.37109375,87.33239534101449,94.36150401830673,0.265625,1.0,136.0,0.048828125,2.3323807579381204,25.0
1.5B,dara,1,44,,,0.92138671875,1.6124130487442017,0.0,96.849609375,81.30639277101727,817.7234954833984,0.244140625,1.0,125.0,0.0546875,2.1128856368212916,28.0
1.5B,dara,1,45,,,0.9326171875,1.6783905029296875,0.0,95.43994140625,79.95170616696123,47.57717019319534,0.24609375,1.0,126.0,0.0234375,3.24037034920393,12.0
1.5B,dara,1,46,,,0.93505859375,1.758213758468628,0.0,93.15625,79.46486530301627,101.44015949964523,0.251953125,1.0,129.0,0.04296875,2.421494654884946,22.0
1.5B,dara,1,47,,,0.9375,1.7399754524230957,0.0,95.21435546875,85.27213810500689,2.430648982524872,0.244140625,1.0,125.0,0.025390625,3.1008683647302115,13.0
1.5B,dara,1,48,,,0.94091796875,1.753852367401123,0.0,91.69287109375,85.48844576498959,159.69687747955322,0.22265625,1.0,114.0,0.033203125,2.5895718474182514,17.0
1.5B,dara,1,49,,,0.94091796875,1.6902519464492798,0.0,94.59814453125,80.13531856500776,4.09045884013176,0.23046875,1.0,118.0,0.02734375,2.903200204700225,14.0
1.5B,dara,1,50,0.975,1.7095778197050095,0.93408203125,1.8015483617782593,0.0,95.19775390625,90.66970035998384,241.11681592464447,0.205078125,1.0,105.0,0.03125,2.5617376914898995,16.0
1.5B,dara,1,51,,,0.93701171875,1.769860863685608,0.0,92.52783203125,82.26573122397531,41.391414135694504,0.19140625,1.0,98.0,0.041015625,2.160246899469287,21.0
1.5B,dara,1,52,,,0.943359375,1.783812165260315,0.0,91.78955078125,81.7079517809907,79.41634744405746,0.244140625,1.0,125.0,0.013671875,4.225771273642583,7.0
1.5B,dara,1,53,,,0.93701171875,1.7170735597610474,0.0,93.162109375,77.26167007902404,81.81076589226723,0.181640625,1.0,93.0,0.025390625,2.674667484725186,13.0
1.5B,dara,1,54,,,0.92919921875,1.6501109600067139,0.0,95.22265625,81.9953096320387,93.92874830961227,0.216796875,1.0,111.0,0.03125,2.6339134382131846,16.0
1.5B,dara,1,55,,,0.93310546875,1.7340213060379028,0.0,93.06787109375,81.48748560796957,86.20138853788376,0.19921875,1.0,102.0,0.041015625,2.2038926600773587,21.0
1.5B,dara,1,56,,,0.94140625,1.8266825675964355,0.0,94.04833984375,80.09231932100374,175.83173632621765,0.208984375,1.0,107.0,0.01953125,3.271085446759225,10.0
1.5B,dara,1,57,,,0.9287109375,1.7363696098327637,0.0,91.88525390625,81.50423622701783,175.57020944356918,0.177734375,1.0,91.0,0.03125,2.384848003542364,16.0
1.5B,dara,1,58,,,0.94580078125,1.8417670726776123,0.0,97.3740234375,81.29894957802026,115.09782510995865,0.19140625,1.0,98.0,0.03125,2.4748737341529163,16.0
1.5B,dara,1,59,,,0.93212890625,1.8288116455078125,0.0,90.9609375,79.31729770504171,42.88288080692291,0.1640625,1.0,84.0,0.033203125,2.2228757209048453,17.0
1.5B,dara,1,60,0.975,1.696109203621745,0.939453125,1.8359348773956299,0.0,94.1533203125,86.89551360497717,3.851996421813965,0.189453125,1.0,97.0,0.025390625,2.731581677625339,13.0
1.5B,dara,1,61,,,0.94677734375,1.7643834352493286,0.0,93.8232421875,80.77908576099435,193.6174269914627,0.1953125,1.0,100.0,0.03125,2.5,16.0
1.5B,dara,1,62,,,0.92578125,1.786768913269043,0.0,97.03515625,80.43192921002628,166.94572487473488,0.185546875,1.0,95.0,0.01953125,3.082207001484488,10.0
1.5B,dara,1,63,,,0.9306640625,1.5930137634277344,0.0,93.10693359375,79.36695726099424,92.13464072346687,0.1953125,1.0,100.0,0.02734375,2.6726124191242437,14.0
1.5B,dara,1,64,,,0.9228515625,1.697007656097412,0.0,92.361328125,87.24221661296906,254.25053524971008,0.166015625,1.0,85.0,0.03125,2.3048861143232218,16.0
1.5B,dara,1,65,,,0.9423828125,1.658202052116394,0.0,92.1376953125,86.18358104099752,3.530090868473053,0.23046875,1.0,118.0,0.029296875,2.804757862395017,15.0
1.5B,dara,1,66,,,0.9365234375,1.8628838062286377,0.0,90.53955078125,77.41703238501213,146.70386472344398,0.169921875,1.0,87.0,0.01953125,2.949576240750525,10.0
1.5B,dara,1,67,,,0.96044921875,1.8582369089126587,0.0,90.99560546875,78.29808812000556,7.36713907122612,0.171875,1.0,88.0,0.025390625,2.6017745423519636,13.0
1.5B,dara,1,68,,,0.9501953125,1.885503888130188,0.0,90.11669921875,78.03627802501433,3.08052796125412,0.14453125,1.0,74.0,0.01171875,3.5118845842842465,6.0
1.5B,dara,1,69,,,0.9345703125,1.6925591230392456,0.0,96.72265625,88.17140459595248,2680.8212835788727,0.208984375,1.0,107.0,0.03125,2.5860201081971503,16.0
1.5B,dara,1,70,0.975,1.7899133153259754,0.93115234375,1.822011947631836,0.0,93.01953125,91.0807657649857,177.26532259583473,0.150390625,1.0,77.0,0.021484375,2.6457513110645907,11.0
1.5B,dara,1,71,,,0.92822265625,1.8543514013290405,0.0,91.380859375,75.45647296699462,131.47425669431686,0.19140625,1.0,98.0,0.015625,3.5,8.0
1.5B,dara,1,72,,,0.9482421875,1.9127928018569946,0.0,91.7412109375,78.04412196896737,202.34340131282806,0.14453125,1.0,74.0,0.02734375,2.29906813420444,14.0
1.5B,dara,1,73,,,0.93212890625,1.816702127456665,0.0,92.95751953125,76.91767456900561,110.09126499295235,0.14453125,1.0,74.0,0.01953125,2.7202941017470885,10.0
1.5B,dara,1,74,,,0.9384765625,1.7649143934249878,0.0,94.79443359375,82.56969040998956,26.039170116186142,0.177734375,1.0,91.0,0.03515625,2.2484562605386733,18.0
1.5B,dara,1,75,,,0.94482421875,1.7732586860656738,0.0,93.54736328125,77.34403943404322,3.0348572731018066,0.1484375,1.0,76.0,0.015625,3.082207001484488,8.0
1.5B,dara,1,76,,,0.9453125,1.8095614910125732,0.0,96.7421875,79.87262919195928,293.7932795882225,0.177734375,1.0,91.0,0.017578125,3.1797973380564852,9.0
1.5B,dara,1,77,,,0.94140625,1.896618127822876,0.0,94.29931640625,86.62566550401971,167.73656448721886,0.12109375,1.0,62.0,0.0234375,2.273030282830976,12.0
1.5B,dara,1,78,,,0.951171875,1.928238034248352,0.0,93.5927734375,80.6834725550143,88.17488729953766,0.142578125,1.0,73.0,0.017578125,2.848001248439177,9.0
1.5B,dara,1,79,,,0.9423828125,1.8407338857650757,0.0,98.8291015625,87.79763821000233,375.8457311987877,0.13671875,1.0,70.0,0.03125,2.091650066335189,16.0
1.5B,dara,1,80,0.975,1.7922049809247256,0.9384765625,1.7298145294189453,0.0,93.5224609375,93.09902057604631,2.9368748664855957,0.140625,1.0,72.0,0.013671875,3.2071349029490928,7.0
1.5B,dara,1,81,,,0.9501953125,1.9221010208129883,0.0,90.43994140625,79.65934630803531,4.599404156208038,0.142578125,1.0,73.0,0.015625,3.020761493398643,8.0
1.5B,dara,1,82,,,0.95263671875,1.8228157758712769,0.0,92.30908203125,77.95516053802567,4.325927495956421,0.115234375,1.0,59.0,0.029296875,1.983263304085802,15.0
1.5B,dara,1,83,,,0.9404296875,1.7713778018951416,0.0,95.7138671875,79.68597862694878,4.412514925003052,0.154296875,1.0,79.0,0.029296875,2.2949219304078006,15.0
1.5B,dara,1,84,,,0.93603515625,1.889823317527771,0.0,93.83837890625,79.86975633300608,1110.3985103070736,0.123046875,1.0,63.0,0.013671875,3.0,7.0
1.5B,dara,1,85,,,0.94091796875,1.8689658641815186,0.0,92.6796875,81.06907676998526,15.898363083600998,0.123046875,1.0,63.0,0.021484375,2.393172105652397,11.0
1.5B,dara,1,86,,,0.94140625,1.872652292251587,0.0,93.36181640625,82.03700407303404,5.341979742050171,0.14453125,1.0,74.0,0.01953125,2.7202941017470885,10.0
1.5B,dara,1,87,,,0.939453125,1.8326071500778198,0.0,91.5341796875,78.43518145999406,4.27844363451004,0.119140625,1.0,61.0,0.025390625,2.1661735138967266,13.0
1.5B,dara,1,88,,,0.94091796875,1.9139313697814941,0.0,97.091796875,80.11990276101278,118.46286034584045,0.11328125,1.0,58.0,0.03125,1.9039432764659772,16.0
1.5B,dara,1,89,,,0.96435546875,1.89091956615448,0.0,93.11083984375,79.8460869769915,3.8473992347717285,0.087890625,1.0,45.0,0.015625,2.3717082451262845,8.0
1.5B,dara,1,90,0.975,1.749913314729929,0.96044921875,1.7967687845230103,0.0,93.89208984375,82.3247162810294,10.714397013187408,0.11328125,1.0,58.0,0.021484375,2.2962419891481978,11.0
1.5B,dara,1,91,,,0.95849609375,1.909260869026184,0.0,93.03662109375,78.19015232101083,46.6434708237648,0.099609375,1.0,51.0,0.01953125,2.258317958127243,10.0
1.5B,dara,1,92,,,0.96044921875,1.956712007522583,0.0,91.79541015625,78.1925247629988,46.949088007211685,0.08984375,1.0,46.0,0.015625,2.3979157616563596,8.0
1.5B,dara,1,93,,,0.95947265625,1.8289821147918701,0.0,94.1806640625,78.93941548001021,37.00727641582489,0.140625,1.0,72.0,0.02734375,2.2677868380553634,14.0
1.5B,dara,1,94,,,0.94921875,1.9132194519042969,0.0,95.197265625,80.21281907299999,336.5340887904167,0.107421875,1.0,55.0,0.025390625,2.0568833780186058,13.0
1.5B,dara,1,95,,,0.9345703125,1.8461072444915771,0.0,91.71533203125,76.96719261701219,4.5177003145217896,0.125,1.0,64.0,0.0234375,2.309401076758503,12.0
1.5B,dara,1,96,,,0.95361328125,1.8115894794464111,0.0,99.6123046875,83.37619096599519,151.16784715652466,0.11328125,1.0,58.0,0.025390625,2.1122354181147664,13.0
1.5B,dara,1,97,,,0.9501953125,1.873081088066101,0.0,93.1435546875,77.51095432398142,4.12197482585907,0.115234375,1.0,59.0,0.013671875,2.903200204700225,7.0
1.5B,dara,1,98,,,0.96142578125,1.8784570693969727,0.0,95.376953125,84.36373354302486,4.299400269985199,0.091796875,1.0,47.0,0.013671875,2.591193878173865,7.0
1.5B,dara,1,99,,,0.94091796875,1.843546748161316,0.0,96.5771484375,82.00278815400088,899.8424254953861,0.0859375,1.0,44.0,0.01171875,2.70801280154532,6.0
1.5B,dara,1,100,0.975,1.7380222875624896,0.95361328125,1.9535317420959473,0.0,91.37890625,96.95123042404884,2978.791281104088,0.078125,1.0,40.0,0.01171875,2.581988897471611,6.0
1.5B,dara,2,0,0.025,-2.54375,,,,,,,,,,,,
1.5B,dara,2,1,,,0.0048828125,-2.440371036529541,0.0,123.24072265625,94.58610161300749,34.94056123495102,0.15625,1.0,80.0,0.017578125,2.9814239699997196,9.0
1.5B,dara,2,2,,,0.00537109375,-2.410172462463379,0.0,115.240234375,97.3193995730253,5.047490179538727,0.162109375,1.0,83.0,0.01953125,2.8809720581775866,10.0
1.5B,dara,2,3,,,0.00732421875,-2.1999759674072266,0.0,116.4462890625,94.45868767600041,122.12514132261276,0.31640625,1.0,162.0,0.029296875,3.286335345030997,15.0
1.5B,dara,2,4,,,0.0126953125,-1.656261682510376,0.0,96.39404296875,89.97412710799836,33.01755839586258,0.52734375,1.0,270.0,0.041015625,3.585685828003181,21.0
1.5B,dara,2,5,,,0.021484375,-0.6496402025222778,0.0,93.89453125,90.28520038799616,28.506775617599487,0.68359375,1.0,350.0,0.076171875,2.9957234475763905,39.0
1.5B,dara,2,6,,,0.03271484375,0.03361343592405319,0.0,87.60009765625,87.94935420301044,17.04616951942444,0.71875,1.0,368.0,0.109375,2.5634797778466227,56.0
1.5B,dara,2,7,,,0.07958984375,0.31881171464920044,0.0,90.6513671875,90.53693098505028,21.193110823631287,0.662109375,1.0,339.0,0.228515625,1.702185623672077,117.0
1.5B,dara,2,8,,,0.1376953125,0.6680068373680115,0.0,84.5029296875,89.50301918602781,4.615031361579895,0.6640625,1.0,340.0,0.337890625,1.4018979702799859,173.0
1.5B,dara,2,9,,,0.251953125,0.7172513604164124,0.0,95.64453125,90.21234057098627,18.757668673992157,0.658203125,1.0,337.0,0.4453125,1.2157590943269134,228.0
1.5B,dara,2,10,0.7125,1.4338206058368086,0.31787109375,0.869549036026001,0.0,96.00927734375,99.62791887600906,61.17360782623291,0.64453125,1.0,330.0,0.541015625,1.0914832752141475,277.0
1.5B,dara,2,11,,,0.49658203125,0.8456313610076904,0.0,101.67138671875,93.97649289498804,86.43995022773743,0.58984375,1.0,302.0,0.50390625,1.0819161869844238,258.0
1.5B,dara,2,12,,,0.59716796875,0.9323599338531494,0.0,102.5537109375,90.31972559803398,22.368073642253876,0.580078125,1.0,297.0,0.5,1.0771054962258804,256.0
1.5B,dara,2,13,,,0.71630859375,1.1124645471572876,0.0,98.82470703125,89.57822577399202,20.576983153820038,0.5703125,1.0,292.0,0.390625,1.2083045973594573,200.0
1.5B,dara,2,14,,,0.79296875,1.1565563678741455,0.0,110.45458984375,90.99526377796428,3.6591620445251465,0.50390625,1.0,258.0,0.23046875,1.478661786199299,118.0
1.5B,dara,2,15,,,0.81982421875,1.2272989749908447,0.0,109.40771484375,93.07635609002318,70.87238252162933,0.49609375,1.0,254.0,0.201171875,1.5703564619142139,103.0
1.5B,dara,2,16,,,0.81982421875,1.194413661956787,0.0,105.82568359375,89.82673000602517,23.502379059791565,0.498046875,1.0,255.0,0.166015625,1.7320508075688772,85.0
1.5B,dara,2,17,,,0.85302734375,1.3181402683258057,0.0,101.47998046875,89.7085206329939,358.66107535362244,0.419921875,1.0,215.0,0.125,1.8328597873268975,64.0
1.5B,dara,2,18,,,0.8505859375,1.3609777688980103,0.0,105.322265625,91.66120146302273,148.52827781438828,0.43359375,1.0,222.0,0.107421875,2.0090703413180027,55.0
1.5B,dara,2,19,,,0.86572265625,1.3616267442703247,0.0,108.78369140625,89.44215901603457,112.7019174695015,0.44921875,1.0,230.0,0.130859375,1.8527913592456984,67.0
1.5B,dara,2,20,0.925,1.5311197137460113,0.86767578125,1.457646369934082,0.0,98.10498046875,99.34664563502884,348.7737547159195,0.390625,1.0,200.0,0.087890625,2.1081851067789197,45.0
1.5B,dara,2,21,,,0.8818359375,1.515212059020996,0.0,101.9150390625,90.99594772601267,56.05488741397858,0.43359375,1.0,222.0,0.072265625,2.449489742783178,37.0
1.5B,dara,2,22,,,0.85693359375,1.3582266569137573,0.0,103.97021484375,90.94308740698034,319.99115628004074,0.423828125,1.0,217.0,0.107421875,1.986316829071975,55.0
1.5B,dara,2,23,,,0.8505859375,1.484498381614685,0.0,94.873046875,88.32540580199566,153.13110274076462,0.3671875,1.0,188.0,0.06640625,2.3514701283890216,34.0
1.5B,dara,2,24,,,0.89697265625,1.5806986093521118,0.0,105.9931640625,91.98041423002724,252.13229781389236,0.380859375,1.0,195.0,0.080078125,2.1808478995509084,41.0
1.5B,dara,2,25,,,0.89892578125,1.53892183303833,0.0,100.041015625,88.25863630499225,130.5576828122139,0.34375,1.0,176.0,0.072265625,2.1809990272250825,37.0
1.5B,dara,2,26,,,0.89306640625,1.6030688285827637,0.0,99.7294921875,89.70338318595896,190.22145348787308,0.3671875,1.0,188.0,0.087890625,2.043961295567452,45.0
1.5B,dara,2,27,,,0.91455078125,1.6028285026550293,0.0,97.486328125,88.89887761103455,148.9768546819687,0.33203125,1.0,170.0,0.087890625,1.9436506316151,45.0
1.5B,dara,2,28,,,0.9208984375,1.6623344421386719,0.0,96.0439453125,90.09432218002621,3.0423485040664673,0.33203125,1.0,170.0,0.0703125,2.173067468400883,36.0
1.5B,dara,2,29,,,0.9228515625,1.6291513442993164,0.0,102.73486328125,91.19387691002339,258.312039911747,0.357421875,1.0,183.0,0.064453125,2.354878881270658,33.0
1.5B,dara,2,30,0.975,1.6659617468714714,0.9208984375,1.5664068460464478,0.0,97.19091796875,99.65786187100457,4.215260207653046,0.357421875,1.0,183.0,0.05859375,2.4698178070456938,30.0
1.5B,dara,2,31,,,0.9228515625,1.555730938911438,0.0,96.1650390625,91.94865901500452,247.00072729587555,0.345703125,1.0,177.0,0.060546875,2.389493130217126,31.0
1.5B,dara,2,32,,,0.9345703125,1.604137897491455,0.0,92.56201171875,82.43989037402207,170.16662096977234,0.373046875,1.0,191.0,0.080078125,2.1583643310075926,41.0
1.5B,dara,2,33,,,0.93359375,1.5158159732818604,0.0,93.48486328125,85.01474279700778,3.0791021585464478,0.30078125,1.0,154.0,0.0546875,2.345207879911715,28.0
1.5B,dara,2,34,,,0.9169921875,1.7208657264709473,0.0,92.85888671875,85.37614634801866,117.43795561790466,0.248046875,1.0,127.0,0.044921875,2.349838107282028,23.0
1.5B,dara,2,35,,,0.9228515625,1.5759681463241577,0.0,97.505859375,89.63691725203535,117.97718089818954,0.283203125,1.0,145.0,0.037109375,2.7625312572654126,19.0
1.5B,dara,2,36,,,0.93212890625,1.6258403062820435,0.0,95.80126953125,85.3461012080079,74.66019070148468,0.2734375,1.0,140.0,0.05859375,2.160246899469287,30.0
1.5B,dara,2,37,,,0.93505859375,1.7384942770004272,0.0,90.06591796875,82.37804245599546,63.54058909416199,0.267578125,1.0,137.0,0.04296875,2.4954504056928735,22.0
1.5B,dara,2,38,,,0.93994140625,1.5324602127075195,0.0,98.34521484375,90.99362112703966,509.6689864397049,0.330078125,1.0,169.0,0.052734375,2.5018511664883785,27.0
1.5B,dara,2,39,,,0.9248046875,1.7046005725860596,0.0,93.5439453125,86.73030358500546,231.21849256753922,0.291015625,1.0,149.0,0.056640625,2.2667004730406615,29.0
1.5B,dara,2,40,0.975,1.7553002204746009,0.9375,1.678088665008545,0.0,92.51220703125,95.03770129202167,53.556567311286926,0.259765625,1.0,133.0,0.04296875,2.458750606599731,22.0
1.5B,dara,2,41,,,0.93701171875,1.7088391780853271,0.0,95.0400390625,82.31381727196276,231.0733060836792,0.24609375,1.0,126.0,0.04296875,2.393172105652397,22.0
1.5B,dara,2,42,,,0.91845703125,1.646277666091919,0.0,92.29638671875,90.91201504104538,3.1991499066352844,0.26171875,1.0,134.0,0.0390625,2.588435821108957,20.0
1.5B,dara,2,43,,,0.93212890625,1.6764335632324219,0.0,90.3037109375,81.62784546695184,2.9294230341911316,0.248046875,1.0,127.0,0.03125,2.817356917396161,16.0
1.5B,dara,2,44,,,0.94921875,1.7626442909240723,0.0,90.8623046875,83.95891769696027,182.0970795750618,0.23828125,1.0,122.0,0.029296875,2.851899951494325,15.0
1.5B,dara,2,45,,,0.94140625,1.7563928365707397,0.0,93.96826171875,90.06306374398991,3.622975528240204,0.244140625,1.0,125.0,0.037109375,2.564945880212885,19.0
1.5B,dara,2,46,,,0.92236328125,1.7284690141677856,0.0,95.4853515625,92.8416144499788,86.5836678147316,0.236328125,1.0,121.0,0.03515625,2.592724864350674,18.0
1.5B,dara,2,47,,,0.93212890625,1.7821918725967407,0.0,93.15380859375,85.55121126398444,86.3694272339344,0.216796875,1.0,111.0,0.041015625,2.29906813420444,21.0
1.5B,dara,2,48,,,0.9248046875,1.7650779485702515,0.0,95.6728515625,89.66850766999414,143.8160116970539,0.22265625,1.0,114.0,0.025390625,2.9612887007569473,13.0
1.5B,dara,2,49,,,0.94140625,1.6346590518951416,0.0,96.396484375,93.0022654570057,3.1834073662757874,0.228515625,1.0,117.0,0.025390625,3.0,13.0
1.5B,dara,2,50,0.975,1.7507168866693974,0.92626953125,1.7452236413955688,0.0,96.365234375,96.65194091101876,171.24065709114075,0.26171875,1.0,134.0,0.03515625,2.7284509239574835,18.0
1.5B,dara,2,51,,,0.92919921875,1.6414376497268677,0.0,95.9033203125,88.88332565501332,3.1698611676692963,0.224609375,1.0,115.0,0.017578125,3.5746017649212027,9.0
1.5B,dara,2,52,,,0.93701171875,1.8766752481460571,0.0,91.3154296875,83.2981556210434,291.04360994696617,0.21484375,1.0,110.0,0.01953125,3.3166247903554,10.0
1.5B,dara,2,53,,,0.92333984375,1.7260727882385254,0.0,97.216796875,90.87985412805574,84.95569381117821,0.20703125,1.0,106.0,0.025390625,2.855494029733936,13.0
1.5B,dara,2,54,,,0.94384765625,1.7410838603973389,0.0,93.06298828125,83.80196882801829,3.0076889395713806,0.173828125,1.0,89.0,0.021484375,2.8444523358476395,11.0
1.5B,dara,2,55,,,0.95556640625,1.7420337200164795,0.0,93.931640625,90.44701641099527,233.5857789516449,0.224609375,1.0,115.0,0.033203125,2.6009048199334286,17.0
1.5B,dara,2,56,,,0.9462890625,1.8211013078689575,0.0,95.849609375,89.63443160598399,21.512306183576584,0.185546875,1.0,95.0,0.02734375,2.6049403612586386,14.0
1.5B,dara,2,57,,,0.9521484375,1.8017923831939697,0.0,91.40771484375,83.04943324904889,197.22234416007996,0.17578125,1.0,90.0,0.015625,3.3541019662496847,8.0
1.5B,dara,2,58,,,0.93896484375,1.8298206329345703,0.0,94.7041015625,90.14058181201108,72.24531555175781,0.185546875,1.0,95.0,0.03125,2.436698586202241,16.0
1.5B,dara,2,59,,,0.92578125,1.7581770420074463,0.0,93.71337890625,91.54188191296998,2.862076312303543,0.162109375,1.0,83.0,0.017578125,3.0368111930480994,9.0
1.5B,dara,2,60,0.975,1.7874819971621037,0.935546875,1.811563491821289,0.0,96.6689453125,101.21426409902051,129.79309976100922,0.169921875,1.0,87.0,0.025390625,2.586949495507729,13.0
1.5B,dara,2,61,,,0.93603515625,1.8055568933486938,0.0,92.27734375,81.259431100043,86.78446614742279,0.177734375,1.0,91.0,0.029296875,2.463060426921489,15.0
1.5B,dara,2,62,,,0.9404296875,1.742253065109253,0.0,95.25244140625,86.3948630259838,74475.74015253782,0.193359375,1.0,99.0,0.03515625,2.345207879911715,18.0
1.5B,dara,2,63,,,0.953125,1.903728723526001,0.0,88.89599609375,78.68957256199792,3.2670982480049133,0.189453125,1.0,97.0,0.013671875,3.722518348798681,7.0
1.5B,dara,2,64,,,0.951171875,1.731410264968872,0.0,95.66796875,84.56847597897286,274.1568322777748,0.19140625,1.0,98.0,0.015625,3.5,8.0
1.5B,dara,2,65,,,0.95068359375,1.8628555536270142,0.0,93.2607421875,83.46787401603069,27.561150074005127,0.171875,1.0,88.0,0.0234375,2.70801280154532,12.0
1.5B,dara,2,66,,,0.939453125,1.801160216331482,0.0,90.06396484375,81.04487604903989,79.32583123445511,0.15234375,1.0,78.0,0.03125,2.207940216581962,16.0
1.5B,dara,2,67,,,0.9375,1.7862508296966553,0.0,95.27734375,88.89302726404276,149.63734978437424,0.177734375,1.0,91.0,0.02734375,2.5495097567963922,14.0
1.5B,dara,2,68,,,0.9287109375,1.8285894393920898,0.0,89.8017578125,89.2678143629455,235.0491562485695,0.140625,1.0,72.0,0.033203125,2.0579830217101063,17.0
1.5B,dara,2,69,,,0.9482421875,1.7972623109817505,0.0,88.68017578125,81.37420583702624,2.900359034538269,0.14453125,1.0,74.0,0.0234375,2.48327740429189,12.0
1.5B,dara,2,70,0.975,1.792839140072465,0.9287109375,1.8777549266815186,0.0,88.20556640625,95.87129057501443,3.264839231967926,0.166015625,1.0,85.0,0.02734375,2.4640269015229057,14.0
1.5B,dara,2,71,,,0.92919921875,1.793639063835144,0.0,91.06689453125,86.29608498798916,164.773358553648,0.140625,1.0,72.0,0.021484375,2.5584085962673253,11.0
1.5B,dara,2,72,,,0.9501953125,1.866811752319336,0.0,92.85693359375,90.5844693009858,321.21686214208603,0.15234375,1.0,78.0,0.021484375,2.6628760937957834,11.0
1.5B,dara,2,73,,,0.92333984375,1.8449243307113647,0.0,94.3681640625,91.22558615298476,3.0130420923233032,0.119140625,1.0,61.0,0.015625,2.7613402542968153,8.0
1.5B,dara,2,74,,,0.94873046875,1.9061206579208374,0.0,90.13818359375,87.33077182102716,962199.1764567196,0.134765625,1.0,69.0,0.009765625,3.714835124201342,5.0
1.5B,dara,2,75,,,0.94873046875,1.8410162925720215,0.0,89.41357421875,79.9247619509697,64.86628234386444,0.14453125,1.0,74.0,0.017578125,2.8674417556808756,9.0
1.5B,dara,2,76,,,0.9462890625,1.848593831062317,0.0,91.75244140625,82.94531794200884,298.1577555537224,0.1328125,1.0,68.0,0.0234375,2.3804761428476167,12.0
1.5B,dara,2,77,,,0.93603515625,1.8074851036071777,0.0,92.0703125,91.69995302299503,472.2529923915863,0.1171875,1.0,60.0,0.015625,2.7386127875258306,8.0
1.5B,dara,2,78,,,0.93603515625,1.8483281135559082,0.0,88.623046875,82.5652620740002,394.2192942202091,0.10546875,1.0,54.0,0.01171875,3.0,6.0
1.5B,dara,2,79,,,0.953125,1.8842706680297852,0.0,93.53369140625,82.71405394701287,3.1803373396396637,0.13671875,1.0,70.0,0.013671875,3.1622776601683795,7.0
1.5B,dara,2,80,0.975,1.7825712833553553,0.9404296875,1.8725755214691162,0.0,94.8466796875,92.98476283001946,171.19768688082695,0.142578125,1.0,73.0,0.01171875,3.488074922742725,6.0
1.5B,dara,2,81,,,0.9521484375,1.781472086906433,0.0,96.53662109375,85.07411754498025,290.4164392352104,0.13671875,1.0,70.0,0.021484375,2.522624895547565,11.0
1.5B,dara,2,82,,,0.93408203125,1.9013400077819824,0.0,92.51806640625,83.0895155640319,228.86961272358894,0.140625,1.0,72.0,0.015625,3.0,8.0
1.5B,dara,2,83,,,0.94189453125,1.8798179626464844,0.0,91.28076171875,92.02768485399429,3.5869440734386444,0.0859375,1.0,44.0,0.013671875,2.5071326821120348,7.0
1.5B,dara,2,84,,,0.955078125,1.882023811340332,0.0,92.83154296875,80.8894987719832,55.13037592172623,0.119140625,1.0,61.0,0.0078125,3.905124837953327,4.0
1.5B,dara,2,85,,,0.9541015625,1.9730315208435059,0.0,95.58935546875,86.22233304200927,53.73430407047272,0.111328125,1.0,57.0,0.01171875,3.082207001484488,6.0
1.5B,dara,2,86,,,0.92822265625,1.7154715061187744,0.0,96.2392578125,89.43674484401708,109.58343786001205,0.134765625,1.0,69.0,0.015625,2.9368350311176825,8.0
1.5B,dara,2,87,,,0.9384765625,1.828903079032898,0.0,92.33837890625,80.66433480801061,348.73586916923523,0.1171875,1.0,60.0,0.015625,2.7386127875258306,8.0
1.5B,dara,2,88,,,0.94482421875,1.9035030603408813,0.0,93.80908203125,89.96253939799499,154.0681535899639,0.115234375,1.0,59.0,0.009765625,3.4351128074635335,5.0
1.5B,dara,2,89,,,0.93359375,1.865227222442627,0.0,98.52978515625,90.44058116100496,135.04138457775116,0.111328125,1.0,57.0,0.021484375,2.2763607319179844,11.0
1.5B,dara,2,90,0.975,1.8106276009231805,0.93212890625,1.8657987117767334,0.0,89.54833984375,94.16839299898129,1630.6689867675304,0.0859375,1.0,44.0,0.01171875,2.70801280154532,6.0
1.5B,dara,2,91,,,0.95361328125,1.8934184312820435,0.0,95.62939453125,80.43413204397075,464.7182987034321,0.126953125,1.0,65.0,0.01171875,3.2914029430219167,6.0
1.5B,dara,2,92,,,0.9462890625,1.8336080312728882,0.0,96.85205078125,89.53800532204332,425.762053668499,0.115234375,1.0,59.0,0.01171875,3.13581462037113,6.0
1.5B,dara,2,93,,,0.94189453125,1.7644197940826416,0.0,94.4609375,84.74562477198197,840.33815574646,0.12109375,1.0,62.0,0.017578125,2.6246692913372702,9.0
1.5B,dara,2,94,,,0.95947265625,1.955104112625122,0.0,94.013671875,85.25469154299935,3.3640564680099487,0.09765625,1.0,50.0,0.005859375,4.08248290463863,3.0
1.5B,dara,2,95,,,0.93798828125,1.8826184272766113,0.0,88.5859375,89.15106530499179,2.711847960948944,0.09375,1.0,48.0,0.01171875,2.8284271247461903,6.0
1.5B,dara,2,96,,,0.9365234375,1.9567407369613647,0.0,89.8525390625,85.20498793700244,3.250287890434265,0.09375,1.0,48.0,0.01171875,2.8284271247461903,6.0
1.5B,dara,2,97,,,0.93408203125,1.978407621383667,0.0,93.14697265625,88.72865620697848,3.8321022987365723,0.1015625,1.0,52.0,0.017578125,2.4037008503093262,9.0
1.5B,dara,2,98,,,0.94580078125,1.8801008462905884,0.0,93.7099609375,82.94393452705117,203.9109804034233,0.091796875,1.0,47.0,0.013671875,2.591193878173865,7.0
1.5B,dara,2,99,,,0.94580078125,1.925772786140442,0.0,90.94677734375,82.2277639899985,78.9343341588974,0.099609375,1.0,51.0,0.0078125,3.570714214271425,4.0
1.5B,dara,2,100,0.975,1.8562526006251574,0.92822265625,1.8461791276931763,0.0,94.83251953125,113.792959443992,94.72195035219193,0.09375,1.0,48.0,0.01171875,2.8284271247461903,6.0
1.5B,dara,4,0,0.025,-2.5875,,,,,,,,,,,,
1.5B,dara,4,1,,,0.0068359375,-2.4496946334838867,0.0,119.62451171875,94.06350292597199,80.14303678274155,0.158203125,1.0,81.0,0.0234375,2.598076211353316,12.0
1.5B,dara,4,2,,,0.0078125,-2.488208055496216,0.0,120.4892578125,93.42359561700141,4.168575346469879,0.15234375,1.0,78.0,0.025390625,2.449489742783178,13.0
1.5B,dara,4,3,,,0.00830078125,-2.330333948135376,0.0,114.09619140625,89.60405055101728,3.8351515531539917,0.255859375,1.0,131.0,0.029296875,2.9552213679068666,15.0
1.5B,dara,4,4,,,0.01904296875,-1.8525495529174805,0.0,107.98193359375,89.08506821899209,32.157102048397064,0.494140625,1.0,253.0,0.06640625,2.727851988394575,34.0
1.5B,dara,4,5,,,0.0478515625,-0.9725768566131592,0.0,105.2236328125,88.55107228597626,6.83267480134964,0.6875,1.0,352.0,0.162109375,2.059360059684,83.0
1.5B,dara,4,6,,,0.0859375,-0.07873061299324036,0.0,99.43359375,87.9453415320022,46.92840093374252,0.66796875,1.0,342.0,0.2734375,1.5629642167551832,140.0
1.5B,dara,4,7,,,0.15966796875,0.11684785783290863,0.0,97.5087890625,86.75783668499207,34.956385374069214,0.701171875,1.0,359.0,0.416015625,1.2982472836057355,213.0
1.5B,dara,4,8,,,0.291015625,0.5524088740348816,0.0,100.89404296875,86.97436822700547,4.879046380519867,0.68359375,1.0,350.0,0.529296875,1.1364474977442431,271.0
1.5B,dara,4,9,,,0.4189453125,0.679601788520813,0.0,99.3427734375,87.02605508099077,4.440541684627533,0.66796875,1.0,342.0,0.556640625,1.0954451150103321,285.0
1.5B,dara,4,10,0.8,1.4004331620410084,0.5498046875,0.8678796887397766,0.0,107.5146484375,97.64705627498915,121.07601535320282,0.65234375,1.0,334.0,0.501953125,1.1400047784731582,257.0
1.5B,dara,4,11,,,0.580078125,0.9539569020271301,0.0,102.57421875,88.17602383100893,10.814972043037415,0.591796875,1.0,303.0,0.44921875,1.1477766787785095,230.0
1.5B,dara,4,12,,,0.74072265625,1.0239067077636719,0.0,107.287109375,89.42821421701228,3.195797085762024,0.58984375,1.0,302.0,0.279296875,1.453233674220396,143.0
1.5B,dara,4,13,,,0.81298828125,1.1014658212661743,0.0,104.96630859375,87.34161939501064,2.890171766281128,0.564453125,1.0,289.0,0.224609375,1.5852581740085334,115.0
1.5B,dara,4,14,,,0.8203125,1.1836720705032349,0.0,107.9208984375,90.31771801796276,106.27042919397354,0.51953125,1.0,266.0,0.15625,1.823458252881047,80.0
1.5B,dara,4,15,,,0.85205078125,1.2104750871658325,0.0,108.5546875,90.30035134899663,46.03247910737991,0.5234375,1.0,268.0,0.142578125,1.9160461572499574,73.0
1.5B,dara,4,16,,,0.8642578125,1.3310456275939941,0.0,105.2978515625,84.28125688200817,73.9479193687439,0.470703125,1.0,241.0,0.1171875,2.004162335407655,60.0
1.5B,dara,4,17,,,0.86279296875,1.440700650215149,0.0,103.24072265625,88.03892445395468,30.901405692100525,0.439453125,1.0,225.0,0.091796875,2.1879748724684185,47.0
1.5B,dara,4,18,,,0.8427734375,1.471056342124939,0.0,110.05224609375,87.71966774499742,166.8059105873108,0.392578125,1.0,201.0,0.0859375,2.137330535547045,44.0
1.5B,dara,4,19,,,0.87109375,1.4383753538131714,0.0,101.97802734375,88.15690359199652,3.2042511105537415,0.423828125,1.0,217.0,0.078125,2.329162939770423,40.0
1.5B,dara,4,20,0.925,1.5855839988216758,0.84814453125,1.4592812061309814,0.0,102.0791015625,97.32110559201101,153.48670762777328,0.396484375,1.0,203.0,0.0703125,2.3746344747958346,36.0
1.5B,dara,4,21,,,0.873046875,1.5541296005249023,0.0,101.3017578125,83.75988648697967,139.41022270917892,0.419921875,1.0,215.0,0.0703125,2.4438130497691968,36.0
1.5B,dara,4,22,,,0.8662109375,1.3946025371551514,0.0,105.4873046875,86.30245285795536,295.43306547403336,0.412109375,1.0,211.0,0.08203125,2.241385625859487,42.0
1.5B,dara,4,23,,,0.87548828125,1.5709377527236938,0.0,99.9375,88.75452704797499,267.869114279747,0.37109375,1.0,190.0,0.07421875,2.23606797749979,38.0
1.5B,dara,4,24,,,0.87890625,1.5994129180908203,0.0,98.01171875,87.47968516702531,243.56089985370636,0.373046875,1.0,191.0,0.06640625,2.3701576021065622,34.0
1.5B,dara,4,25,,,0.90966796875,1.5693206787109375,0.0,104.302734375,87.85045635094866,78.52404284477234,0.3984375,1.0,204.0,0.08984375,2.1058923544891015,46.0
1.5B,dara,4,26,,,0.90478515625,1.5131111145019531,0.0,99.802734375,80.90358326496789,9.127467334270477,0.365234375,1.0,187.0,0.08203125,2.1100665753432883,42.0
1.5B,dara,4,27,,,0.88330078125,1.4332422018051147,0.0,100.2861328125,83.64509054098744,373.6111260652542,0.390625,1.0,200.0,0.10546875,1.9245008972987525,54.0
1.5B,dara,4,28,,,0.91650390625,1.5926289558410645,0.0,99.75,82.88524445798248,296.756290435791,0.337890625,1.0,173.0,0.091796875,1.9185544203461593,47.0
1.5B,dara,4,29,,,0.91943359375,1.4640610218048096,0.0,104.6005859375,89.86299247003626,253.35824275016785,0.314453125,1.0,161.0,0.076171875,2.031798495964875,39.0
1.5B,dara,4,30,0.975,1.6326581746339799,0.9111328125,1.6004873514175415,0.0,101.833984375,96.6029171749833,5.6184369921684265,0.328125,1.0,168.0,0.076171875,2.0754980866510833,39.0
1.5B,dara,4,31,,,0.92578125,1.6362624168395996,0.0,96.88720703125,81.14546104002511,3.33039128780365,0.322265625,1.0,165.0,0.048828125,2.569046515733026,25.0
1.5B,dara,4,32,,,0.9189453125,1.649841070175171,0.0,94.0546875,86.48662609502207,260.198421895504,0.34375,1.0,176.0,0.060546875,2.3827335887250825,31.0
1.5B,dara,4,33,,,0.9208984375,1.696580171585083,0.0,99.89111328125,89.25274630601052,175.86214274168015,0.318359375,1.0,163.0,0.05859375,2.330951164939612,30.0
1.5B,dara,4,34,,,0.92236328125,1.531203269958496,0.0,102.71337890625,87.90922267799033,427.5557613968849,0.330078125,1.0,169.0,0.056640625,2.4140393963016744,29.0
1.5B,dara,4,35,,,0.93017578125,1.7235429286956787,0.0,94.54638671875,86.90428668202367,427.73778915405273,0.2734375,1.0,140.0,0.060546875,2.1251185925162073,31.0
1.5B,dara,4,36,,,0.9248046875,1.6804001331329346,0.0,95.7236328125,87.53603756299708,273.4936410188675,0.271484375,1.0,139.0,0.04296875,2.5135993750360894,22.0
1.5B,dara,4,37,,,0.93017578125,1.668770670890808,0.0,96.71728515625,80.0832568850019,283.911269903183,0.275390625,1.0,141.0,0.04296875,2.531618239208058,22.0
1.5B,dara,4,38,,,0.92138671875,1.6379860639572144,0.0,94.81787109375,84.61906711402116,282.4309893846512,0.291015625,1.0,149.0,0.060546875,2.192362108070477,31.0
1.5B,dara,4,39,,,0.92431640625,1.7261368036270142,0.0,98.21484375,87.86143153300509,599.761759519577,0.24609375,1.0,126.0,0.056640625,2.084425001338954,29.0
1.5B,dara,4,40,0.975,1.7290421038866044,0.93017578125,1.6077178716659546,0.0,97.71044921875,93.10357912402833,1100.4290553331375,0.314453125,1.0,161.0,0.052734375,2.44191788620399,27.0
1.5B,dara,4,41,,,0.9150390625,1.633743405342102,0.0,101.2958984375,90.28248092305148,135.54124784469604,0.26171875,1.0,134.0,0.064453125,2.0150945537631877,33.0
1.5B,dara,4,42,,,0.93603515625,1.7082995176315308,0.0,96.7783203125,88.34903282503365,256.9164808988571,0.279296875,1.0,143.0,0.060546875,2.1477670324796523,31.0
1.5B,dara,4,43,,,0.931640625,1.6350650787353516,0.0,97.001953125,81.08594016399002,2.849285066127777,0.2421875,1.0,124.0,0.0390625,2.4899799195977463,20.0
1.5B,dara,4,44,,,0.93359375,1.6351417303085327,0.0,95.7646484375,87.74577066098573,261.43423813581467,0.275390625,1.0,141.0,0.05078125,2.3287500774185546,26.0
1.5B,dara,4,45,,,0.943359375,1.6999431848526,0.0,94.666015625,86.5099682789878,844.3796431720257,0.26953125,1.0,138.0,0.03515625,2.7688746209726918,18.0
1.5B,dara,4,46,,,0.9287109375,1.7282160520553589,0.0,94.53076171875,80.19309409603011,311.5344601869583,0.248046875,1.0,127.0,0.05078125,2.2101165997782526,26.0
1.5B,dara,4,47,,,0.9287109375,1.6329456567764282,0.0,94.57470703125,85.52152627601754,78.53372764587402,0.275390625,1.0,141.0,0.033203125,2.879950979974976,17.0
1.5B,dara,4,48,,,0.92822265625,1.6187273263931274,0.0,92.38623046875,86.1641321789939,50.161262691020966,0.244140625,1.0,125.0,0.04296875,2.3836564731139807,22.0
1.5B,dara,4,49,,,0.93017578125,1.8645496368408203,0.0,94.42626953125,85.688492028974,684.1074813008308,0.232421875,1.0,119.0,0.029296875,2.816617356570348,15.0
1.5B,dara,4,50,0.975,1.7401135347783565,0.9287109375,1.7025058269500732,0.0,95.61083984375,91.46515198494308,84.1511572599411,0.22265625,1.0,114.0,0.044921875,2.226324715563845,23.0
1.5B,dara,4,51,,,0.9326171875,1.6862387657165527,0.0,94.7119140625,80.79302071698476,262.96722906827927,0.25,1.0,128.0,0.029296875,2.9211869733608857,15.0
1.5B,dara,4,52,,,0.94140625,1.7254464626312256,0.0,95.3857421875,86.9784247999778,52750.407319009304,0.224609375,1.0,115.0,0.03125,2.680951323690902,16.0
1.5B,dara,4,53,,,0.93017578125,1.7896134853363037,0.0,93.61083984375,79.87950970098609,171.65468001365662,0.234375,1.0,120.0,0.03515625,2.581988897471611,18.0
1.5B,dara,4,54,,,0.93212890625,1.7602945566177368,0.0,96.43701171875,82.71711852704175,234.909097135067,0.25390625,1.0,130.0,0.041015625,2.4880667576405964,21.0
1.5B,dara,4,55,,,0.94482421875,1.7953600883483887,0.0,90.12548828125,77.24758319096873,342.55845111608505,0.2109375,1.0,108.0,0.03515625,2.449489742783178,18.0
1.5B,dara,4,56,,,0.94482421875,1.684307336807251,0.0,95.90185546875,81.91738015698502,398.9241828620434,0.220703125,1.0,113.0,0.025390625,2.9482719841133536,13.0
1.5B,dara,4,57,,,0.93505859375,1.822667121887207,0.0,94.16796875,85.11137791298097,4.038934588432312,0.21875,1.0,112.0,0.03125,2.6457513110645907,16.0
1.5B,dara,4,58,,,0.939453125,1.7220302820205688,0.0,91.00244140625,79.78721888101427,4645.734154820442,0.212890625,1.0,109.0,0.025390625,2.8956200345721097,13.0
1.5B,dara,4,59,,,0.9384765625,1.77693510055542,0.0,93.791015625,85.16255750198616,3.068564236164093,0.251953125,1.0,129.0,0.0234375,3.278719262151,12.0
1.5B,dara,4,60,0.975,1.748357579857111,0.9306640625,1.7508352994918823,0.0,97.75048828125,96.71374358900357,126.50735878944397,0.212890625,1.0,109.0,0.03515625,2.4608038433722332,18.0
1.5B,dara,4,61,,,0.9365234375,1.7639251947402954,0.0,90.6728515625,82.83528315095464,99.10350698232651,0.1953125,1.0,100.0,0.013671875,3.779644730092272,7.0
1.5B,dara,4,62,,,0.9453125,1.7187480926513672,0.0,93.9326171875,85.7952897560317,115.02007186412811,0.212890625,1.0,109.0,0.033203125,2.5321462647095156,17.0
1.5B,dara,4,63,,,0.943359375,1.7066885232925415,0.0,90.2294921875,79.75113788200542,2305.935798674822,0.193359375,1.0,99.0,0.017578125,3.3166247903554,9.0
1.5B,dara,4,64,,,0.96142578125,1.791064739227295,0.0,89.72265625,81.41535962297348,11.821990132331848,0.17578125,1.0,90.0,0.009765625,4.242640687119285,5.0
1.5B,dara,4,65,,,0.94482421875,1.8340555429458618,0.0,89.0830078125,78.85674125200603,84.91564559936523,0.201171875,1.0,103.0,0.0234375,2.9297326385411577,12.0
1.5B,dara,4,66,,,0.92236328125,1.7658802270889282,0.0,93.736328125,86.05328461097088,3.878511607646942,0.201171875,1.0,103.0,0.01953125,3.2093613071762426,10.0
1.5B,dara,4,67,,,0.927734375,1.7344013452529907,0.0,91.90673828125,79.9447738849558,234.6354591846466,0.173828125,1.0,89.0,0.015625,3.3354160160315836,8.0
1.5B,dara,4,68,,,0.94140625,1.8119263648986816,0.0,88.0751953125,87.37339579098625,3.187732696533203,0.158203125,1.0,81.0,0.0078125,4.5,4.0
1.5B,dara,4,69,,,0.95849609375,1.8122729063034058,0.0,92.99658203125,77.94231751497136,2.9152457118034363,0.158203125,1.0,81.0,0.017578125,3.0,9.0
1.5B,dara,4,70,0.975,1.7963689435273409,0.92529296875,1.754316806793213,0.0,94.11962890625,90.342700640962,310.4994919896126,0.18359375,1.0,94.0,0.021484375,2.9232609437842774,11.0
1.5B,dara,4,71,,,0.94287109375,1.7789967060089111,0.0,94.89208984375,83.4228000799776,415.94056338071823,0.169921875,1.0,87.0,0.03125,2.331844763272204,16.0
1.5B,dara,4,72,,,0.9404296875,1.8635047674179077,0.0,87.806640625,78.03965338604758,131.8789535164833,0.146484375,1.0,75.0,0.0234375,2.5,12.0
1.5B,dara,4,73,,,0.93408203125,1.8382465839385986,0.0,90.80712890625,80.32459610298974,310.54068383574486,0.16796875,1.0,86.0,0.013671875,3.5050983275386565,7.0
1.5B,dara,4,74,,,0.92236328125,1.8053406476974487,0.0,91.91552734375,84.94198098103516,32.78452569246292,0.1640625,1.0,84.0,0.015625,3.24037034920393,8.0
1.5B,dara,4,75,,,0.9443359375,1.8369905948638916,0.0,96.54052734375,90.8256956289988,189.9171426296234,0.1640625,1.0,84.0,0.03515625,2.160246899469287,18.0
1.5B,dara,4,76,,,0.95166015625,1.8180935382843018,0.0,93.6259765625,81.62038529198617,171.51590898633003,0.15234375,1.0,78.0,0.015625,3.122498999199199,8.0
1.5B,dara,4,77,,,0.94189453125,1.8157241344451904,0.0,92.2353515625,78.05442366295028,189.04553401470184,0.171875,1.0,88.0,0.0234375,2.70801280154532,12.0
1.5B,dara,4,78,,,0.9453125,1.7412258386611938,0.0,92.04248046875,80.12802695698338,1343.0327734053135,0.1484375,1.0,76.0,0.01953125,2.756809750418044,10.0
1.5B,dara,4,79,,,0.9423828125,1.8193076848983765,0.0,91.18017578125,79.2932624789537,264.1148218512535,0.1484375,1.0,76.0,0.009765625,3.8987177379235853,5.0
1.5B,dara,4,80,0.975,1.820755808055401,0.93701171875,1.9345853328704834,0.0,90.67236328125,86.49511069402797,2331.4047487080097,0.119140625,1.0,61.0,0.017578125,2.6034165586355513,9.0
1.5B,dara,4,81,,,0.94482421875,1.859662652015686,0.0,88.95166015625,80.60202028200729,531.9035918712616,0.13671875,1.0,70.0,0.013671875,3.1622776601683795,7.0
1.5B,dara,4,82,,,0.955078125,1.919495940208435,0.0,90.8984375,80.6944007119746,150.89469721913338,0.125,1.0,64.0,0.0078125,4.0,4.0
1.5B,dara,4,83,,,0.943359375,1.762963056564331,0.0,91.9833984375,82.50386621395592,105.99936646223068,0.162109375,1.0,83.0,0.015625,3.2210246816812815,8.0
1.5B,dara,4,84,,,0.92578125,1.8045458793640137,0.0,91.5,85.89395457704086,104.28325909376144,0.12890625,1.0,66.0,0.017578125,2.70801280154532,9.0
1.5B,dara,4,85,,,0.95849609375,1.854402780532837,0.0,94.53662109375,85.071908495971,15.897547662258148,0.162109375,1.0,83.0,0.025390625,2.5267796470241297,13.0
1.5B,dara,4,86,,,0.95458984375,1.8741520643234253,0.0,92.43994140625,81.93189913599053,829.6189408302307,0.119140625,1.0,61.0,0.009765625,3.492849839314596,5.0
1.5B,dara,4,87,,,0.9140625,1.79165780544281,0.0,87.806640625,77.85858406801708,3.414699077606201,0.107421875,1.0,55.0,0.013671875,2.8030595529069404,7.0
1.5B,dara,4,88,,,0.92626953125,1.8977656364440918,0.0,88.8671875,84.4966402380378,2.638021469116211,0.125,1.0,64.0,0.01171875,3.265986323710904,6.0
1.5B,dara,4,89,,,0.95458984375,1.9459376335144043,0.0,89.4794921875,83.91399155795807,626.1094298958778,0.12890625,1.0,66.0,0.017578125,2.70801280154532,9.0
1.5B,dara,4,90,0.975,1.8041486643254756,0.93701171875,1.842529535293579,0.0,90.00732421875,88.08229397499235,3.8998537361621857,0.09765625,1.0,50.0,0.017578125,2.3570226039551585,9.0
1.5B,dara,4,91,,,0.93212890625,1.7657502889633179,0.0,90.72998046875,87.68486331199529,13.23790392279625,0.107421875,1.0,55.0,0.015625,2.622022120425379,8.0
1.5B,dara,4,92,,,0.947265625,1.867316722869873,0.0,91.8447265625,77.81094970100094,183.6878443956375,0.11328125,1.0,58.0,0.015625,2.692582403567252,8.0
1.5B,dara,4,93,,,0.9482421875,1.9009300470352173,0.0,90.23974609375,83.31203463597922,86.4322629570961,0.111328125,1.0,57.0,0.01953125,2.3874672772626644,10.0
1.5B,dara,4,94,,,0.9423828125,1.7744452953338623,0.0,90.37646484375,85.29739207401872,279.61805260181427,0.125,1.0,64.0,0.01171875,3.265986323710904,6.0
1.5B,dara,4,95,,,0.94921875,1.8538278341293335,0.0,91.54541015625,84.56666664103977,187.8260681629181,0.12890625,1.0,66.0,0.025390625,2.253202848596432,13.0
1.5B,dara,4,96,,,0.9169921875,1.9525139331817627,0.0,89.6015625,85.99159452802269,135.12443086504936,0.10546875,1.0,54.0,0.025390625,2.0380986614602725,13.0
1.5B,dara,4,97,,,0.93408203125,1.8049565553665161,0.0,87.70556640625,80.43448227801127,148.51714479923248,0.1171875,1.0,60.0,0.01171875,3.1622776601683795,6.0
1.5B,dara,4,98,,,0.9501953125,1.9058350324630737,0.0,90.58154296875,79.7231613949989,188.8587767481804,0.111328125,1.0,57.0,0.01171875,3.082207001484488,6.0
1.5B,dara,4,99,,,0.951171875,1.8454428911209106,0.0,89.22119140625,82.01929809397552,100.43836227059364,0.15234375,1.0,78.0,0.01171875,3.605551275463989,6.0
1.5B,dara,4,100,0.975,1.8015044324100018,0.9423828125,2.0476479530334473,0.0,88.87548828125,107.59847554803127,3.8504549860954285,0.091796875,1.0,47.0,0.01171875,2.798809270624444,6.0
1.5B,dara,5,0,0.025,-2.54375,,,,,,,,,,,,
1.5B,dara,5,1,,,0.0068359375,-2.469160795211792,0.0,117.90673828125,94.89849775299808,4.496602177619934,0.146484375,1.0,75.0,0.0234375,2.5,12.0
1.5B,dara,5,2,,,0.0048828125,-2.4142661094665527,0.0,118.5751953125,92.23513229999662,60.763068199157715,0.1484375,1.0,76.0,0.015625,3.082207001484488,8.0
1.5B,dara,5,3,,,0.00830078125,-2.1700022220611572,0.0,111.22314453125,90.37318902800325,87.60917842388153,0.3125,1.0,160.0,0.029296875,3.265986323710904,15.0
1.5B,dara,5,4,,,0.00537109375,-1.1920578479766846,0.0,92.037109375,86.70409211700462,31.687559247016907,0.65234375,1.0,334.0,0.01953125,5.0,10.0
1.5B,dara,5,5,,,0.00634765625,-0.17186494171619415,0.0,81.7041015625,84.54873107199819,55.23371148109436,0.703125,1.0,360.0,0.01953125,5.0,10.0
1.5B,dara,5,6,,,0.00244140625,0.5162632465362549,0.0,78.71044921875,84.40379253200081,6.543597519397736,0.67578125,1.0,346.0,0.0078125,5.0,4.0
1.5B,dara,5,7,,,0.00634765625,0.7503988742828369,0.0,83.59375,85.2724046680014,3.8583539724349976,0.62109375,1.0,318.0,0.01171875,5.0,6.0
1.5B,dara,5,8,,,0.0029296875,1.14922034740448,0.0,76.85498046875,85.0298662569985,4.011601388454437,0.583984375,1.0,299.0,0.009765625,5.0,5.0
1.5B,dara,5,9,,,0.00732421875,1.2500615119934082,0.0,78.89501953125,86.00446402200032,52.000511169433594,0.484375,1.0,248.0,0.015625,5.0,8.0
1.5B,dara,5,10,0.0375,1.5743989335373043,0.01171875,1.2828917503356934,0.0,78.72705078125,90.82463606999954,3.787703037261963,0.4453125,1.0,228.0,0.015625,5.0,8.0
1.5B,dara,5,11,,,0.01611328125,1.3110759258270264,0.0,76.17138671875,84.78046030700352,3.7598536014556885,0.42578125,1.0,218.0,0.021484375,4.451761653343743,11.0
1.5B,dara,5,12,,,0.01806640625,1.273380160331726,0.0,84.37646484375,88.52789196399681,3.479150652885437,0.423828125,1.0,217.0,0.029296875,3.803507153492243,15.0
1.5B,dara,5,13,,,0.009765625,1.2641863822937012,0.0,81.62841796875,85.81106728700252,43.642262637615204,0.40625,1.0,208.0,0.01953125,4.560701700396552,10.0
1.5B,dara,5,14,,,0.01953125,1.3608789443969727,0.0,93.6806640625,86.8811215559981,3.6058072447776794,0.412109375,1.0,211.0,0.029296875,3.750555514409388,15.0
1.5B,dara,5,15,,,0.02294921875,1.3076183795928955,0.0,83.33251953125,86.47341741399578,34.31469422578812,0.388671875,1.0,199.0,0.033203125,3.421386028050792,17.0
1.5B,dara,5,16,,,0.01416015625,1.4875078201293945,0.0,77.46728515625,83.03247358900262,3.400391072034836,0.375,1.0,192.0,0.0234375,4.0,12.0
1.5B,dara,5,17,,,0.03125,1.4881339073181152,0.0,78.36328125,84.60594453999511,50.592582166194916,0.349609375,1.0,179.0,0.03515625,3.1534813214040835,18.0
1.5B,dara,5,18,,,0.03076171875,1.4751718044281006,0.0,71.99609375,81.99116541900003,12499.565714120865,0.37890625,1.0,194.0,0.025390625,3.863039855227606,13.0
1.5B,dara,5,19,,,0.0302734375,1.5437884330749512,0.0,71.75830078125,81.01139168100053,3.304585099220276,0.361328125,1.0,185.0,0.037109375,3.120391338480345,19.0
1.5B,dara,5,20,0.075,1.583307216130197,0.04345703125,1.4843902587890625,0.0,77.6640625,91.0367156689972,3.3035701513290405,0.337890625,1.0,173.0,0.05078125,2.579505021093418,26.0
1.5B,dara,5,21,,,0.0458984375,1.5511059761047363,0.0,72.9638671875,83.27255236999918,59.313041508197784,0.3515625,1.0,180.0,0.048828125,2.6832815729997477,25.0
1.5B,dara,5,22,,,0.08447265625,1.4530539512634277,0.0,73.10888671875,83.34143625299475,4.0256171226501465,0.322265625,1.0,165.0,0.09375,1.8540496217739157,48.0
1.5B,dara,5,23,,,0.08203125,1.4951066970825195,0.0,73.76611328125,85.41740147300152,3.6904789805412292,0.345703125,1.0,177.0,0.150390625,1.516146859212952,77.0
1.5B,dara,5,24,,,0.11572265625,1.5933488607406616,0.0,75.9462890625,83.94978214999719,32.52757400274277,0.349609375,1.0,179.0,0.1953125,1.3379088160259651,100.0
1.5B,dara,5,25,,,0.18017578125,1.4472728967666626,0.0,78.1279296875,86.12581024899555,4.681093096733093,0.34375,1.0,176.0,0.30859375,1.0554260043380168,158.0
1.5B,dara,5,26,,,0.2578125,1.5102523565292358,0.0,79.572265625,86.64088503100356,12.61708527803421,0.33984375,1.0985884360051028,174.0,0.41015625,1.0,210.0
1.5B,dara,5,27,,,0.52392578125,1.6377967596054077,0.0,88.318359375,86.96905629000685,5.16098415851593,0.376953125,1.2258020531778895,193.0,0.56640625,1.0,290.0
1.5B,dara,5,28,,,0.68505859375,1.6392431259155273,0.0,96.068359375,88.69344887600164,14.46653527021408,0.353515625,1.1846159365495097,181.0,0.49609375,1.0,254.0
1.5B,dara,5,29,,,0.875,1.4660587310791016,0.0,107.21435546875,88.34325175500271,16.08086496591568,0.396484375,1.0,203.0,0.216796875,1.3523419792452014,111.0
1.5B,dara,5,30,0.975,1.5720274534076453,0.8759765625,1.3846150636672974,0.0,105.35693359375,96.47663686399756,49.24216157197952,0.3984375,1.0,204.0,0.193359375,1.4354811251305468,99.0
1.5B,dara,5,31,,,0.908203125,1.5288777351379395,0.0,105.8056640625,89.28234576100658,50.28635585308075,0.376953125,1.0,193.0,0.177734375,1.4563238379148784,91.0
1.5B,dara,5,32,,,0.91845703125,1.5537188053131104,0.0,101.048828125,82.52819054699648,3.0317490696907043,0.34375,1.0,176.0,0.109375,1.7728105208558367,56.0
1.5B,dara,5,33,,,0.919921875,1.6328446865081787,0.0,101.94189453125,89.77643799600628,16.37124866247177,0.310546875,1.0,159.0,0.08203125,1.9456912102680337,42.0
1.5B,dara,5,34,,,0.9072265625,1.5889297723770142,0.0,105.21923828125,85.52728654700331,2.6415387392044067,0.328125,1.0,168.0,0.0859375,1.954016841836789,44.0
1.5B,dara,5,35,,,0.92138671875,1.6777222156524658,0.0,103.54638671875,88.81288217999827,52.08697718381882,0.28515625,1.0,146.0,0.05859375,2.206052281036573,30.0
1.5B,dara,5,36,,,0.927734375,1.6243386268615723,0.0,99.53662109375,87.6051518039967,141.31206500530243,0.2734375,1.0,140.0,0.046875,2.41522945769824,24.0
1.5B,dara,5,37,,,0.91748046875,1.6831737756729126,0.0,105.46923828125,85.29580879100104,30.38359022140503,0.302734375,1.0,155.0,0.0546875,2.3528098702858005,28.0
1.5B,dara,5,38,,,0.9296875,1.6493531465530396,0.0,101.89990234375,88.47924754400447,417.8730304837227,0.30078125,1.0,154.0,0.0703125,2.068278940998476,36.0
1.5B,dara,5,39,,,0.92919921875,1.7167571783065796,0.0,96.07080078125,88.9308338999981,3.2442391514778137,0.2421875,1.0,124.0,0.060546875,2.0,31.0
1.5B,dara,5,40,0.975,1.6958873447030782,0.9228515625,1.6425875425338745,0.0,101.31884765625,95.18487840500165,2700.175333082676,0.27734375,1.0,142.0,0.08984375,1.7569736827110218,46.0
1.5B,dara,5,41,,,0.9521484375,1.708004117012024,0.0,105.44970703125,91.28857762699772,182.48169350624084,0.265625,1.0,136.0,0.0546875,2.2038926600773587,28.0
1.5B,dara,5,42,,,0.93310546875,1.7639039754867554,0.0,96.7900390625,88.34281364300114,2583.163196980953,0.236328125,1.0,121.0,0.052734375,2.116950987028628,27.0
1.5B,dara,5,43,,,0.93701171875,1.7245283126831055,0.0,94.43896484375,85.83573445900402,262.59379959106445,0.244140625,1.0,125.0,0.048828125,2.23606797749979,25.0
1.5B,dara,5,44,,,0.92333984375,1.7399295568466187,0.0,99.0859375,88.446277473995,2.5873742401599884,0.26953125,1.0,138.0,0.041015625,2.5634797778466227,21.0
1.5B,dara,5,45,,,0.943359375,1.7072724103927612,0.0,96.5439453125,87.0730892099964,186.67750823497772,0.25,1.0,128.0,0.044921875,2.359071298478354,23.0
1.5B,dara,5,46,,,0.947265625,1.6769981384277344,0.0,97.484375,81.0177909099948,2.852706730365753,0.234375,1.0,120.0,0.0390625,2.449489742783178,20.0
1.5B,dara,5,47,,,0.931640625,1.8003352880477905,0.0,97.47412109375,78.30864807299804,66.53824907541275,0.21484375,1.0,110.0,0.046875,2.140872096444188,24.0
1.5B,dara,5,48,,,0.9267578125,1.6048264503479004,0.0,99.18212890625,88.53795510499913,337.32850563526154,0.25,1.0,128.0,0.03515625,2.6666666666666665,18.0
1.5B,dara,5,49,,,0.94384765625,1.8038994073867798,0.0,100.533203125,88.57751300300151,282.4940977692604,0.22265625,1.0,114.0,0.04296875,2.2763607319179844,22.0
1.5B,dara,5,50,0.975,1.774761802330613,0.931640625,1.719946026802063,0.0,96.02490234375,86.16633804699813,11.090771973133087,0.20703125,1.0,106.0,0.02734375,2.7516228977511745,14.0
1.5B,dara,5,51,,,0.94189453125,1.7029389142990112,0.0,98.880859375,81.24830044499686,94.83919543027878,0.21875,1.0,112.0,0.04296875,2.256304299271065,22.0
1.5B,dara,5,52,,,0.9462890625,1.8474491834640503,0.0,97.14013671875,86.75833980700554,323.9942512214184,0.212890625,1.0,109.0,0.021484375,3.147870853305597,11.0
1.5B,dara,5,53,,,0.9482421875,1.7763888835906982,0.0,98.466796875,89.24460484999872,12566.201386034489,0.205078125,1.0,105.0,0.04296875,2.184657243763257,22.0
1.5B,dara,5,54,,,0.93896484375,1.7099559307098389,0.0,101.0107421875,88.9264068199991,497.9259015619755,0.19140625,1.0,98.0,0.02734375,2.6457513110645907,14.0
1.5B,dara,5,55,,,0.9296875,1.6750214099884033,0.0,99.07861328125,80.89379815500433,254112947.91986746,0.201171875,1.0,103.0,0.0546875,1.917960226013936,28.0
1.5B,dara,5,56,,,0.93603515625,1.879469633102417,0.0,100.32421875,87.71849780699995,3.189018130302429,0.17578125,1.0,90.0,0.03125,2.3717082451262845,16.0
1.5B,dara,5,57,,,0.9326171875,1.7278550863265991,0.0,100.421875,83.60684326699993,314.89761650562286,0.212890625,1.0,109.0,0.03125,2.6100766272276377,16.0
1.5B,dara,5,58,,,0.94482421875,1.8160912990570068,0.0,95.96044921875,79.62338757499674,74.34954404830933,0.177734375,1.0,91.0,0.0390625,2.1330729007701543,20.0
1.5B,dara,5,59,,,0.94970703125,1.7719690799713135,0.0,98.357421875,85.07987597399915,126.94007331132889,0.201171875,1.0,103.0,0.03125,2.537222891273055,16.0
1.5B,dara,5,60,0.975,1.7270653299987315,0.96484375,1.8049495220184326,0.0,96.630859375,93.82940028599842,37.01387995481491,0.1953125,1.0,100.0,0.03125,2.5,16.0
1.5B,dara,5,61,,,0.93212890625,1.7316445112228394,0.0,98.07861328125,86.17357574299967,214.3893545269966,0.16015625,1.0,82.0,0.04296875,1.9306145983268455,22.0
1.5B,dara,5,62,,,0.93896484375,1.820547103881836,0.0,99.31640625,86.54938359500375,66.80618476867676,0.173828125,1.0,89.0,0.03515625,2.223610677354389,18.0
1.5B,dara,5,63,,,0.9443359375,1.819040298461914,0.0,95.2509765625,79.44982946399978,30.960608065128326,0.19140625,1.0,98.0,0.033203125,2.400980191995124,17.0
1.5B,dara,5,64,,,0.93359375,1.8759124279022217,0.0,98.03076171875,78.99177282700111,117.10844296216965,0.173828125,1.0,89.0,0.01953125,2.9832867780352594,10.0
1.5B,dara,5,65,,,0.94921875,1.7075546979904175,0.0,99.44970703125,87.09947958299745,6.514950752258301,0.162109375,1.0,83.0,0.041015625,1.9880595947760098,21.0
1.5B,dara,5,66,,,0.9443359375,1.7493873834609985,0.0,97.82421875,82.17087553400052,74.79220771789551,0.185546875,1.0,95.0,0.037109375,2.23606797749979,19.0
1.5B,dara,5,67,,,0.93896484375,1.8111658096313477,0.0,95.0927734375,80.15846287200111,91.18458789587021,0.18359375,1.0,94.0,0.029296875,2.503331114069145,15.0
1.5B,dara,5,68,,,0.94970703125,1.7997714281082153,0.0,94.22509765625,85.97811075599748,3.37032213807106,0.171875,1.0,88.0,0.033203125,2.275185835978084,17.0
1.5B,dara,5,69,,,0.95068359375,1.7564587593078613,0.0,99.57421875,92.48833213400212,266.8203164935112,0.171875,1.0,88.0,0.041015625,2.047065262876636,21.0
1.5B,dara,5,70,0.975,1.8074865743517876,0.9638671875,1.8691625595092773,0.0,93.28564453125,84.7000525800031,3.2360346913337708,0.14453125,1.0,74.0,0.03125,2.1505813167606567,16.0
1.5B,dara,5,71,,,0.955078125,1.8087371587753296,0.0,97.66748046875,81.86183340400021,1215.8975497484207,0.16796875,1.0,86.0,0.029296875,2.3944379994757297,15.0
1.5B,dara,5,72,,,0.94189453125,1.812112808227539,0.0,94.9921875,88.78868793899892,110.84642726182938,0.158203125,1.0,81.0,0.041015625,1.9639610121239315,21.0
1.5B,dara,5,73,,,0.95556640625,1.758058786392212,0.0,103.8203125,81.15238413299812,196.83530873060226,0.1640625,1.0,84.0,0.037109375,2.1026299321513875,19.0
1.5B,dara,5,74,,,0.955078125,1.797605276107788,0.0,96.5283203125,81.38156541300123,631.9407647848129,0.154296875,1.0,79.0,0.037109375,2.039091645032686,19.0
1.5B,dara,5,75,,,0.93505859375,1.8607444763183594,0.0,95.0419921875,79.9236909350002,3.4022814631462097,0.14453125,1.0,74.0,0.029296875,2.2211108331943574,15.0
1.5B,dara,5,76,,,0.962890625,1.7948890924453735,0.0,99.857421875,78.07346550099464,355.1219409108162,0.18359375,1.0,94.0,0.029296875,2.503331114069145,15.0
1.5B,dara,5,77,,,0.9560546875,1.826772689819336,0.0,99.5966796875,84.21216468200146,239.39355677366257,0.162109375,1.0,83.0,0.033203125,2.209604702469759,17.0
1.5B,dara,5,78,,,0.9521484375,1.781509518623352,0.0,100.92041015625,81.27211701899796,259.73486268520355,0.142578125,1.0,73.0,0.03125,2.1360009363293826,16.0
1.5B,dara,5,79,,,0.96923828125,1.7255473136901855,0.0,105.31640625,89.10016570000153,1959.28307813406,0.1640625,1.0,84.0,0.0234375,2.6457513110645907,12.0
1.5B,dara,5,80,0.975,1.758079107478261,0.94921875,1.7815415859222412,0.0,101.35498046875,86.22747161599546,8392.958068192005,0.14453125,1.0,74.0,0.02734375,2.29906813420444,14.0
1.5B,dara,5,81,,,0.9462890625,1.9217718839645386,0.0,104.2998046875,83.92647097999725,199.60380613803864,0.166015625,1.0,85.0,0.02734375,2.4640269015229057,14.0
1.5B,dara,5,82,,,0.9580078125,1.8350589275360107,0.0,100.80029296875,86.72680535400286,2.6423973441123962,0.12890625,1.0,66.0,0.037109375,1.8637822325921867,19.0
1.5B,dara,5,83,,,0.96923828125,1.9119585752487183,0.0,102.9560546875,79.62915759499447,533.9398890137672,0.134765625,1.0,69.0,0.017578125,2.7688746209726918,9.0
1.5B,dara,5,84,,,0.94384765625,1.930748462677002,0.0,102.09716796875,79.6988311449968,76.03292143344879,0.138671875,1.0,71.0,0.041015625,1.8387366263150307,21.0
1.5B,dara,5,85,,,0.94873046875,1.899121642112732,0.0,99.10498046875,78.6794191240042,3.5795918107032776,0.140625,1.0,72.0,0.02734375,2.2677868380553634,14.0
1.5B,dara,5,86,,,0.95166015625,1.8760182857513428,0.0,105.041015625,85.20779071699508,174.50886470079422,0.130859375,1.0,67.0,0.029296875,2.1134489978863145,15.0
1.5B,dara,5,87,,,0.9599609375,1.8622057437896729,0.0,103.05712890625,85.34755743099959,2.8869045972824097,0.123046875,1.0,63.0,0.015625,2.806243040080456,8.0
1.5B,dara,5,88,,,0.96240234375,1.902831792831421,0.0,106.0126953125,88.09766424500413,262.14492005109787,0.150390625,1.0,77.0,0.0234375,2.533114025595111,12.0
1.5B,dara,5,89,,,0.95947265625,1.873252272605896,0.0,103.01953125,79.97135895500105,101.25367856025696,0.125,1.0,64.0,0.021484375,2.412090756622109,11.0
1.5B,dara,5,90,0.975,1.7984362501651048,0.96630859375,1.830141544342041,0.0,104.24072265625,87.70369486799609,3.7557751536369324,0.11328125,1.0,58.0,0.017578125,2.5385910352879693,9.0
1.5B,dara,5,91,,,0.9482421875,1.7599377632141113,0.0,101.58740234375,77.85971536099532,145.58607065677643,0.146484375,1.0,75.0,0.03125,2.165063509461097,16.0
1.5B,dara,5,92,,,0.95751953125,1.8259068727493286,0.0,105.20654296875,82.17293736000283,357.08100938796997,0.130859375,1.0,67.0,0.025390625,2.2702083943651856,13.0
1.5B,dara,5,93,,,0.96728515625,1.856520652770996,0.0,101.626953125,78.9662622629985,3.4721885323524475,0.107421875,1.0,55.0,0.013671875,2.8030595529069404,7.0
1.5B,dara,5,94,,,0.95556640625,1.8711172342300415,0.0,103.1376953125,79.49226381199696,125.77845185995102,0.115234375,1.0,59.0,0.03515625,1.8104634152000358,18.0
1.5B,dara,5,95,,,0.9619140625,1.8944581747055054,0.0,100.7939453125,79.47217743899819,131.7262191772461,0.109375,1.0,56.0,0.025390625,2.0754980866510833,13.0
1.5B,dara,5,96,,,0.96923828125,1.889151930809021,0.0,102.08837890625,81.05985838699416,3.1198821663856506,0.140625,1.0,72.0,0.025390625,2.3533936216582085,13.0
1.5B,dara,5,97,,,0.943359375,1.8229306936264038,0.0,103.53515625,80.07744079400436,140.8357145190239,0.138671875,1.0,71.0,0.04296875,1.796461167760864,22.0
1.5B,dara,5,98,,,0.947265625,1.9087135791778564,0.0,105.2998046875,83.41933090199745,198.14116609096527,0.154296875,1.0,79.0,0.02734375,2.3754698783308417,14.0
1.5B,dara,5,99,,,0.974609375,1.9740986824035645,0.0,98.8818359375,78.85375040100189,769.8175959587097,0.111328125,1.0,57.0,0.01953125,2.3874672772626644,10.0
1.5B,dara,5,100,0.975,1.8052544314414263,0.958984375,1.8384175300598145,0.0,100.302734375,99.14006135700038,1370.0600063204765,0.126953125,1.0,65.0,0.029296875,2.0816659994661326,15.0
1.5B,rvpo,0,0,0.025,-2.528125,,,,,,,,,,,,
1.5B,rvpo,0,1,,,0.00634765625,-2.44360089302063,0.0,122.1689453125,102.0440995550016,96.76477110385895,,,,,,
1.5B,rvpo,0,2,,,0.00634765625,-2.461885690689087,0.0,122.3037109375,101.82505415100604,8.36391019821167,,,,,,
1.5B,rvpo,0,3,,,0.0029296875,-2.205549955368042,0.0,114.65234375,93.77065285597928,13.960230112075806,,,,,,
1.5B,rvpo,0,4,,,0.0068359375,-1.6585068702697754,0.0,101.7958984375,87.94154925900511,1045.090492606163,,,,,,
1.5B,rvpo,0,5,,,0.00634765625,-1.0351545810699463,0.0,109.7763671875,90.06338462798158,253.51402616500854,,,,,,
1.5B,rvpo,0,6,,,0.01318359375,-0.04002408683300018,0.0,94.59814453125,83.8152754540206,8.585372269153595,,,,,,
1.5B,rvpo,0,7,,,0.00830078125,0.4235770106315613,0.0,99.38134765625,87.5981376109994,4044.6237691640854,,,,,,
1.5B,rvpo,0,8,,,0.009765625,0.7300050258636475,0.0,106.2705078125,87.66036051197443,63.70725494623184,,,,,,
1.5B,rvpo,0,9,,,0.00537109375,0.9155330061912537,0.0,103.2724609375,88.23986470198724,17.852575302124023,,,,,,
1.5B,rvpo,0,10,0.025,1.450470364280045,0.00927734375,1.226201057434082,0.0,93.51611328125,102.98253779602237,28.009531497955322,,,,,,
1.5B,rvpo,0,11,,,0.00439453125,1.29249906539917,0.0,85.513671875,84.2632340050186,24.852331459522247,,,,,,
1.5B,rvpo,0,12,,,0.00732421875,1.1895451545715332,0.0,94.0263671875,87.59662083402509,16.58691304922104,,,,,,
1.5B,rvpo,0,13,,,0.0087890625,1.2269715070724487,0.0,91.13916015625,89.05208096903516,22.73460429906845,,,,,,
1.5B,rvpo,0,14,,,0.0068359375,1.2715084552764893,0.0,91.96484375,87.99840855202638,19.53149801492691,,,,,,
1.5B,rvpo,0,15,,,0.01123046875,1.2658627033233643,0.0,85.99267578125,85.19219883001642,26.276167631149292,,,,,,
1.5B,rvpo,0,16,,,0.00537109375,1.495725154876709,0.0,77.6171875,83.8216892000055,7.963422417640686,,,,,,
1.5B,rvpo,0,17,,,0.0107421875,1.5716370344161987,0.0,73.296875,83.40452168695629,5.1099212765693665,,,,,,
1.5B,rvpo,0,18,,,0.0166015625,1.426601767539978,0.0,79.0791015625,85.37495579302777,10.858622670173645,,,,,,
1.5B,rvpo,0,19,,,0.00634765625,1.5117292404174805,0.0,73.18798828125,83.56420973397326,4.431444346904755,,,,,,
1.5B,rvpo,0,20,0.025,1.6441878953948617,0.005859375,1.468464732170105,0.0,76.48828125,91.44941947300686,3.2528157830238342,,,,,,
1.5B,rvpo,0,21,,,0.01123046875,1.6116430759429932,0.0,76.841796875,84.22224061301677,17.600717842578888,,,,,,
1.5B,rvpo,0,22,,,0.0146484375,1.63314950466156,0.0,72.9267578125,83.63758894003695,2.8627495765686035,,,,,,
1.5B,rvpo,0,23,,,0.01171875,1.5858594179153442,0.0,71.4560546875,81.78744945500512,6.725641548633575,,,,,,
1.5B,rvpo,0,24,,,0.009765625,1.6506950855255127,0.0,69.30078125,83.25776906497777,6.197963833808899,,,,,,
1.5B,rvpo,0,25,,,0.03271484375,1.65787935256958,0.0,75.42236328125,85.57715914899018,4.180956184864044,,,,,,
1.5B,rvpo,0,26,,,0.0166015625,1.7173844575881958,0.0,70.6484375,82.39651081099873,11.323461055755615,,,,,,
1.5B,rvpo,0,27,,,0.02978515625,1.529270887374878,0.0,75.46875,85.07266339298803,3.6011176109313965,,,,,,
1.5B,rvpo,0,28,,,0.00634765625,1.7285399436950684,0.0,68.97119140625,76.17323612701148,7.3525630235672,,,,,,
1.5B,rvpo,0,29,,,0.029296875,1.7042819261550903,0.0,73.14404296875,82.83050863898825,11.260599493980408,,,,,,
1.5B,rvpo,0,30,0.05,1.730300221964717,0.02392578125,1.696724772453308,0.0,71.75146484375,88.54999653395498,3.9543054699897766,,,,,,
1.5B,rvpo,0,31,,,0.03173828125,1.8168036937713623,0.0,65.6142578125,81.9553799139685,2.897606372833252,,,,,,
1.5B,rvpo,0,32,,,0.0263671875,1.607156753540039,0.0,67.19189453125,82.1037606910104,6.110466957092285,,,,,,
1.5B,rvpo,0,33,,,0.0341796875,1.74919855594635,0.0,66.072265625,79.25589286803734,3.693980395793915,,,,,,
1.5B,rvpo,0,34,,,0.01953125,1.7782238721847534,0.0,68.40966796875,76.39264255698072,3.3019385933876038,,,,,,
1.5B,rvpo,0,35,,,0.03125,1.752095341682434,0.0,70.5537109375,82.6790917830076,4.454521119594574,,,,,,
1.5B,rvpo,0,36,,,0.03564453125,1.8229340314865112,0.0,71.45068359375,79.56468753801892,13.093506634235382,,,,,,
1.5B,rvpo,0,37,,,0.04638671875,1.7484040260314941,0.0,73.17333984375,80.13396977999946,6.621810495853424,,,,,,
1.5B,rvpo,0,38,,,0.04541015625,1.7397876977920532,0.0,69.34765625,83.2476870380342,3.242688775062561,,,,,,
1.5B,rvpo,0,39,,,0.0673828125,1.7595854997634888,0.0,69.47998046875,80.60372175299563,3.4083884358406067,,,,,,
1.5B,rvpo,0,40,0.0875,1.7653002228587866,0.05224609375,1.7913951873779297,0.0,70.57177734375,90.29612183599966,17.96187299489975,,,,,,
1.5B,rvpo,0,41,,,0.0654296875,1.806623101234436,0.0,65.5947265625,74.23358980799094,12.377250790596008,,,,,,
1.5B,rvpo,0,42,,,0.0791015625,1.7044864892959595,0.0,69.82861328125,82.37467211595504,4.397751569747925,,,,,,
1.5B,rvpo,0,43,,,0.07568359375,1.852362871170044,0.0,69.12353515625,75.16864318901207,4.473658561706543,,,,,,
1.5B,rvpo,0,44,,,0.0908203125,1.7453672885894775,0.0,68.7890625,82.95504462497775,3.7093000411987305,,,,,,
1.5B,rvpo,0,45,,,0.08056640625,1.703308343887329,0.0,70.4296875,84.0540247259778,4.031846821308136,,,,,,
1.5B,rvpo,0,46,,,0.07373046875,1.7574716806411743,0.0,69.24462890625,79.792249110993,4.587195694446564,,,,,,
1.5B,rvpo,0,47,,,0.07080078125,1.7644929885864258,0.0,69.8701171875,79.08186333801132,4.381612181663513,,,,,,
1.5B,rvpo,0,48,,,0.11767578125,1.6801695823669434,0.0,70.70751953125,78.24173951800913,4.591829895973206,,,,,,
1.5B,rvpo,0,49,,,0.125,1.86430025100708,0.0,68.4404296875,76.67818936996628,4.903540194034576,,,,,,
1.5B,rvpo,0,50,0.175,1.773117681313306,0.1533203125,1.8445467948913574,0.0,72.72607421875,79.11586799100041,8.777632236480713,,,,,,
1.5B,rvpo,0,51,,,0.2080078125,1.7671480178833008,0.0,72.6572265625,76.30140311201103,8.36172080039978,,,,,,
1.5B,rvpo,0,52,,,0.33203125,1.7775700092315674,0.0,77.982421875,75.75994588102913,7.330726981163025,,,,,,
1.5B,rvpo,0,53,,,0.39208984375,1.7830740213394165,0.0,79.58837890625,84.43253410595935,6.03258341550827,,,,,,
1.5B,rvpo,0,54,,,0.62353515625,1.8099701404571533,0.0,88.02294921875,82.16661757399561,8.601605534553528,,,,,,
1.5B,rvpo,0,55,,,0.82470703125,1.716750979423523,0.0,98.26123046875,82.77122834598413,5.812234818935394,,,,,,
1.5B,rvpo,0,56,,,0.9150390625,1.7591718435287476,0.0,99.74609375,81.66507137799636,11.44692838191986,,,,,,
1.5B,rvpo,0,57,,,0.9365234375,1.7346489429473877,0.0,98.7255859375,82.76415101304883,21.20439302921295,,,,,,
1.5B,rvpo,0,58,,,0.919921875,1.766780138015747,0.0,99.560546875,77.75745418597944,56.42392498254776,,,,,,
1.5B,rvpo,0,59,,,0.9345703125,1.8737707138061523,0.0,95.693359375,86.45714246103307,73.15680915117264,,,,,,
1.5B,rvpo,0,60,0.975,1.7699701361358167,0.93017578125,1.757345199584961,0.0,95.98095703125,87.16219258902129,82.05234009027481,,,,,,
1.5B,rvpo,0,61,,,0.94384765625,1.8921563625335693,0.0,97.84521484375,87.35198406298878,4.036813795566559,,,,,,
1.5B,rvpo,0,62,,,0.9267578125,1.6968727111816406,0.0,97.7890625,82.60834057396278,12.05996948480606,,,,,,
1.5B,rvpo,0,63,,,0.94140625,1.865572452545166,0.0,96.69384765625,86.37230181100313,69.72561275959015,,,,,,
1.5B,rvpo,0,64,,,0.921875,1.80497145652771,0.0,101.13671875,79.03814448096091,154.00014555454254,,,,,,
1.5B,rvpo,0,65,,,0.94384765625,1.9098000526428223,0.0,99.09228515625,83.08764084300492,300.56632500886917,,,,,,
1.5B,rvpo,0,66,,,0.9482421875,1.8053183555603027,0.0,97.0634765625,85.39766807499109,159.1256488263607,,,,,,
1.5B,rvpo,0,67,,,0.92724609375,1.8359053134918213,0.0,97.05615234375,78.59862101700855,38.101319551467896,,,,,,
1.5B,rvpo,0,68,,,0.95361328125,1.7678760290145874,0.0,96.71142578125,81.30742228403687,36.78939950466156,,,,,,
1.5B,rvpo,0,69,,,0.9384765625,1.810826063156128,0.0,94.87548828125,80.84573608101346,146.2206603884697,,,,,,
1.5B,rvpo,0,70,0.975,1.7801189441233873,0.93505859375,1.9130525588989258,0.0,93.92919921875,87.82293817895697,203.96425196528435,,,,,,
1.5B,rvpo,0,71,,,0.943359375,1.8840302228927612,0.0,97.13671875,82.67348726198543,3.4556780457496643,,,,,,
1.5B,rvpo,0,72,,,0.9228515625,1.7540916204452515,0.0,95.34033203125,85.64720188896172,437.45730262994766,,,,,,
1.5B,rvpo,0,73,,,0.94384765625,1.8336644172668457,0.0,92.16455078125,79.25838638702407,63.368546307086945,,,,,,
1.5B,rvpo,0,74,,,0.92333984375,1.8010541200637817,0.0,93.97705078125,85.86670864897314,5.44495153427124,,,,,,
1.5B,rvpo,0,75,,,0.9208984375,1.8187848329544067,0.0,94.5234375,84.8986897720024,395.79296612739563,,,,,,
1.5B,rvpo,0,76,,,0.94873046875,1.83951735496521,0.0,96.0888671875,81.10446409397991,4.121455669403076,,,,,,
1.5B,rvpo,0,77,,,0.953125,1.957575798034668,0.0,95.51708984375,79.37769798201043,4826.484530448914,,,,,,
1.5B,rvpo,0,78,,,0.95458984375,1.9706623554229736,0.0,96.48828125,78.62840575200971,376.34299528598785,,,,,,
1.5B,rvpo,0,79,,,0.9443359375,1.9745806455612183,0.0,98.72900390625,80.74101548199542,368.4991457462311,,,,,,
1.5B,rvpo,0,80,0.975,1.7731744994409382,0.943359375,1.8809752464294434,0.0,98.6201171875,89.05014785699314,141.72184279561043,,,,,,
1.5B,rvpo,0,81,,,0.92724609375,1.7943063974380493,0.0,97.89111328125,82.79898189200321,184.53408229351044,,,,,,
1.5B,rvpo,0,82,,,0.92578125,1.864149808883667,0.0,96.84716796875,84.26155104202917,151.0951763689518,,,,,,
1.5B,rvpo,0,83,,,0.94287109375,1.743727684020996,0.0,92.51220703125,81.15698158903979,218.37240254878998,,,,,,
1.5B,rvpo,0,84,,,0.94482421875,1.8614815473556519,0.0,97.72900390625,87.88921249302803,212.00452893972397,,,,,,
1.5B,rvpo,0,85,,,0.943359375,1.8269667625427246,0.0,90.4697265625,88.32395220804028,2.7457866072654724,,,,,,
1.5B,rvpo,0,86,,,0.9521484375,1.9019405841827393,0.0,95.05517578125,83.4655716830166,45134.43074262142,,,,,,
1.5B,rvpo,0,87,,,0.9482421875,1.9016802310943604,0.0,93.56201171875,83.5266186039662,4.20784330368042,,,,,,
1.5B,rvpo,0,88,,,0.93798828125,1.8586112260818481,0.0,91.86962890625,80.49118262302363,198.0939004421234,,,,,,
1.5B,rvpo,0,89,,,0.93310546875,1.8373711109161377,0.0,94.35009765625,78.61393261299236,3.123445451259613,,,,,,
1.5B,rvpo,0,90,0.975,1.7827704586088657,0.94580078125,1.8498399257659912,0.0,94.9306640625,93.21845363994362,201.3016800880432,,,,,,
1.5B,rvpo,0,91,,,0.955078125,1.8755929470062256,0.0,94.05712890625,77.97264106298098,269.579199552536,,,,,,
1.5B,rvpo,0,92,,,0.94384765625,1.8566731214523315,0.0,92.30029296875,78.98216245998628,3479.504498243332,,,,,,
1.5B,rvpo,0,93,,,0.9453125,1.9162936210632324,0.0,96.20751953125,80.3720710130292,236.1772425174713,,,,,,
1.5B,rvpo,0,94,,,0.94482421875,1.890479564666748,0.0,93.02734375,80.55162729200674,195.9869214296341,,,,,,
1.5B,rvpo,0,95,,,0.9482421875,1.903571367263794,0.0,92.24853515625,80.72746835800353,102.12455958127975,,,,,,
1.5B,rvpo,0,96,,,0.9638671875,1.8770750761032104,0.0,94.63818359375,79.48935425799573,221.49204963445663,,,,,,
1.5B,rvpo,0,97,,,0.95458984375,1.8970650434494019,0.0,92.74169921875,80.18377227894962,3.1076658368110657,,,,,,
1.5B,rvpo,0,98,,,0.9423828125,1.7822389602661133,0.0,92.818359375,87.00764288200298,131.0482281446457,,,,,,
1.5B,rvpo,0,99,,,0.939453125,1.923048734664917,0.0,91.5693359375,83.28083694301313,83.39943927526474,,,,,,
1.5B,rvpo,0,100,0.975,1.7832439441233874,0.9501953125,1.8121752738952637,0.0,91.6298828125,102.54421857203124,4.423769414424896,,,,,,
1.5B,rvpo,1,0,0.025,-2.54375,,,,,,,,,,,,
1.5B,rvpo,1,1,,,0.001953125,-2.450601100921631,0.0,120.4599609375,95.99103677100356,49.316436409950256,,,,,,
1.5B,rvpo,1,2,,,0.0107421875,-2.4840216636657715,0.0,125.53466796875,96.53980960699846,181.12864273786545,,,,,,
1.5B,rvpo,1,3,,,0.01025390625,-2.343644142150879,0.0,114.0048828125,89.233730396998,8.127009630203247,,,,,,
1.5B,rvpo,1,4,,,0.0068359375,-1.7906017303466797,0.0,99.64306640625,88.23928418500145,360.03435730934143,,,,,,
1.5B,rvpo,1,5,,,0.01708984375,-1.3467046022415161,0.0,97.9189453125,86.90710977700655,9.02247428894043,,,,,,
1.5B,rvpo,1,6,,,0.017578125,-0.2958071827888489,0.0,98.17138671875,88.58978266600025,32.432164788246155,,,,,,
1.5B,rvpo,1,7,,,0.02197265625,0.20791484415531158,0.0,93.4453125,85.8370880010043,120.32985550165176,,,,,,
1.5B,rvpo,1,8,,,0.02294921875,0.8290504813194275,0.0,87.15673828125,85.95971368999744,6.445842623710632,,,,,,
1.5B,rvpo,1,9,,,0.025390625,1.0111827850341797,0.0,87.587890625,83.55545099700248,5.14407354593277,,,,,,
1.5B,rvpo,1,10,0.0375,1.462523934431374,0.041015625,1.1025550365447998,0.0,82.69580078125,101.30560082699958,7.077365696430206,,,,,,
1.5B,rvpo,1,11,,,0.046875,1.1665035486221313,0.0,77.1875,82.28703941300046,9.83126038312912,,,,,,
1.5B,rvpo,1,12,,,0.0810546875,1.2447822093963623,0.0,84.3525390625,84.34494410900516,40.94315618276596,,,,,,
1.5B,rvpo,1,13,,,0.0947265625,1.2101349830627441,0.0,84.4453125,86.46149112399871,3.8223606944084167,,,,,,
1.5B,rvpo,1,14,,,0.13720703125,1.3102387189865112,0.0,85.9833984375,87.33374753899989,38.71773940324783,,,,,,
1.5B,rvpo,1,15,,,0.203125,1.321828842163086,0.0,87.3388671875,85.06742872000177,8.620444416999817,,,,,,
1.5B,rvpo,1,16,,,0.314453125,1.3057026863098145,0.0,89.3994140625,86.12432746400009,80.36868298053741,,,,,,
1.5B,rvpo,1,17,,,0.4482421875,1.3815466165542603,0.0,91.431640625,85.00212979299977,9.438843846321106,,,,,,
1.5B,rvpo,1,18,,,0.58642578125,1.2366199493408203,0.0,105.59375,89.274472461002,24.530428886413574,,,,,,
1.5B,rvpo,1,19,,,0.72900390625,1.3161613941192627,0.0,106.94677734375,88.29035047199432,13.8135244846344,,,,,,
1.5B,rvpo,1,20,0.925,1.5062296025454998,0.80419921875,1.5019410848617554,0.0,107.8447265625,95.17042580999987,8.679638981819153,,,,,,
1.5B,rvpo,1,21,,,0.8310546875,1.3885648250579834,0.0,106.84423828125,90.72586996699829,76.7491403222084,,,,,,
1.5B,rvpo,1,22,,,0.8701171875,1.4573419094085693,0.0,107.42431640625,88.54098834299657,5.354018986225128,,,,,,
1.5B,rvpo,1,23,,,0.85107421875,1.467221736907959,0.0,105.0498046875,88.07449596899824,68.9334465265274,,,,,,
1.5B,rvpo,1,24,,,0.86865234375,1.464780330657959,0.0,103.97314453125,84.2403800930042,44.79643756151199,,,,,,
1.5B,rvpo,1,25,,,0.86181640625,1.6137855052947998,0.0,104.78955078125,88.942049502999,107.26487898826599,,,,,,
1.5B,rvpo,1,26,,,0.8623046875,1.6296693086624146,0.0,104.15771484375,87.17301908999798,75.00994473695755,,,,,,
1.5B,rvpo,1,27,,,0.85546875,1.4921965599060059,0.0,96.6865234375,85.45496168499812,3.1022872924804688,,,,,,
1.5B,rvpo,1,28,,,0.859375,1.4519782066345215,0.0,101.685546875,87.78145083400159,2.890065550804138,,,,,,
1.5B,rvpo,1,29,,,0.8720703125,1.6926283836364746,0.0,100.3818359375,89.47918332699919,107.41221243143082,,,,,,
1.5B,rvpo,1,30,0.925,1.6604409139603376,0.87939453125,1.5974230766296387,0.0,101.30810546875,92.54727398700197,55.21361622214317,,,,,,
1.5B,rvpo,1,31,,,0.8916015625,1.63188636302948,0.0,95.8955078125,81.68793788000039,3.066849172115326,,,,,,
1.5B,rvpo,1,32,,,0.8916015625,1.6229324340820312,0.0,97.2119140625,89.64394922199426,44.28612667322159,,,,,,
1.5B,rvpo,1,33,,,0.89306640625,1.6695759296417236,0.0,98.91650390625,81.20077285000298,138.29012113809586,,,,,,
1.5B,rvpo,1,34,,,0.89111328125,1.6502385139465332,0.0,103.625,84.06756283400318,303.19919115304947,,,,,,
1.5B,rvpo,1,35,,,0.896484375,1.659165859222412,0.0,101.443359375,89.32195558999956,2.517626702785492,,,,,,
1.5B,rvpo,1,36,,,0.86474609375,1.7094110250473022,0.0,96.47607421875,80.80139118499937,121.63754469156265,,,,,,
1.5B,rvpo,1,37,,,0.89501953125,1.602807641029358,0.0,102.0087890625,88.90846953300206,46.961217045784,,,,,,
1.5B,rvpo,1,38,,,0.9228515625,1.80186927318573,0.0,102.97900390625,89.39587427099468,191.1665576696396,,,,,,
1.5B,rvpo,1,39,,,0.9130859375,1.5311870574951172,0.0,106.32275390625,90.7168479250031,97.64715647697449,,,,,,
1.5B,rvpo,1,40,0.975,1.7291909139603376,0.91748046875,1.7292640209197998,0.0,101.2529296875,87.41827088900027,210.19601422548294,,,,,,
1.5B,rvpo,1,41,,,0.92236328125,1.7666656970977783,0.0,100.68212890625,86.69739335799386,181.67082488536835,,,,,,
1.5B,rvpo,1,42,,,0.93408203125,1.6710219383239746,0.0,103.54150390625,87.36628488599672,66.55966413021088,,,,,,
1.5B,rvpo,1,43,,,0.92138671875,1.7209153175354004,0.0,106.91455078125,87.83374910199927,152.7725630402565,,,,,,
1.5B,rvpo,1,44,,,0.923828125,1.6632667779922485,0.0,101.85595703125,86.414667568999,54.893122255802155,,,,,,
1.5B,rvpo,1,45,,,0.93115234375,1.7446932792663574,0.0,100.15478515625,80.36414160300046,182.33305394649506,,,,,,
1.5B,rvpo,1,46,,,0.9326171875,1.8201478719711304,0.0,96.916015625,89.07677222599887,240.7514396905899,,,,,,
1.5B,rvpo,1,47,,,0.9345703125,1.7713470458984375,0.0,102.8232421875,87.15313365899783,146.69491302967072,,,,,,
1.5B,rvpo,1,48,,,0.9345703125,1.7473900318145752,0.0,98.3154296875,81.39850058899901,318.54034900665283,,,,,,
1.5B,rvpo,1,49,,,0.9345703125,1.747199535369873,0.0,103.306640625,88.18980348599871,491.4070973396301,,,,,,
1.5B,rvpo,1,50,0.975,1.7691016299650073,0.927734375,1.759071707725525,0.0,99.85595703125,92.8522409359939,54.869737684726715,,,,,,
1.5B,rvpo,1,51,,,0.93408203125,1.790339708328247,0.0,97.76123046875,79.73878397200315,104.53059977293015,,,,,,
1.5B,rvpo,1,52,,,0.939453125,1.8036808967590332,0.0,97.7509765625,81.51627450699743,186.8515523672104,,,,,,
1.5B,rvpo,1,53,,,0.931640625,1.7104170322418213,0.0,97.84423828125,79.68820521300222,216.20444077253342,,,,,,
1.5B,rvpo,1,54,,,0.9248046875,1.6501200199127197,0.0,98.580078125,89.58686695500364,17.099495947360992,,,,,,
1.5B,rvpo,1,55,,,0.92724609375,1.743951678276062,0.0,97.43896484375,80.93568419499934,138.95751363039017,,,,,,
1.5B,rvpo,1,56,,,0.93505859375,1.8134931325912476,0.0,100.04931640625,87.69647007100139,4.869651556015015,,,,,,
1.5B,rvpo,1,57,,,0.921875,1.6874494552612305,0.0,95.01123046875,87.13997247200314,208.7200157046318,,,,,,
1.5B,rvpo,1,58,,,0.94091796875,1.8789355754852295,0.0,99.3828125,82.01213520100282,322.9865923523903,,,,,,
1.5B,rvpo,1,59,,,0.93017578125,1.8084444999694824,0.0,95.59814453125,87.64443627400033,29.38850426673889,,,,,,
1.5B,rvpo,1,60,0.975,1.7396373432129622,0.9365234375,1.8617430925369263,0.0,99.03955078125,88.56542360599997,3.7104747891426086,,,,,,
1.5B,rvpo,1,61,,,0.94775390625,1.7952150106430054,0.0,95.43017578125,79.53711194000061,6638.833243966103,,,,,,
1.5B,rvpo,1,62,,,0.92236328125,1.7931807041168213,0.0,100.93115234375,83.60030316699704,205.67416161298752,,,,,,
1.5B,rvpo,1,63,,,0.92529296875,1.6375459432601929,0.0,100.2216796875,80.54967334200046,144.2891612648964,,,,,,
1.5B,rvpo,1,64,,,0.91650390625,1.7418934106826782,0.0,96.32177734375,78.56524380499468,3.119811534881592,,,,,,
1.5B,rvpo,1,65,,,0.9404296875,1.6930429935455322,0.0,99.591796875,89.36592380400543,324.5289580821991,,,,,,
1.5B,rvpo,1,66,,,0.92626953125,1.8800653219223022,0.0,94.80419921875,85.53055082300125,17880.72251021862,,,,,,
1.5B,rvpo,1,67,,,0.95458984375,1.8416829109191895,0.0,95.20947265625,79.44418593499722,160.52361279726028,,,,,,
1.5B,rvpo,1,68,,,0.9462890625,1.9137983322143555,0.0,95.12939453125,84.38105326900404,133.80998066067696,,,,,,
1.5B,rvpo,1,69,,,0.93505859375,1.686633586883545,0.0,98.3798828125,83.96051525200164,104.27464443445206,,,,,,
1.5B,rvpo,1,70,0.975,1.7196454599499702,0.9326171875,1.8459014892578125,0.0,93.72509765625,88.6929421110035,4.036513149738312,,,,,,
1.5B,rvpo,1,71,,,0.92626953125,1.8509414196014404,0.0,94.17041015625,79.82795504100068,92.55333191156387,,,,,,
1.5B,rvpo,1,72,,,0.94970703125,1.9109508991241455,0.0,95.55224609375,76.80454265599838,198.64553654193878,,,,,,
1.5B,rvpo,1,73,,,0.9306640625,1.8304420709609985,0.0,97.08056640625,79.0996829450014,71.58066070079803,,,,,,
1.5B,rvpo,1,74,,,0.9423828125,1.7841538190841675,0.0,98.1357421875,82.1966781709998,2984.374457359314,,,,,,
1.5B,rvpo,1,75,,,0.94384765625,1.7825596332550049,0.0,97.39794921875,76.9932827790035,3.3035115003585815,,,,,,
1.5B,rvpo,1,76,,,0.9443359375,1.832549810409546,0.0,100.5693359375,81.10670133799431,14.275869607925415,,,,,,
1.5B,rvpo,1,77,,,0.93701171875,1.9075114727020264,0.0,99.99072265625,87.30098369999905,116.53734487295151,,,,,,
1.5B,rvpo,1,78,,,0.9462890625,1.9272860288619995,0.0,99.04931640625,86.16222029399796,331.6868787407875,,,,,,
1.5B,rvpo,1,79,,,0.9345703125,1.8396990299224854,0.0,102.68359375,84.99305890299729,128.01858150959015,,,,,,
1.5B,rvpo,1,80,0.975,1.7065123420208692,0.935546875,1.746766209602356,0.0,96.82861328125,88.30027079999854,4.046622693538666,,,,,,
1.5B,rvpo,1,81,,,0.94921875,1.9138317108154297,0.0,95.08154296875,85.50135426199995,17276.34505802393,,,,,,
1.5B,rvpo,1,82,,,0.94921875,1.8226145505905151,0.0,95.78076171875,79.35151264900196,3.6551573276519775,,,,,,
1.5B,rvpo,1,83,,,0.93603515625,1.7893171310424805,0.0,99.1787109375,80.67144913399534,3.1026437878608704,,,,,,
1.5B,rvpo,1,84,,,0.93359375,1.889295220375061,0.0,95.12255859375,82.09697492399573,2.9556021094322205,,,,,,
1.5B,rvpo,1,85,,,0.9345703125,1.8811715841293335,0.0,94.85009765625,82.14181454699428,116.63769507408142,,,,,,
1.5B,rvpo,1,86,,,0.927734375,1.886426329612732,0.0,94.2666015625,79.52253760599706,118.85833024978638,,,,,,
1.5B,rvpo,1,87,,,0.93896484375,1.82832670211792,0.0,96.82421875,79.831547546004,55.41587996482849,,,,,,
1.5B,rvpo,1,88,,,0.93603515625,1.925695538520813,0.0,99.13037109375,88.3872503829989,10.778089046478271,,,,,,
1.5B,rvpo,1,89,,,0.9443359375,1.8931856155395508,0.0,96.79150390625,84.72524867400352,237.51701664924622,,,,,,
1.5B,rvpo,1,90,0.975,1.6517233826220035,0.95263671875,1.7769317626953125,0.0,99.69775390625,87.54869128599967,283.46563535928726,,,,,,
1.5B,rvpo,1,91,,,0.9462890625,1.8865305185317993,0.0,96.00634765625,87.87734068600548,80.09775233268738,,,,,,
1.5B,rvpo,1,92,,,0.94189453125,1.9605164527893066,0.0,95.60888671875,82.28444840999873,7.48934280872345,,,,,,
1.5B,rvpo,1,93,,,0.9375,1.8334603309631348,0.0,95.56103515625,81.17933140999958,129.80118238925934,,,,,,
1.5B,rvpo,1,94,,,0.94091796875,1.9010632038116455,0.0,96.53759765625,86.81355413100391,180.35899710655212,,,,,,
1.5B,rvpo,1,95,,,0.92724609375,1.810286521911621,0.0,92.458984375,79.048785787003,3.160570591688156,,,,,,
1.5B,rvpo,1,96,,,0.94140625,1.8187159299850464,0.0,100.70458984375,87.50849476099393,104.3624147772789,,,,,,
1.5B,rvpo,1,97,,,0.939453125,1.8916881084442139,0.0,95.5009765625,79.0410155339996,3.855997383594513,,,,,,
1.5B,rvpo,1,98,,,0.94384765625,1.8609846830368042,0.0,98.47021484375,82.47985625699948,98.02409166097641,,,,,,
1.5B,rvpo,1,99,,,0.91796875,1.8332663774490356,0.0,101.5341796875,85.29816262700479,49.90778386592865,,,,,,
1.5B,rvpo,1,100,0.975,1.7426437087357045,0.939453125,1.9283058643341064,0.0,94.7568359375,96.13091754200286,39.894809544086456,,,,,,
1.5B,rvpo,2,0,0.025,-2.54375,,,,,,,,,,,,
1.5B,rvpo,2,1,,,0.0048828125,-2.440371036529541,0.0,123.24072265625,90.0054182719905,60.626859068870544,,,,,,
1.5B,rvpo,2,2,,,0.00537109375,-2.410172462463379,0.0,115.240234375,92.3632727219956,9.015088677406311,,,,,,
1.5B,rvpo,2,3,,,0.00732421875,-2.1817822456359863,0.0,113.1943359375,89.36383807600942,12.358396053314209,,,,,,
1.5B,rvpo,2,4,,,0.01220703125,-1.7531096935272217,0.0,106.83740234375,86.22456033702474,135.86367094516754,,,,,,
1.5B,rvpo,2,5,,,0.01416015625,-0.8039712309837341,0.0,105.35009765625,86.64472875901265,5.515900373458862,,,,,,
1.5B,rvpo,2,6,,,0.01318359375,0.15921857953071594,0.0,93.37939453125,84.68797830800759,23.302477836608887,,,,,,
1.5B,rvpo,2,7,,,0.017578125,0.45654797554016113,0.0,94.70751953125,84.12593779602321,18.22676730155945,,,,,,
1.5B,rvpo,2,8,,,0.0107421875,0.9023564457893372,0.0,87.4365234375,85.03282525099348,18.752107203006744,,,,,,
1.5B,rvpo,2,9,,,0.01416015625,1.0365887880325317,0.0,91.587890625,85.96368806104874,4.213554561138153,,,,,,
1.5B,rvpo,2,10,0.0125,1.4687739338725805,0.01123046875,1.248741865158081,0.0,92.45654296875,100.8058181340457,3.7074851989746094,,,,,,
1.5B,rvpo,2,11,,,0.015625,1.1716091632843018,0.0,92.18701171875,87.85962349601323,42.38321751356125,,,,,,
1.5B,rvpo,2,12,,,0.0166015625,1.2583491802215576,0.0,87.423828125,84.05478569900151,3.167869806289673,,,,,,
1.5B,rvpo,2,13,,,0.01708984375,1.4226946830749512,0.0,85.3955078125,86.11877440696117,4.561898410320282,,,,,,
1.5B,rvpo,2,14,,,0.0185546875,1.3700734376907349,0.0,97.17529296875,85.8926318710437,6.342247784137726,,,,,,
1.5B,rvpo,2,15,,,0.01171875,1.5043219327926636,0.0,86.01904296875,85.20292228000471,3.2122018337249756,,,,,,
1.5B,rvpo,2,16,,,0.0205078125,1.414206624031067,0.0,91.59423828125,84.55069003201788,13.786153674125671,,,,,,
1.5B,rvpo,2,17,,,0.03662109375,1.495453953742981,0.0,82.046875,85.11467265395913,4.2676772475242615,,,,,,
1.5B,rvpo,2,18,,,0.04638671875,1.4718120098114014,0.0,86.57373046875,88.0130157499807,4.85883104801178,,,,,,
1.5B,rvpo,2,19,,,0.087890625,1.4494086503982544,0.0,87.1123046875,85.0368512540008,8.456655383110046,,,,,,
1.5B,rvpo,2,20,0.1375,1.5478607853874564,0.1123046875,1.5316165685653687,0.0,75.94921875,89.13126855401788,4.694031834602356,,,,,,
1.5B,rvpo,2,21,,,0.16796875,1.520978569984436,0.0,84.474609375,84.07333921996178,15.733825445175171,,,,,,
1.5B,rvpo,2,22,,,0.2265625,1.367966890335083,0.0,88.74169921875,85.08267292403616,14.600384831428528,,,,,,
1.5B,rvpo,2,23,,,0.4296875,1.4230666160583496,0.0,87.8251953125,78.24935941095464,10.519748270511627,,,,,,
1.5B,rvpo,2,24,,,0.6298828125,1.5073648691177368,0.0,104.97412109375,86.78161853598431,2068.18832552433,,,,,,
1.5B,rvpo,2,25,,,0.7939453125,1.428135871887207,0.0,107.49951171875,84.8086489069974,703.9773188829422,,,,,,
1.5B,rvpo,2,26,,,0.80517578125,1.4784005880355835,0.0,104.3291015625,85.95431351201842,30684047.33072108,,,,,,
1.5B,rvpo,2,27,,,0.83837890625,1.5785506963729858,0.0,102.88671875,86.1249479399994,9157.190074265003,,,,,,
1.5B,rvpo,2,28,,,0.83056640625,1.5635769367218018,0.0,106.59521484375,85.36026445298921,63119.66410064697,,,,,,
1.5B,rvpo,2,29,,,0.85595703125,1.6001249551773071,0.0,107.06640625,89.43197256396525,14366371842.315874,,,,,,
1.5B,rvpo,2,30,0.925,1.7154409136623143,0.8349609375,1.503699779510498,0.0,108.3896484375,96.27586927002994,275269.09612470865,,,,,,
1.5B,rvpo,2,31,,,0.85498046875,1.5846593379974365,0.0,102.96728515625,88.61127627501264,310672.75325012207,,,,,,
1.5B,rvpo,2,32,,,0.87646484375,1.6369249820709229,0.0,97.12353515625,84.12919706298271,18578.08442002535,,,,,,
1.5B,rvpo,2,33,,,0.84814453125,1.5167138576507568,0.0,106.36328125,86.30244208901422,106012721.16644335,,,,,,
1.5B,rvpo,2,34,,,0.8486328125,1.6606192588806152,0.0,98.35205078125,81.35684441099875,3879.551300048828,,,,,,
1.5B,rvpo,2,35,,,0.8583984375,1.552505373954773,0.0,105.5400390625,87.50680052500684,19715.133057177067,,,,,,
1.5B,rvpo,2,36,,,0.86474609375,1.5909616947174072,0.0,101.97802734375,84.05485684797168,6236.501492798328,,,,,,
1.5B,rvpo,2,37,,,0.87744140625,1.6959006786346436,0.0,97.8466796875,84.9315759279998,123.00363206863403,,,,,,
1.5B,rvpo,2,38,,,0.859375,1.5255154371261597,0.0,108.05810546875,87.0676441360265,650077.269449234,,,,,,
1.5B,rvpo,2,39,,,0.87109375,1.6478922367095947,0.0,99.82763671875,88.52248245902592,310.27492064237595,,,,,,
1.5B,rvpo,2,40,0.925,1.7486254390329123,0.884765625,1.6869202852249146,0.0,97.9912109375,94.41068057401571,1242.943636417389,,,,,,
1.5B,rvpo,2,41,,,0.86279296875,1.665953516960144,0.0,99.87939453125,85.4025243629585,275.04879742860794,,,,,,
1.5B,rvpo,2,42,,,0.865234375,1.6365045309066772,0.0,97.85302734375,85.64180413098074,77814.97402060032,,,,,,
1.5B,rvpo,2,43,,,0.88818359375,1.6851991415023804,0.0,100.81787109375,87.49861395102926,152137.19123840332,,,,,,
1.5B,rvpo,2,44,,,0.87939453125,1.7020080089569092,0.0,95.1201171875,87.06885822798358,393.9414139986038,,,,,,
1.5B,rvpo,2,45,,,0.87158203125,1.7520520687103271,0.0,99.0576171875,87.67819162999513,279.30102971196175,,,,,,
1.5B,rvpo,2,46,,,0.8583984375,1.7222195863723755,0.0,99.3017578125,91.31588397204177,216.31261330842972,,,,,,
1.5B,rvpo,2,47,,,0.8759765625,1.804049015045166,0.0,97.40234375,85.4300263680052,2317.841984152794,,,,,,
1.5B,rvpo,2,48,,,0.87109375,1.722001552581787,0.0,98.87744140625,86.65367252100259,2102526.987912953,,,,,,
1.5B,rvpo,2,49,,,0.86376953125,1.6206231117248535,0.0,98.13330078125,87.95978720905259,69074706702.93071,,,,,,
1.5B,rvpo,2,50,0.9375,1.7548159163445234,0.86865234375,1.7704241275787354,0.0,101.72021484375,90.8118722740328,40182051.4430573,,,,,,
1.5B,rvpo,2,51,,,0.88232421875,1.6345632076263428,0.0,101.4150390625,84.86175472999457,7706792.783063889,,,,,,
1.5B,rvpo,2,52,,,0.861328125,1.7598936557769775,0.0,92.6123046875,87.94645546597894,3623923.127946973,,,,,,
1.5B,rvpo,2,53,,,0.8876953125,1.6914838552474976,0.0,99.5458984375,84.62650723499246,1425.4658933877945,,,,,,
1.5B,rvpo,2,54,,,0.8720703125,1.7006300687789917,0.0,94.45947265625,82.17401057796087,3495517.5374319553,,,,,,
1.5B,rvpo,2,55,,,0.89892578125,1.7316577434539795,0.0,99.876953125,83.34330436901655,9416.185305595398,,,,,,
1.5B,rvpo,2,56,,,0.89599609375,1.7949066162109375,0.0,100.9248046875,79.87424113694578,213548134.78237456,,,,,,
1.5B,rvpo,2,57,,,0.904296875,1.7137057781219482,0.0,95.83447265625,78.3471626410028,160606939.83931732,,,,,,
1.5B,rvpo,2,58,,,0.88525390625,1.8084361553192139,0.0,97.0546875,85.52611158101354,537299.8986667395,,,,,,
1.5B,rvpo,2,59,,,0.87939453125,1.7388302087783813,0.0,99.064453125,85.45171016501263,27478913174.901512,,,,,,
1.5B,rvpo,2,60,0.95,1.7595182944089174,0.87451171875,1.7536811828613281,0.0,99.74755859375,87.77342467702692,8765.007014751434,,,,,,
1.5B,rvpo,2,61,,,0.8994140625,1.7790149450302124,0.0,97.9716796875,84.61102716601454,1302.679344713688,,,,,,
1.5B,rvpo,2,62,,,0.8955078125,1.7399120330810547,0.0,99.98876953125,87.19094478699844,1424.033533334732,,,,,,
1.5B,rvpo,2,63,,,0.919921875,1.8706655502319336,0.0,94.3056640625,78.09438667702489,2720743133544450.0,,,,,,
1.5B,rvpo,2,64,,,0.91357421875,1.6902409791946411,0.0,105.35888671875,82.91531112301163,156790.82843405008,,,,,,
1.5B,rvpo,2,65,,,0.91357421875,1.7913862466812134,0.0,99.755859375,78.7188453929848,1284.3418010473251,,,,,,
1.5B,rvpo,2,66,,,0.89892578125,1.7456163167953491,0.0,98.1123046875,86.03077923401725,5811.519436538219,,,,,,
1.5B,rvpo,2,67,,,0.9208984375,1.771122694015503,0.0,103.35595703125,86.3171950049582,515.3596785664558,,,,,,
1.5B,rvpo,2,68,,,0.884765625,1.772862434387207,0.0,96.220703125,84.41611032700166,274.36196905374527,,,,,,
1.5B,rvpo,2,69,,,0.91650390625,1.76606285572052,0.0,96.935546875,79.58978351496626,22182385.17389977,,,,,,
1.5B,rvpo,2,70,0.95,1.8004111517220736,0.90283203125,1.8237836360931396,0.0,97.3994140625,90.48829318903154,3.223530888557434,,,,,,
1.5B,rvpo,2,71,,,0.8994140625,1.7346272468566895,0.0,100.263671875,77.14002048695693,96787213845031.0,,,,,,
1.5B,rvpo,2,72,,,0.92724609375,1.8086984157562256,0.0,98.60107421875,86.7288981800084,3.2023094296455383,,,,,,
1.5B,rvpo,2,73,,,0.90380859375,1.8023560047149658,0.0,100.26318359375,82.93746044300497,2478.051098406315,,,,,,
1.5B,rvpo,2,74,,,0.94140625,1.8556687831878662,0.0,96.669921875,85.27160736900987,11210.43304669857,,,,,,
1.5B,rvpo,2,75,,,0.9453125,1.8023707866668701,0.0,95.111328125,77.27316655899631,9688615111.139355,,,,,,
1.5B,rvpo,2,76,,,0.93701171875,1.8170173168182373,0.0,99.62939453125,79.86219426698517,3175185540.0119014,,,,,,
1.5B,rvpo,2,77,,,0.927734375,1.7433562278747559,0.0,100.0341796875,88.03110499004833,1288.5776934027672,,,,,,
1.5B,rvpo,2,78,,,0.92919921875,1.7969601154327393,0.0,95.3046875,86.03628714196384,9163.238716363907,,,,,,
1.5B,rvpo,2,79,,,0.94091796875,1.8474987745285034,0.0,97.4501953125,80.40980809397297,5596.050799846649,,,,,,
1.5B,rvpo,2,80,0.9625,1.7861010864377023,0.93798828125,1.8269933462142944,0.0,99.17138671875,91.73292876896448,105.2144005894661,,,,,,
1.5B,rvpo,2,81,,,0.94482421875,1.7464358806610107,0.0,102.39697265625,83.26334544096608,4.553134456341545e+17,,,,,,
1.5B,rvpo,2,82,,,0.92724609375,1.843459963798523,0.0,94.39599609375,85.05885085399495,78.20096832513809,,,,,,
1.5B,rvpo,2,83,,,0.935546875,1.8215529918670654,0.0,94.92333984375,81.4653992789681,939.6599758565426,,,,,,
1.5B,rvpo,2,84,,,0.9443359375,1.8299660682678223,0.0,98.8828125,79.6216798859532,1205777.6710568666,,,,,,
1.5B,rvpo,2,85,,,0.94970703125,1.937568187713623,0.0,98.744140625,81.6305238599889,369.20760956406593,,,,,,
1.5B,rvpo,2,86,,,0.91748046875,1.6981841325759888,0.0,96.6240234375,86.89629268000135,3.791839838027954,,,,,,
1.5B,rvpo,2,87,,,0.93505859375,1.7996009588241577,0.0,95.16943359375,84.90466010203818,2.7834357023239136,,,,,,
1.5B,rvpo,2,88,,,0.94091796875,1.851295828819275,0.0,96.97802734375,78.23513207602082,506.0243745446205,,,,,,
1.5B,rvpo,2,89,,,0.92626953125,1.8091117143630981,0.0,103.587890625,85.97608275798848,121975924.00830829,,,,,,
1.5B,rvpo,2,90,0.975,1.7859225153923035,0.92236328125,1.8232734203338623,0.0,91.67626953125,84.03036912099924,1384393.111199081,,,,,,
1.5B,rvpo,2,91,,,0.9501953125,1.8385710716247559,0.0,98.9599609375,76.91119090298889,19519.908147990704,,,,,,
1.5B,rvpo,2,92,,,0.94580078125,1.817705750465393,0.0,99.91845703125,86.69200401200214,3257569640449.884,,,,,,
1.5B,rvpo,2,93,,,0.93408203125,1.7272804975509644,0.0,98.30810546875,79.71271499199793,10.556019067764282,,,,,,
1.5B,rvpo,2,94,,,0.94970703125,1.8826520442962646,0.0,100.5322265625,77.69811791501706,570.5431975722313,,,,,,
1.5B,rvpo,2,95,,,0.9306640625,1.841662883758545,0.0,94.2724609375,79.24726282199845,4411.503142118454,,,,,,
1.5B,rvpo,2,96,,,0.92626953125,1.9067596197128296,0.0,97.236328125,80.95542073698016,2031.6551507115364,,,,,,
1.5B,rvpo,2,97,,,0.93310546875,1.9547042846679688,0.0,97.03955078125,79.64378946495708,126837.05755636096,,,,,,
1.5B,rvpo,2,98,,,0.94384765625,1.809699535369873,0.0,96.94482421875,79.19915613502963,262.9486588537693,,,,,,
1.5B,rvpo,2,99,,,0.94384765625,1.9056482315063477,0.0,94.146484375,78.5290317859617,118.65557605028152,,,,,,
1.5B,rvpo,2,100,0.975,1.7753868013620377,0.923828125,1.782981514930725,0.0,97.36474609375,94.45042069494957,190.2164807319641,,,,,,
1.5B,dvao,0,0,0.025,-2.528125,,,,,,,,,,,,
1.5B,dvao,0,1,,,0.00634765625,-2.44360089302063,0.0,122.1689453125,101.86400309999954,37.38510686159134,,,,,,
1.5B,dvao,0,2,,,0.00634765625,-2.461885690689087,0.0,122.3037109375,99.96786566799892,2.184812366962433,,,,,,
1.5B,dvao,0,3,,,0.01025390625,-2.195513963699341,0.0,115.98193359375,93.37895017000119,2.3895497024059296,,,,,,
1.5B,dvao,0,4,,,0.0048828125,-1.3951988220214844,0.0,98.25439453125,89.1762552780001,3.791237473487854,,,,,,
1.5B,dvao,0,5,,,0.0048828125,-0.2282618135213852,0.0,97.541015625,90.58337120500073,32.99775278568268,,,,,,
1.5B,dvao,0,6,,,0.00732421875,0.5481467843055725,0.0,95.3701171875,85.64595329099939,38.02138751745224,,,,,,
1.5B,dvao,0,7,,,0.0048828125,0.7059042453765869,0.0,94.25439453125,87.42614582600072,3.0924237966537476,,,,,,
1.5B,dvao,0,8,,,0.0029296875,1.0667152404785156,0.0,95.7802734375,89.69948207599919,65.28023421764374,,,,,,
1.5B,dvao,0,9,,,0.00390625,1.161664366722107,0.0,89.16015625,87.89913386600165,112.55297666788101,,,,,,
1.5B,dvao,0,10,0.025,1.44829774312675,0.0048828125,1.363742709159851,0.0,80.09033203125,102.34083743400151,2.2997435331344604,,,,,,
1.5B,dvao,0,11,,,0.0029296875,1.3496050834655762,0.0,78.3232421875,82.8004155790004,26.52098286151886,,,,,,
1.5B,dvao,0,12,,,0.00634765625,1.3157628774642944,0.0,87.0791015625,85.51128185999914,14.498281508684158,,,,,,
1.5B,dvao,0,13,,,0.0068359375,1.3222694396972656,0.0,82.42333984375,88.82408556399969,13.20122879743576,,,,,,
1.5B,dvao,0,14,,,0.0048828125,1.3519062995910645,0.0,81.044921875,87.43118531499931,38.543574929237366,,,,,,
1.5B,dvao,0,15,,,0.0087890625,1.3474265336990356,0.0,72.8359375,86.41592750000018,1.886085718870163,,,,,,
1.5B,dvao,0,16,,,0.00439453125,1.5003606081008911,0.0,75.04296875,84.85595372900025,1.9832342863082886,,,,,,
1.5B,dvao,0,17,,,0.009765625,1.627795696258545,0.0,71.16064453125,82.96845620299973,6.820394217967987,,,,,,
1.5B,dvao,0,18,,,0.01708984375,1.4154993295669556,0.0,75.6240234375,86.51843684599953,2.2171329259872437,,,,,,
1.5B,dvao,0,19,,,0.01220703125,1.5655803680419922,0.0,73.50390625,84.03309672899923,16.165663212537766,,,,,,
1.5B,dvao,0,20,0.0375,1.6693867610767483,0.01220703125,1.5473136901855469,0.0,74.28955078125,87.17415677699864,1.9713620841503143,,,,,,
1.5B,dvao,0,21,,,0.0146484375,1.6116621494293213,0.0,77.5634765625,88.20032402200013,4.461852610111237,,,,,,
1.5B,dvao,0,22,,,0.01904296875,1.6471219062805176,0.0,74.17431640625,81.3680026130005,20.25985085964203,,,,,,
1.5B,dvao,0,23,,,0.0146484375,1.5957787036895752,0.0,69.5234375,83.58825043999968,1.9051679074764252,,,,,,
1.5B,dvao,0,24,,,0.01220703125,1.663424015045166,0.0,69.615234375,85.997539856,24.642200648784637,,,,,,
1.5B,dvao,0,25,,,0.0341796875,1.669548511505127,0.0,70.30126953125,88.1880889669992,2.3061758875846863,,,,,,
1.5B,dvao,0,26,,,0.01416015625,1.7235219478607178,0.0,70.56494140625,83.0017207460005,26.635251879692078,,,,,,
1.5B,dvao,0,27,,,0.0263671875,1.53523588180542,0.0,71.431640625,85.48562737900102,2.095941662788391,,,,,,
1.5B,dvao,0,28,,,0.0068359375,1.6994074583053589,0.0,65.30517578125,80.07240572699993,112.87520435452461,,,,,,
1.5B,dvao,0,29,,,0.03076171875,1.707121729850769,0.0,70.705078125,78.39945242000067,1.7539775669574738,,,,,,
1.5B,dvao,0,30,0.0625,1.7679787930101156,0.02294921875,1.7099756002426147,0.0,68.841796875,90.21382599200115,12.413821935653687,,,,,,
1.5B,dvao,0,31,,,0.03369140625,1.7733858823776245,0.0,66.9521484375,82.30630288700013,103.98985093832016,,,,,,
1.5B,dvao,0,32,,,0.0283203125,1.5841110944747925,0.0,69.51318359375,84.64775708700108,1.8042584955692291,,,,,,
1.5B,dvao,0,33,,,0.02978515625,1.7708196640014648,0.0,68.22412109375,84.05629387299996,1.9442649185657501,,,,,,
1.5B,dvao,0,34,,,0.01904296875,1.7640684843063354,0.0,67.89111328125,82.03507559699938,2.0827844440937042,,,,,,
1.5B,dvao,0,35,,,0.0263671875,1.772473692893982,0.0,69.22802734375,82.28100735999942,1.619996815919876,,,,,,
1.5B,dvao,0,36,,,0.03076171875,1.8861454725265503,0.0,68.8466796875,80.31602251799995,1.441467046737671,,,,,,
1.5B,dvao,0,37,,,0.044921875,1.7695764303207397,0.0,72.646484375,83.14083337400007,1.7551620602607727,,,,,,
1.5B,dvao,0,38,,,0.03466796875,1.7396608591079712,0.0,67.767578125,81.87591886600057,1.807266741991043,,,,,,
1.5B,dvao,0,39,,,0.04931640625,1.7356107234954834,0.0,72.25390625,80.81082193699876,34.34680816531181,,,,,,
1.5B,dvao,0,40,0.0875,1.7851903315633535,0.04296875,1.8006079196929932,0.0,68.267578125,86.97945579599946,24.71209490299225,,,,,,
1.5B,dvao,0,41,,,0.0537109375,1.8272426128387451,0.0,67.255859375,81.34455435400014,6.674720764160156,,,,,,
1.5B,dvao,0,42,,,0.07470703125,1.6805810928344727,0.0,73.2705078125,76.01445085300111,1.706663429737091,,,,,,
1.5B,dvao,0,43,,,0.06494140625,1.8370184898376465,0.0,72.65771484375,82.81016695899962,1.5931853353977203,,,,,,
1.5B,dvao,0,44,,,0.08642578125,1.775292158126831,0.0,70.92138671875,85.89481985599923,2.0535660684108734,,,,,,
1.5B,dvao,0,45,,,0.07373046875,1.730324625968933,0.0,72.32958984375,81.01206241399996,7309.857052862644,,,,,,
1.5B,dvao,0,46,,,0.0732421875,1.792715311050415,0.0,71.81103515625,81.30911829199977,142.00433313846588,,,,,,
1.5B,dvao,0,47,,,0.064453125,1.767594337463379,0.0,73.00048828125,77.4831930599994,44.771967977285385,,,,,,
1.5B,dvao,0,48,,,0.10595703125,1.7390618324279785,0.0,72.0361328125,82.39671688699855,1.4831441938877106,,,,,,
1.5B,dvao,0,49,,,0.09716796875,1.8743736743927002,0.0,69.615234375,83.07644002400048,1.546967476606369,,,,,,
1.5B,dvao,0,50,0.0875,1.7598537918180228,0.07958984375,1.829432725906372,0.0,73.1767578125,88.51663084400025,2.6265342980623245,,,,,,
1.5B,dvao,0,51,,,0.09521484375,1.797845482826233,0.0,68.0,83.96186583100098,86.82513186335564,,,,,,
1.5B,dvao,0,52,,,0.06787109375,1.8300520181655884,0.0,67.0009765625,75.08136603399907,1.40426304936409,,,,,,
1.5B,dvao,0,53,,,0.06787109375,1.8306833505630493,0.0,70.20361328125,79.6030673180012,2.035333514213562,,,,,,
1.5B,dvao,0,54,,,0.0859375,1.8483189344406128,0.0,67.7822265625,83.32890298600068,1.7763056457042694,,,,,,
1.5B,dvao,0,55,,,0.1201171875,1.7632588148117065,0.0,73.19775390625,85.62570060500002,16.11027678847313,,,,,,
1.5B,dvao,0,56,,,0.21240234375,1.674478530883789,0.0,82.2880859375,86.68503245200009,45.20697844028473,,,,,,
1.5B,dvao,0,57,,,0.24951171875,1.6858766078948975,0.0,79.10595703125,84.25258307699914,88.2031044960022,,,,,,
1.5B,dvao,0,58,,,0.57763671875,1.6132564544677734,0.0,87.58349609375,84.08443602599982,41.959397077560425,,,,,,
1.5B,dvao,0,59,,,0.64697265625,1.8062527179718018,0.0,88.9697265625,85.0813297299992,43.59065693616867,,,,,,
1.5B,dvao,0,60,0.975,1.6994371253997087,0.828125,1.6792893409729004,0.0,94.95849609375,95.404569119999,31.37965625524521,,,,,,
1.5B,dvao,0,61,,,0.89990234375,1.73137629032135,0.0,97.2138671875,86.31554159799998,41.58275818824768,,,,,,
1.5B,dvao,0,62,,,0.904296875,1.6267156600952148,0.0,98.654296875,88.02227536200007,74.55301916599274,,,,,,
1.5B,dvao,0,63,,,0.9248046875,1.8262474536895752,0.0,93.68701171875,82.5664578699998,92.19353276491165,,,,,,
1.5B,dvao,0,64,,,0.9033203125,1.722403883934021,0.0,98.06982421875,82.20052680200024,2.6056479811668396,,,,,,
1.5B,dvao,0,65,,,0.93408203125,1.893564224243164,0.0,94.18994140625,81.92385412399926,6053.490411132574,,,,,,
1.5B,dvao,0,66,,,0.9423828125,1.7711384296417236,0.0,91.36279296875,84.70906519299933,40.3410729765892,,,,,,
1.5B,dvao,0,67,,,0.9169921875,1.7931052446365356,0.0,92.8046875,85.74070369899891,107.57586824893951,,,,,,
1.5B,dvao,0,68,,,0.9443359375,1.7539926767349243,0.0,91.45849609375,87.90895359699971,21.88100105524063,,,,,,
1.5B,dvao,0,69,,,0.9375,1.7919845581054688,0.0,89.07568359375,78.34591395799907,18.56779173016548,,,,,,
1.5B,dvao,0,70,0.975,1.7342585552483798,0.93310546875,1.8895683288574219,0.0,90.05224609375,89.87630438500128,142.61383512616158,,,,,,
1.5B,dvao,0,71,,,0.93701171875,1.8448430299758911,0.0,93.84814453125,86.91569506399901,696.5488628149033,,,,,,
1.5B,dvao,0,72,,,0.9267578125,1.8146302700042725,0.0,90.8017578125,85.87542379800107,47.35123872756958,,,,,,
1.5B,dvao,0,73,,,0.94140625,1.840221881866455,0.0,86.923828125,85.44031303800148,2970.7373483479023,,,,,,
1.5B,dvao,0,74,,,0.91943359375,1.7427184581756592,0.0,92.46533203125,87.3388961640012,72.9826842546463,,,,,,
1.5B,dvao,0,75,,,0.92724609375,1.825919508934021,0.0,88.1669921875,80.93468229899918,480.27267277240753,,,,,,
1.5B,dvao,0,76,,,0.9580078125,1.8783522844314575,0.0,91.767578125,80.41272409200064,54.83372324705124,,,,,,
1.5B,dvao,0,77,,,0.94677734375,1.8982272148132324,0.0,90.1669921875,81.93659629099966,268.4087565243244,,,,,,
1.5B,dvao,0,78,,,0.9599609375,1.9286365509033203,0.0,88.32470703125,80.89187302800019,30.997529178857803,,,,,,
1.5B,dvao,0,79,,,0.9404296875,1.9130432605743408,0.0,92.84619140625,83.01636962900011,33.94521477818489,,,,,,
1.5B,dvao,0,80,0.975,1.7910236645489932,0.9443359375,1.8588542938232422,0.0,90.7109375,87.73510840400013,6.114491820335388,,,,,,
1.5B,dvao,0,81,,,0.9365234375,1.7690033912658691,0.0,89.78857421875,81.85376457600069,81.45688688755035,,,,,,
1.5B,dvao,0,82,,,0.92529296875,1.8750081062316895,0.0,88.83056640625,80.45149105199926,49.75036531686783,,,,,,
1.5B,dvao,0,83,,,0.94873046875,1.7701053619384766,0.0,86.21875,87.01279463100036,154.66896525025368,,,,,,
1.5B,dvao,0,84,,,0.94580078125,1.8554918766021729,0.0,88.02978515625,78.94560842499959,13.96994662284851,,,,,,
1.5B,dvao,0,85,,,0.94970703125,1.8445799350738525,0.0,84.4375,84.83262056700005,1.6217979192733765,,,,,,
1.5B,dvao,0,86,,,0.95263671875,1.910928726196289,0.0,90.9716796875,82.7844225989993,26.666545182466507,,,,,,
1.5B,dvao,0,87,,,0.95849609375,1.8792665004730225,0.0,87.93017578125,80.85679767399961,1.686438798904419,,,,,,
1.5B,dvao,0,88,,,0.939453125,1.840630054473877,0.0,85.1669921875,77.87559131400121,1.7378280460834503,,,,,,
1.5B,dvao,0,89,,,0.9345703125,1.837367296218872,0.0,88.521484375,81.12175957599902,1.8132017850875854,,,,,,
1.5B,dvao,0,90,0.975,1.7388602036982774,0.9453125,1.8261717557907104,0.0,88.60498046875,86.21599226199942,1.5800462663173676,,,,,,
1.5B,dvao,0,91,,,0.95556640625,1.8917133808135986,0.0,89.3271484375,78.19130104500073,1.6785793602466583,,,,,,
1.5B,dvao,0,92,,,0.94775390625,1.8244688510894775,0.0,88.05615234375,79.55616467900109,149.55512669682503,,,,,,
1.5B,dvao,0,93,,,0.951171875,1.8991730213165283,0.0,95.0107421875,87.60821248499997,98.52538305521011,,,,,,
1.5B,dvao,0,94,,,0.9482421875,1.903193473815918,0.0,90.1181640625,85.22183512799893,170.44616943597794,,,,,,
1.5B,dvao,0,95,,,0.95068359375,1.8555043935775757,0.0,90.3203125,88.08116468200024,32.48201450705528,,,,,,
1.5B,dvao,0,96,,,0.96533203125,1.915061116218567,0.0,92.97509765625,82.70731857099963,87.6656545996666,,,,,,
1.5B,dvao,0,97,,,0.95654296875,1.9399563074111938,0.0,92.4169921875,80.44635896299951,1.525735855102539,,,,,,
1.5B,dvao,0,98,,,0.94287109375,1.7822983264923096,0.0,92.53466796875,89.20314619400233,1.5834754705429077,,,,,,
1.5B,dvao,0,99,,,0.939453125,1.8891764879226685,0.0,91.5361328125,84.5091392510003,33.87097132205963,,,,,,
1.5B,dvao,0,100,0.975,1.7866108905524016,0.95263671875,1.837024450302124,0.0,91.05224609375,111.97878432899961,15.018098324537277,,,,,,
1.5B,dvao,1,0,0.025,-2.54375,,,,,,,,,,,,
1.5B,dvao,1,1,,,0.001953125,-2.450601100921631,0.0,120.4599609375,94.77669873001287,17.346724271774292,,,,,,
1.5B,dvao,1,2,,,0.0107421875,-2.4840216636657715,0.0,125.53466796875,94.07674614497228,67.33087933063507,,,,,,
1.5B,dvao,1,3,,,0.00927734375,-2.2270336151123047,0.0,112.52880859375,91.25412777700694,2.209641933441162,,,,,,
1.5B,dvao,1,4,,,0.00634765625,-1.3085273504257202,0.0,94.373046875,87.81535237695789,54.530349016189575,,,,,,
1.5B,dvao,1,5,,,0.0078125,-0.4100978970527649,0.0,87.80908203125,85.76536439004121,46.18027013540268,,,,,,
1.5B,dvao,1,6,,,0.005859375,0.30223941802978516,0.0,92.57421875,87.99990104796598,69.865857899189,,,,,,
1.5B,dvao,1,7,,,0.0078125,0.5800913572311401,0.0,94.7431640625,86.61927833902882,25.244760513305664,,,,,,
1.5B,dvao,1,8,,,0.00537109375,0.9729516506195068,0.0,87.35791015625,87.40821618796326,20.89912587404251,,,,,,
1.5B,dvao,1,9,,,0.0048828125,1.056160569190979,0.0,91.9287109375,86.28850841196254,93.75581765174866,,,,,,
1.5B,dvao,1,10,0.025,1.436006076261401,0.00732421875,1.1793607473373413,0.0,81.84521484375,100.64709483797196,2.3091334104537964,,,,,,
1.5B,dvao,1,11,,,0.00341796875,1.271398663520813,0.0,77.15625,82.66498060699087,23.595022797584534,,,,,,
1.5B,dvao,1,12,,,0.00732421875,1.3526338338851929,0.0,85.45361328125,84.49182868096977,15.857977271080017,,,,,,
1.5B,dvao,1,13,,,0.00439453125,1.2974958419799805,0.0,91.26123046875,86.37798455095617,7.778242826461792,,,,,,
1.5B,dvao,1,14,,,0.00732421875,1.3778935670852661,0.0,90.04736328125,89.09891447803238,2.314872145652771,,,,,,
1.5B,dvao,1,15,,,0.00830078125,1.4986242055892944,0.0,81.0517578125,85.40966041898355,2.229022592306137,,,,,,
1.5B,dvao,1,16,,,0.00537109375,1.4426275491714478,0.0,78.84033203125,85.68933832802577,1.9947778582572937,,,,,,
1.5B,dvao,1,17,,,0.00927734375,1.5859726667404175,0.0,74.9912109375,84.16463810903952,6.556991428136826,,,,,,
1.5B,dvao,1,18,,,0.00927734375,1.4540998935699463,0.0,86.95703125,87.04186577699147,3.686359465122223,,,,,,
1.5B,dvao,1,19,,,0.0166015625,1.543609380722046,0.0,79.65576171875,84.71168042602949,6.366246938705444,,,,,,
1.5B,dvao,1,20,0.0375,1.6717447137460113,0.01220703125,1.6430140733718872,0.0,78.14794921875,90.26658928598044,13.93765503168106,,,,,,
1.5B,dvao,1,21,,,0.01220703125,1.5452461242675781,0.0,76.90625,83.55400849197758,2.1692115664482117,,,,,,
1.5B,dvao,1,22,,,0.0107421875,1.6355775594711304,0.0,78.201171875,84.76904042303795,607.9156235456467,,,,,,
1.5B,dvao,1,23,,,0.01025390625,1.686722993850708,0.0,80.12451171875,86.08415389701258,86.36168920993805,,,,,,
1.5B,dvao,1,24,,,0.01513671875,1.619196891784668,0.0,73.82763671875,83.4382630350301,37.13414868712425,,,,,,
1.5B,dvao,1,25,,,0.00927734375,1.7222774028778076,0.0,74.66943359375,83.88173215498682,25.989771366119385,,,,,,
1.5B,dvao,1,26,,,0.0185546875,1.7486134767532349,0.0,75.01513671875,83.82744804100366,9.54951223731041,,,,,,
1.5B,dvao,1,27,,,0.02587890625,1.6403225660324097,0.0,76.89697265625,83.95950201101368,8.93290027976036,,,,,,
1.5B,dvao,1,28,,,0.0205078125,1.5433247089385986,0.0,77.64208984375,85.60992071998771,2.1803773641586304,,,,,,
1.5B,dvao,1,29,,,0.013671875,1.7822293043136597,0.0,71.78662109375,83.31442251504632,2.3796805143356323,,,,,,
1.5B,dvao,1,30,0.0375,1.769386762008071,0.02099609375,1.6757785081863403,0.0,77.02197265625,88.7708809330361,1.8581035435199738,,,,,,
1.5B,dvao,1,31,,,0.01953125,1.6874140501022339,0.0,68.23193359375,81.05455397302285,29.957520604133606,,,,,,
1.5B,dvao,1,32,,,0.0302734375,1.703009843826294,0.0,70.09423828125,81.53408450202551,20.875937908887863,,,,,,
1.5B,dvao,1,33,,,0.02099609375,1.7423241138458252,0.0,76.52734375,84.10479100298835,2.7193618714809418,,,,,,
1.5B,dvao,1,34,,,0.025390625,1.698337197303772,0.0,76.68896484375,84.77300724800443,5.5717145800590515,,,,,,
1.5B,dvao,1,35,,,0.02978515625,1.7396783828735352,0.0,77.865234375,84.79563882702496,174.44294321537018,,,,,,
1.5B,dvao,1,36,,,0.025390625,1.7737802267074585,0.0,71.8525390625,84.9493991700001,30.79615530371666,,,,,,
1.5B,dvao,1,37,,,0.029296875,1.6270501613616943,0.0,75.8740234375,77.45594604202779,21.68290787935257,,,,,,
1.5B,dvao,1,38,,,0.0302734375,1.8802071809768677,0.0,76.693359375,87.24035593500594,47.264172315597534,,,,,,
1.5B,dvao,1,39,,,0.0341796875,1.589143991470337,0.0,76.56787109375,80.70433763001347,1.903168112039566,,,,,,
1.5B,dvao,1,40,0.05,1.7638391844928265,0.02197265625,1.8082960844039917,0.0,75.12548828125,88.37103258998832,1.733568787574768,,,,,,
1.5B,dvao,1,41,,,0.03759765625,1.849878191947937,0.0,71.36181640625,81.31204437901033,41.05912321805954,,,,,,
1.5B,dvao,1,42,,,0.0439453125,1.7291408777236938,0.0,79.8798828125,86.34071929601487,24.897469639778137,,,,,,
1.5B,dvao,1,43,,,0.025390625,1.7420096397399902,0.0,82.83056640625,83.66213355399668,11.322963416576385,,,,,,
1.5B,dvao,1,44,,,0.06201171875,1.7359251976013184,0.0,84.0185546875,82.3605486159795,4.363459497690201,,,,,,
1.5B,dvao,1,45,,,0.04736328125,1.7647299766540527,0.0,80.06591796875,85.94185716396896,2.1499699354171753,,,,,,
1.5B,dvao,1,46,,,0.05859375,1.8315411806106567,0.0,80.97509765625,85.33366884599673,6.305278033018112,,,,,,
1.5B,dvao,1,47,,,0.0478515625,1.7797967195510864,0.0,84.45654296875,80.98619305400643,46.8682656288147,,,,,,
1.5B,dvao,1,48,,,0.046875,1.7932853698730469,0.0,86.8818359375,83.377854869992,70.09039288759232,,,,,,
1.5B,dvao,1,49,,,0.06005859375,1.7835556268692017,0.0,92.62841796875,84.21462072903523,54.75617504119873,,,,,,
1.5B,dvao,1,50,0.075,1.7931042931973935,0.06689453125,1.8259693384170532,0.0,93.54296875,92.44003226497443,69.01846575737,,,,,,
1.5B,dvao,1,51,,,0.06884765625,1.7897522449493408,0.0,94.50048828125,78.50030032900395,52.69679892063141,,,,,,
1.5B,dvao,1,52,,,0.07763671875,1.8276073932647705,0.0,95.01171875,86.3919398500002,51.20047187805176,,,,,,
1.5B,dvao,1,53,,,0.07373046875,1.7369210720062256,0.0,88.8232421875,82.31656040000962,29.721519708633423,,,,,,
1.5B,dvao,1,54,,,0.0732421875,1.7066116333007812,0.0,95.05224609375,86.48167115403339,49.00847291946411,,,,,,
1.5B,dvao,1,55,,,0.08837890625,1.8077764511108398,0.0,87.74609375,86.2066625150037,17.163545668125153,,,,,,
1.5B,dvao,1,56,,,0.06103515625,1.822784662246704,0.0,92.22802734375,85.20183794002514,49.40197443962097,,,,,,
1.5B,dvao,1,57,,,0.09814453125,1.6842646598815918,0.0,91.29443359375,85.71390410501044,46.130722761154175,,,,,,
1.5B,dvao,1,58,,,0.07421875,1.8181532621383667,0.0,99.8701171875,82.59164741798304,41.778419971466064,,,,,,
1.5B,dvao,1,59,,,0.107421875,1.8581326007843018,0.0,90.99755859375,80.24732447700808,48.17469310760498,,,,,,
1.5B,dvao,1,60,0.0875,1.8084889076650144,0.0703125,1.835371971130371,0.0,99.380859375,86.5876092420076,83.045250415802,,,,,,
1.5B,dvao,1,61,,,0.0634765625,1.8050206899642944,0.0,100.22705078125,86.136436167988,58.174933433532715,,,,,,
1.5B,dvao,1,62,,,0.08447265625,1.7992630004882812,0.0,120.58935546875,85.14735253201798,99.31225967407227,,,,,,
1.5B,dvao,1,63,,,0.09716796875,1.6457003355026245,0.0,115.5693359375,86.78145081701223,67.45471096038818,,,,,,
1.5B,dvao,1,64,,,0.10009765625,1.7198432683944702,0.0,121.56298828125,88.9786279250402,238.97301197052002,,,,,,
1.5B,dvao,1,65,,,0.0830078125,1.6733627319335938,0.0,117.7607421875,89.45076411595801,35.821736335754395,,,,,,
1.5B,dvao,1,66,,,0.095703125,1.9075896739959717,0.0,96.52783203125,78.84923397598322,86.59956309199333,,,,,,
1.5B,dvao,1,67,,,0.076171875,1.868149995803833,0.0,96.3701171875,80.77740674599772,73.75117632746696,,,,,,
1.5B,dvao,1,68,,,0.07861328125,1.8907779455184937,0.0,92.14404296875,85.01863986102398,33.03954803943634,,,,,,
1.5B,dvao,1,69,,,0.07763671875,1.6448770761489868,0.0,93.27587890625,86.19285901502008,36.897653102874756,,,,,,
1.5B,dvao,1,70,0.0875,1.8126555744558572,0.06884765625,1.855725884437561,0.0,84.80419921875,90.08696194400545,31.130612403154373,,,,,,
1.5B,dvao,1,71,,,0.08642578125,1.803705096244812,0.0,83.26513671875,83.56226188299479,32.613617062568665,,,,,,
1.5B,dvao,1,72,,,0.06298828125,1.9152425527572632,0.0,79.55615234375,79.97156992502278,59.88049364089966,,,,,,
1.5B,dvao,1,73,,,0.06884765625,1.7938101291656494,0.0,78.28662109375,85.47612038895022,11.315064638853073,,,,,,
1.5B,dvao,1,74,,,0.09912109375,1.750671148300171,0.0,87.34375,86.58182270399993,39.13811546564102,,,,,,
1.5B,dvao,1,75,,,0.08740234375,1.7137199640274048,0.0,82.9033203125,83.59303731599357,69.33084517717361,,,,,,
1.5B,dvao,1,76,,,0.0732421875,1.838260531425476,0.0,83.05419921875,83.64652573602507,23.094264209270477,,,,,,
1.5B,dvao,1,77,,,0.09912109375,1.883666753768921,0.0,76.94091796875,82.75795878603822,19.79003757238388,,,,,,
1.5B,dvao,1,78,,,0.08740234375,1.8740310668945312,0.0,80.60546875,85.1979623590014,44.61242464184761,,,,,,
1.5B,dvao,1,79,,,0.09326171875,1.8276792764663696,0.0,77.39208984375,82.01598834403558,18.226928859949112,,,,,,
1.5B,dvao,1,80,0.1,1.813985700905323,0.0966796875,1.7340199947357178,0.0,78.7080078125,92.67922494496452,29.23994541168213,,,,,,
1.5B,dvao,1,81,,,0.083984375,1.886399745941162,0.0,75.3955078125,81.7413632759708,16.068837523460388,,,,,,
1.5B,dvao,1,82,,,0.08642578125,1.800639033317566,0.0,78.36376953125,81.16368398402119,95.24151468276978,,,,,,
1.5B,dvao,1,83,,,0.10009765625,1.679505705833435,0.0,85.1416015625,86.89993877499364,38.971076399087906,,,,,,
1.5B,dvao,1,84,,,0.0888671875,1.8253674507141113,0.0,80.5791015625,85.2786196389934,18.875064849853516,,,,,,
1.5B,dvao,1,85,,,0.10107421875,1.7767791748046875,0.0,84.2548828125,84.62062573002186,20.963357776403427,,,,,,
1.5B,dvao,1,86,,,0.08544921875,1.798612356185913,0.0,84.45458984375,84.41898974496871,24.661841869354248,,,,,,
1.5B,dvao,1,87,,,0.0791015625,1.7708467245101929,0.0,75.50390625,83.26941550703486,11.503601670265198,,,,,,
1.5B,dvao,1,88,,,0.09814453125,1.8693037033081055,0.0,83.7333984375,85.39869040000485,9.915398240089417,,,,,,
1.5B,dvao,1,89,,,0.09912109375,1.8423415422439575,0.0,81.0576171875,85.33056248404318,21.399957180023193,,,,,,
1.5B,dvao,1,90,0.1,1.8014376267790795,0.09912109375,1.7419240474700928,0.0,79.859375,89.33957332698628,6.589426785707474,,,,,,
1.5B,dvao,1,91,,,0.0966796875,1.8481870889663696,0.0,81.6064453125,83.24327831697883,29.030345737934113,,,,,,
1.5B,dvao,1,92,,,0.10498046875,1.952710509300232,0.0,77.2333984375,79.97798766300548,3.4368207454681396,,,,,,
1.5B,dvao,1,93,,,0.1142578125,1.8145630359649658,0.0,86.99609375,86.83007467299467,7.6777976751327515,,,,,,
1.5B,dvao,1,94,,,0.10546875,1.8700664043426514,0.0,87.556640625,84.57239127904177,36.29673409461975,,,,,,
1.5B,dvao,1,95,,,0.10546875,1.8032288551330566,0.0,89.16845703125,84.64753011299763,1.9199091792106628,,,,,,
1.5B,dvao,1,96,,,0.11865234375,1.767696738243103,0.0,102.951171875,88.43988511501811,18.021315217018127,,,,,,
1.5B,dvao,1,97,,,0.09765625,1.8588807582855225,0.0,83.451171875,81.10618143202737,12.336296916007996,,,,,,
1.5B,dvao,1,98,,,0.09521484375,1.8358755111694336,0.0,89.99951171875,85.77304154401645,12.654038161039352,,,,,,
1.5B,dvao,1,99,,,0.111328125,1.7940540313720703,0.0,95.9609375,87.19831539498409,62.952128410339355,,,,,,
1.5B,dvao,1,100,0.1125,1.8159087792038917,0.11328125,1.9118800163269043,0.0,82.9716796875,101.2875069269794,24.580209493637085,,,,,,
1.5B,dvao,2,0,0.025,-2.54375,,,,,,,,,,,,
1.5B,dvao,2,1,,,0.0048828125,-2.440371036529541,0.0,123.24072265625,92.81421136799997,20.96001747250557,,,,,,
1.5B,dvao,2,2,,,0.00537109375,-2.410172462463379,0.0,115.240234375,89.69023994699995,1.850623995065689,,,,,,
1.5B,dvao,2,3,,,0.0068359375,-2.1871449947357178,0.0,114.5625,88.94380199600005,2.9152588844299316,,,,,,
1.5B,dvao,2,4,,,0.01123046875,-1.332801103591919,0.0,98.533203125,84.98612896400005,49.94314104318619,,,,,,
1.5B,dvao,2,5,,,0.0107421875,-0.35583797097206116,0.0,98.64599609375,86.60970446700003,75.215411901474,,,,,,
1.5B,dvao,2,6,,,0.01025390625,0.39453911781311035,0.0,98.28662109375,84.68292300899998,94.44881337881088,,,,,,
1.5B,dvao,2,7,,,0.00439453125,0.6360921859741211,0.0,88.9599609375,83.03159875999995,10.315171420574188,,,,,,
1.5B,dvao,2,8,,,0.00439453125,1.0064091682434082,0.0,79.9931640625,83.0241170679999,43.84894561767578,,,,,,
1.5B,dvao,2,9,,,0.00537109375,1.1315475702285767,0.0,87.44580078125,82.63494436699989,2.4472501277923584,,,,,,
1.5B,dvao,2,10,0.025,1.4820775043219327,0.00341796875,1.2767219543457031,0.0,90.6953125,97.69120620900003,96.76108378171921,,,,,,
1.5B,dvao,2,11,,,0.00634765625,1.2611817121505737,0.0,84.24560546875,83.85227984599987,38.4691144824028,,,,,,
1.5B,dvao,2,12,,,0.00830078125,1.3084567785263062,0.0,80.658203125,81.9051839230001,2.344543069601059,,,,,,
1.5B,dvao,2,13,,,0.0087890625,1.45618736743927,0.0,72.35986328125,81.06367768600012,2.47639536857605,,,,,,
1.5B,dvao,2,14,,,0.0078125,1.4769091606140137,0.0,85.4404296875,81.53277214699983,2.091514766216278,,,,,,
1.5B,dvao,2,15,,,0.0048828125,1.4662675857543945,0.0,79.96826171875,80.70407844299984,4.546646416187286,,,,,,
1.5B,dvao,2,16,,,0.0146484375,1.4624507427215576,0.0,79.6572265625,82.68801256500001,1.987478643655777,,,,,,
1.5B,dvao,2,17,,,0.015625,1.5113366842269897,0.0,73.662109375,80.66036677300008,1.9529356956481934,,,,,,
1.5B,dvao,2,18,,,0.0146484375,1.4618401527404785,0.0,77.2021484375,83.92646098299997,4.7860123217105865,,,,,,
1.5B,dvao,2,19,,,0.0126953125,1.5386393070220947,0.0,75.62646484375,80.01938775100007,1.935408502817154,,,,,,
1.5B,dvao,2,20,0.0375,1.7185956746339799,0.013671875,1.6527760028839111,0.0,71.0302734375,87.95568339200008,2.217775821685791,,,,,,
1.5B,dvao,2,21,,,0.01123046875,1.6480002403259277,0.0,80.291015625,81.97090526200009,2.2085201740264893,,,,,,
1.5B,dvao,2,22,,,0.021484375,1.5676225423812866,0.0,78.7802734375,83.99520932899986,57.98152846097946,,,,,,
1.5B,dvao,2,23,,,0.0087890625,1.6398708820343018,0.0,70.39453125,80.22066377299961,2.5279242396354675,,,,,,
1.5B,dvao,2,24,,,0.01513671875,1.7019736766815186,0.0,80.6650390625,81.60285655300004,1.8333132863044739,,,,,,
1.5B,dvao,2,25,,,0.01953125,1.6328246593475342,0.0,75.4931640625,83.44617880799979,31.629445433616638,,,,,,
1.5B,dvao,2,26,,,0.01953125,1.7489579916000366,0.0,74.51708984375,80.51653981899972,5.372683107852936,,,,,,
1.5B,dvao,2,27,,,0.0341796875,1.7467975616455078,0.0,71.07763671875,78.86005602600017,96.65908175706863,,,,,,
1.5B,dvao,2,28,,,0.029296875,1.7757539749145508,0.0,71.7353515625,76.03037167399998,1.8752074539661407,,,,,,
1.5B,dvao,2,29,,,0.017578125,1.7954249382019043,0.0,77.693359375,84.07013113599987,105.00438895821571,,,,,,
1.5B,dvao,2,30,0.0625,1.7129706770181656,0.025390625,1.6550790071487427,0.0,77.18505859375,87.83872546400016,29.677602499723434,,,,,,
1.5B,dvao,2,31,,,0.0322265625,1.6799496412277222,0.0,73.5947265625,83.16412882400027,2.1736883223056793,,,,,,
1.5B,dvao,2,32,,,0.02734375,1.7989020347595215,0.0,69.89990234375,76.86047894100011,52.30114582180977,,,,,,
1.5B,dvao,2,33,,,0.02880859375,1.6593929529190063,0.0,76.67578125,75.22512165200033,47.529358476400375,,,,,,
1.5B,dvao,2,34,,,0.0341796875,1.7932250499725342,0.0,72.498046875,79.26326011299989,1.9501088857650757,,,,,,
1.5B,dvao,2,35,,,0.03759765625,1.7031826972961426,0.0,76.8447265625,81.82053256200015,8.840823501348495,,,,,,
1.5B,dvao,2,36,,,0.04150390625,1.7445951700210571,0.0,79.76513671875,82.56004927699996,1.6439075767993927,,,,,,
1.5B,dvao,2,37,,,0.0341796875,1.8415148258209229,0.0,72.21435546875,80.27044960700005,1.8870295882225037,,,,,,
1.5B,dvao,2,38,,,0.05712890625,1.6188063621520996,0.0,79.41552734375,82.221285566,59.707619935274124,,,,,,
1.5B,dvao,2,39,,,0.033203125,1.7859152555465698,0.0,78.2353515625,80.5954966989998,1.5504551827907562,,,,,,
1.5B,dvao,2,40,0.0875,1.7539105705916882,0.05615234375,1.7578874826431274,0.0,72.435546875,90.26057241800027,2.0086987018585205,,,,,,
1.5B,dvao,2,41,,,0.05078125,1.8026537895202637,0.0,75.998046875,81.01856602299995,1.8425159752368927,,,,,,
1.5B,dvao,2,42,,,0.05029296875,1.748950719833374,0.0,77.00830078125,81.2860163549999,95.37668460607529,,,,,,
1.5B,dvao,2,43,,,0.0458984375,1.77445650100708,0.0,74.85498046875,80.60762866000005,33.42356416583061,,,,,,
1.5B,dvao,2,44,,,0.0791015625,1.8515363931655884,0.0,71.33642578125,79.53771568600041,15.745867103338242,,,,,,
1.5B,dvao,2,45,,,0.07861328125,1.8463029861450195,0.0,75.67724609375,79.53030299500051,19.420004189014435,,,,,,
1.5B,dvao,2,46,,,0.07763671875,1.781773567199707,0.0,79.578125,82.53493773900027,54.2453947365284,,,,,,
1.5B,dvao,2,47,,,0.056640625,1.9057165384292603,0.0,75.07470703125,81.51428128499992,14.012563556432724,,,,,,
1.5B,dvao,2,48,,,0.0615234375,1.8243387937545776,0.0,83.41162109375,84.44825060899984,16.602536410093307,,,,,,
1.5B,dvao,2,49,,,0.103515625,1.6880309581756592,0.0,78.20361328125,85.36847512999975,1.4497912228107452,,,,,,
1.5B,dvao,2,50,0.0875,1.7748927135020494,0.0625,1.8782833814620972,0.0,77.7626953125,85.68540818499969,5.678447633981705,,,,,,
1.5B,dvao,2,51,,,0.060546875,1.7341535091400146,0.0,76.3720703125,80.420256677,170.3446795642376,,,,,,
1.5B,dvao,2,52,,,0.07568359375,1.8732086420059204,0.0,72.080078125,82.31491836199984,1.8864924311637878,,,,,,
1.5B,dvao,2,53,,,0.05810546875,1.7903752326965332,0.0,80.35693359375,83.0421529109999,27.527703568339348,,,,,,
1.5B,dvao,2,54,,,0.10302734375,1.790258526802063,0.0,76.5595703125,77.44727219000015,1.4399990439414978,,,,,,
1.5B,dvao,2,55,,,0.08056640625,1.8164888620376587,0.0,77.4697265625,83.32362508200004,1.5218276679515839,,,,,,
1.5B,dvao,2,56,,,0.06494140625,1.8573883771896362,0.0,74.85205078125,81.59376400099973,1.3984430730342865,,,,,,
1.5B,dvao,2,57,,,0.0712890625,1.8152316808700562,0.0,71.6318359375,77.96603225400031,12.107370138168335,,,,,,
1.5B,dvao,2,58,,,0.08349609375,1.9092453718185425,0.0,72.42431640625,75.67250246499952,1.434003323316574,,,,,,
1.5B,dvao,2,59,,,0.07080078125,1.8132132291793823,0.0,78.85498046875,85.20914748599989,1.9003216922283173,,,,,,
1.5B,dvao,2,60,0.0875,1.7963808074593544,0.1005859375,1.8190655708312988,0.0,79.607421875,87.75674335300027,6.132440358400345,,,,,,
1.5B,dvao,2,61,,,0.06982421875,1.8565897941589355,0.0,76.48046875,80.69201491399963,207.56061765551567,,,,,,
1.5B,dvao,2,62,,,0.07470703125,1.8211681842803955,0.0,83.0625,84.94449247500052,1.789214164018631,,,,,,
1.5B,dvao,2,63,,,0.05810546875,1.9747765064239502,0.0,66.4169921875,78.43645405699954,1.49235138297081,,,,,,
1.5B,dvao,2,64,,,0.0625,1.7714194059371948,0.0,74.29833984375,76.32433182300065,1.389835648238659,,,,,,
1.5B,dvao,2,65,,,0.07763671875,1.9314485788345337,0.0,74.5908203125,77.05793594100032,10.579404324293137,,,,,,
1.5B,dvao,2,66,,,0.0830078125,1.8950963020324707,0.0,81.08935546875,82.30755586599935,5.280303239822388,,,,,,
1.5B,dvao,2,67,,,0.056640625,1.885829210281372,0.0,77.71484375,81.6228954090002,87.63191160559654,,,,,,
1.5B,dvao,2,68,,,0.1015625,1.872615933418274,0.0,75.03515625,81.59460471700004,1.9675844311714172,,,,,,
1.5B,dvao,2,69,,,0.0869140625,1.7994946241378784,0.0,72.88232421875,80.36102193899933,15.755837738513947,,,,,,
1.5B,dvao,2,70,0.0875,1.8031115755438805,0.07421875,1.9624121189117432,0.0,75.3037109375,87.29099364499962,7.977679938077927,,,,,,
1.5B,dvao,2,71,,,0.08056640625,1.832856297492981,0.0,77.443359375,79.81179640699975,33.43759924173355,,,,,,
1.5B,dvao,2,72,,,0.0849609375,1.939901351928711,0.0,79.93310546875,82.92092940200018,1.4286509156227112,,,,,,
1.5B,dvao,2,73,,,0.083984375,1.8704931735992432,0.0,79.17724609375,79.47296225099944,1.3573718667030334,,,,,,
1.5B,dvao,2,74,,,0.04833984375,1.9344877004623413,0.0,72.8056640625,79.56922049200057,10.685683161020279,,,,,,
1.5B,dvao,2,75,,,0.064453125,1.8737155199050903,0.0,73.15380859375,75.46708042299997,2.979491263628006,,,,,,
1.5B,dvao,2,76,,,0.080078125,1.9072821140289307,0.0,73.69091796875,81.61564815300062,9.834493964910507,,,,,,
1.5B,dvao,2,77,,,0.09912109375,1.8446006774902344,0.0,79.904296875,83.41456339500019,29.888267248868942,,,,,,
1.5B,dvao,2,78,,,0.0908203125,1.8697654008865356,0.0,75.146484375,77.32659763500033,15.352840632200241,,,,,,
1.5B,dvao,2,79,,,0.09130859375,1.92826509475708,0.0,80.1064453125,81.92199308199997,4.625801771879196,,,,,,
1.5B,dvao,2,80,0.0875,1.7806115746498108,0.0654296875,1.9469244480133057,0.0,77.3388671875,83.86757618799948,18.601980090141296,,,,,,
1.5B,dvao,2,81,,,0.087890625,1.836460828781128,0.0,80.19384765625,77.18686324099963,4.926024407148361,,,,,,
1.5B,dvao,2,82,,,0.06005859375,1.8918296098709106,0.0,70.9453125,74.82012697699975,1.388283297419548,,,,,,
1.5B,dvao,2,83,,,0.1005859375,1.9377036094665527,0.0,76.658203125,83.44958682000015,2.839278221130371,,,,,,
1.5B,dvao,2,84,,,0.07470703125,1.909092903137207,0.0,74.0849609375,73.05037610999989,9.940717577934265,,,,,,
1.5B,dvao,2,85,,,0.0791015625,2.0512678623199463,0.0,71.75048828125,72.8121745060007,1.1716454476118088,,,,,,
1.5B,dvao,2,86,,,0.09912109375,1.769980549812317,0.0,82.36767578125,81.94706611400034,11.78745287656784,,,,,,
1.5B,dvao,2,87,,,0.08203125,1.859254240989685,0.0,74.6044921875,80.68179653399966,89.94660565257072,,,,,,
1.5B,dvao,2,88,,,0.078125,1.9724828004837036,0.0,79.9462890625,77.55185954999979,18.534914016723633,,,,,,
1.5B,dvao,2,89,,,0.0859375,1.9066174030303955,0.0,86.5810546875,82.13416974899974,18.039660215377808,,,,,,
1.5B,dvao,2,90,0.0875,1.7906115755438805,0.0869140625,1.865053415298462,0.0,75.583984375,86.20805103200018,10.795012205839157,,,,,,
1.5B,dvao,2,91,,,0.06103515625,1.9038214683532715,0.0,74.7568359375,81.38085731800038,16.44732928276062,,,,,,
1.5B,dvao,2,92,,,0.08349609375,1.8766427040100098,0.0,75.86572265625,80.28546165700027,1.2497776299715042,,,,,,
1.5B,dvao,2,93,,,0.09326171875,1.7967220544815063,0.0,77.42529296875,80.34386936100054,21.97081086039543,,,,,,
1.5B,dvao,2,94,,,0.0498046875,1.9786239862442017,0.0,76.85009765625,78.98770523199983,10.40062591433525,,,,,,
1.5B,dvao,2,95,,,0.10595703125,1.869750738143921,0.0,72.677734375,79.62239407500056,4.564016610383987,,,,,,
1.5B,dvao,2,96,,,0.0830078125,1.9930988550186157,0.0,78.4111328125,84.80207239400079,1.419891819357872,,,,,,
1.5B,dvao,2,97,,,0.099609375,1.975186824798584,0.0,76.28564453125,80.59191340899997,46.562891751527786,,,,,,
1.5B,dvao,2,98,,,0.14599609375,1.8769166469573975,0.0,80.287109375,77.78643899599956,16.830358684062958,,,,,,
1.5B,dvao,2,99,,,0.23828125,1.888278603553772,0.0,78.6845703125,82.9091660080012,27.354475736618042,,,,,,
1.5B,dvao,2,100,0.9625,1.7554451782256364,0.392578125,1.811782956123352,0.0,85.6875,98.41495165199922,12.802621960639954,,,,,,
1.5B,gd2po_hard,0,0,0.025,-2.528125,,,,,,,,,,,,
1.5B,gd2po_hard,0,1,,,0.00634765625,-2.44360089302063,0.0,122.1689453125,105.60406135499943,79.81069684028625,,,,,,
1.5B,gd2po_hard,0,2,,,0.00634765625,-2.461885690689087,0.0,122.3037109375,100.8093151380308,5.054828584194183,,,,,,
1.5B,gd2po_hard,0,3,,,0.00732421875,-2.214667320251465,0.0,114.33837890625,95.00851111701922,5.522959113121033,,,,,,
1.5B,gd2po_hard,0,4,,,0.0078125,-1.5347312688827515,0.0,98.9375,85.13483796000946,34.55655217170715,,,,,,
1.5B,gd2po_hard,0,5,,,0.009765625,-0.5555787086486816,0.0,104.0419921875,90.40480765898246,4.58696985244751,,,,,,
1.5B,gd2po_hard,0,6,,,0.0087890625,0.2999038100242615,0.0,91.1083984375,83.79171651002252,157.3842556476593,,,,,,
1.5B,gd2po_hard,0,7,,,0.01123046875,0.5807905197143555,0.0,93.83251953125,89.72193818999222,3.492004930973053,,,,,,
1.5B,gd2po_hard,0,8,,,0.00732421875,1.0004273653030396,0.0,92.17529296875,87.7355830980232,72.91517448425293,,,,,,
1.5B,gd2po_hard,0,9,,,0.0078125,1.0594314336776733,0.0,90.50244140625,87.37615866604028,55.218335926532745,,,,,,
1.5B,gd2po_hard,0,10,0.025,1.4888185741379858,0.01171875,1.2938032150268555,0.0,80.33642578125,101.6330304829753,3.3462270498275757,,,,,,
1.5B,gd2po_hard,0,11,,,0.00439453125,1.299168586730957,0.0,83.92822265625,84.57152692502132,33.99333339929581,,,,,,
1.5B,gd2po_hard,0,12,,,0.0107421875,1.3427367210388184,0.0,85.45263671875,86.90370904200245,43.018919348716736,,,,,,
1.5B,gd2po_hard,0,13,,,0.0126953125,1.2902377843856812,0.0,85.2080078125,87.74643217102857,3.447001814842224,,,,,,
1.5B,gd2po_hard,0,14,,,0.01220703125,1.3728071451187134,0.0,83.14501953125,88.87379496300127,3.2621021270751953,,,,,,
1.5B,gd2po_hard,0,15,,,0.01611328125,1.2707850933074951,0.0,80.36083984375,86.87280831998214,167.4727486371994,,,,,,
1.5B,gd2po_hard,0,16,,,0.01025390625,1.5758521556854248,0.0,77.185546875,86.20955893100472,2.9395672082901,,,,,,
1.5B,gd2po_hard,0,17,,,0.01611328125,1.623058557510376,0.0,73.66748046875,85.20110717002535,3.302902579307556,,,,,,
1.5B,gd2po_hard,0,18,,,0.0283203125,1.455857753753662,0.0,83.3251953125,84.04142482596217,40.78256642818451,,,,,,
1.5B,gd2po_hard,0,19,,,0.02099609375,1.5879795551300049,0.0,77.66455078125,84.49663609900745,27.303691923618317,,,,,,
1.5B,gd2po_hard,0,20,0.05,1.724050221964717,0.03369140625,1.534112572669983,0.0,80.8564453125,91.92904340301175,63.45047330856323,,,,,,
1.5B,gd2po_hard,0,21,,,0.0595703125,1.6283835172653198,0.0,81.87060546875,89.23844392399769,39.38367813825607,,,,,,
1.5B,gd2po_hard,0,22,,,0.15380859375,1.5511752367019653,0.0,81.94091796875,85.51020211499417,50.907910227775574,,,,,,
1.5B,gd2po_hard,0,23,,,0.40185546875,1.318350076675415,0.0,93.60205078125,89.40163316699909,41.9427330493927,,,,,,
1.5B,gd2po_hard,0,24,,,0.654296875,1.327012538909912,0.0,101.6123046875,89.9537327089929,25.794454395771027,,,,,,
1.5B,gd2po_hard,0,25,,,0.77734375,1.3914494514465332,0.0,99.572265625,89.79375320498366,46.35569876432419,,,,,,
1.5B,gd2po_hard,0,26,,,0.81640625,1.5218753814697266,0.0,97.92578125,86.18200655200053,2.7892658710479736,,,,,,
1.5B,gd2po_hard,0,27,,,0.81787109375,1.4163061380386353,0.0,100.61376953125,92.46009919699281,2.661419093608856,,,,,,
1.5B,gd2po_hard,0,28,,,0.84716796875,1.5918710231781006,0.0,95.5654296875,86.85476410400588,3.642878293991089,,,,,,
1.5B,gd2po_hard,0,29,,,0.859375,1.586007833480835,0.0,97.7373046875,80.6524862649967,62.684712409973145,,,,,,
1.5B,gd2po_hard,0,30,0.95,1.6665177546441554,0.880859375,1.6098121404647827,0.0,97.48681640625,90.07436219399096,148.2897959947586,,,,,,
1.5B,gd2po_hard,0,31,,,0.8720703125,1.7056148052215576,0.0,94.3525390625,85.69669881701702,353.0539461374283,,,,,,
1.5B,gd2po_hard,0,32,,,0.8623046875,1.4917166233062744,0.0,97.3857421875,90.93837820197223,262.5902701020241,,,,,,
1.5B,gd2po_hard,0,33,,,0.88134765625,1.7073321342468262,0.0,93.80908203125,91.72745899000438,154.59087425470352,,,,,,
1.5B,gd2po_hard,0,34,,,0.90380859375,1.7254129648208618,0.0,96.16796875,89.80735696601914,136.59999269247055,,,,,,
1.5B,gd2po_hard,0,35,,,0.861328125,1.6802287101745605,0.0,95.830078125,86.76276995794615,16.556605756282806,,,,,,
1.5B,gd2po_hard,0,36,,,0.9169921875,1.8196406364440918,0.0,94.27685546875,82.73875767103164,3.4533876180648804,,,,,,
1.5B,gd2po_hard,0,37,,,0.87890625,1.6981900930404663,0.0,101.48291015625,90.65325368399499,98.33535379171371,,,,,,
1.5B,gd2po_hard,0,38,,,0.8701171875,1.6815519332885742,0.0,98.302734375,82.62733271799516,240.5620093345642,,,,,,
1.5B,gd2po_hard,0,39,,,0.87548828125,1.6629035472869873,0.0,97.64306640625,84.75264032802079,838.9727386236191,,,,,,
1.5B,gd2po_hard,0,40,0.95,1.7666070383042096,0.8896484375,1.6736985445022583,0.0,92.65771484375,91.10563371097669,93.041219830513,,,,,,
1.5B,gd2po_hard,0,41,,,0.908203125,1.7594157457351685,0.0,91.99267578125,81.35250878799707,253.66641157865524,,,,,,
1.5B,gd2po_hard,0,42,,,0.8994140625,1.650329828262329,0.0,96.845703125,88.98376609798288,87.71390229463577,,,,,,
1.5B,gd2po_hard,0,43,,,0.89892578125,1.8316587209701538,0.0,93.603515625,82.16196973697515,254.9421610236168,,,,,,
1.5B,gd2po_hard,0,44,,,0.8955078125,1.7236607074737549,0.0,91.62890625,81.90639663900947,100.1345945596695,,,,,,
1.5B,gd2po_hard,0,45,,,0.89990234375,1.6620309352874756,0.0,95.67333984375,85.48383292800281,142.07443469762802,,,,,,
1.5B,gd2po_hard,0,46,,,0.9091796875,1.7267284393310547,0.0,95.568359375,83.9545464629773,169.68789106607437,,,,,,
1.5B,gd2po_hard,0,47,,,0.93017578125,1.7199089527130127,0.0,97.7763671875,88.44013263599481,2942.7557430267334,,,,,,
1.5B,gd2po_hard,0,48,,,0.9033203125,1.6852788925170898,0.0,91.859375,89.27724514098372,2.9956053495407104,,,,,,
1.5B,gd2po_hard,0,49,,,0.9130859375,1.8505185842514038,0.0,92.6572265625,81.7864541989984,17738.581322342157,,,,,,
1.5B,gd2po_hard,0,50,0.975,1.788035609945655,0.93408203125,1.744813084602356,0.0,94.90380859375,95.54389101202833,75.7896857559681,,,,,,
1.5B,gd2po_hard,0,51,,,0.93212890625,1.759813666343689,0.0,92.294921875,82.79569282900775,117.35627871751785,,,,,,
1.5B,gd2po_hard,0,52,,,0.927734375,1.7529793977737427,0.0,96.18505859375,87.48015759896953,1415.1558334231377,,,,,,
1.5B,gd2po_hard,0,53,,,0.93359375,1.7785098552703857,0.0,93.49853515625,82.10489615495317,2.9322656989097595,,,,,,
1.5B,gd2po_hard,0,54,,,0.9326171875,1.8350274562835693,0.0,94.79345703125,87.62027756799944,98.90512388944626,,,,,,
1.5B,gd2po_hard,0,55,,,0.91552734375,1.7209463119506836,0.0,96.58642578125,88.14931326499209,184.6634880900383,,,,,,
1.5B,gd2po_hard,0,56,,,0.921875,1.7538074254989624,0.0,98.11474609375,84.45629355701385,126.6005010008812,,,,,,
1.5B,gd2po_hard,0,57,,,0.9404296875,1.7430680990219116,0.0,95.85595703125,85.9857630150509,98.96721422672272,,,,,,
1.5B,gd2po_hard,0,58,,,0.92529296875,1.770768404006958,0.0,94.96142578125,78.89215605700156,33.50331300497055,,,,,,
1.5B,gd2po_hard,0,59,,,0.93408203125,1.909877061843872,0.0,93.76953125,83.57102391397348,45.68676149845123,,,,,,
1.5B,gd2po_hard,0,60,0.975,1.7776189420372248,0.93017578125,1.748439908027649,0.0,94.6591796875,95.33697071298957,18.294049561023712,,,,,,
1.5B,gd2po_hard,0,61,,,0.943359375,1.8826347589492798,0.0,93.51416015625,81.31216429895721,23.67285907268524,,,,,,
1.5B,gd2po_hard,0,62,,,0.9248046875,1.72027587890625,0.0,94.26708984375,84.83646838500863,80739188.81846273,,,,,,
1.5B,gd2po_hard,0,63,,,0.94091796875,1.8493545055389404,0.0,95.33642578125,83.84154548804509,162586.76704764366,,,,,,
1.5B,gd2po_hard,0,64,,,0.91845703125,1.7699028253555298,0.0,97.2041015625,88.4750882810331,2.7558969259262085,,,,,,
1.5B,gd2po_hard,0,65,,,0.9462890625,1.9264274835586548,0.0,98.4912109375,83.34382190101314,133.83266061544418,,,,,,
1.5B,gd2po_hard,0,66,,,0.94775390625,1.7751381397247314,0.0,93.185546875,86.09644267201656,3.1325721740722656,,,,,,
1.5B,gd2po_hard,0,67,,,0.92431640625,1.7993940114974976,0.0,95.83056640625,82.98375603795284,111.21273827552795,,,,,,
1.5B,gd2po_hard,0,68,,,0.94677734375,1.7697598934173584,0.0,97.36669921875,82.67710653803078,116.79707539081573,,,,,,
1.5B,gd2po_hard,0,69,,,0.939453125,1.791222333908081,0.0,91.751953125,80.55570114101283,1167.6133615970612,,,,,,
1.5B,gd2po_hard,0,70,0.975,1.8001189429312945,0.93212890625,1.8826732635498047,0.0,92.732421875,92.36682431999361,452.7699853181839,,,,,,
1.5B,gd2po_hard,0,71,,,0.9375,1.830561876296997,0.0,95.6865234375,80.2820480230148,316.65570241212845,,,,,,
1.5B,gd2po_hard,0,72,,,0.923828125,1.7892255783081055,0.0,95.92041015625,87.35901372402441,142.7617654800415,,,,,,
1.5B,gd2po_hard,0,73,,,0.9365234375,1.828265905380249,0.0,92.0625,81.98825985594885,209.6364695429802,,,,,,
1.5B,gd2po_hard,0,74,,,0.91796875,1.7618956565856934,0.0,97.0107421875,83.9264099879656,255.0039682984352,,,,,,
1.5B,gd2po_hard,0,75,,,0.91943359375,1.8202712535858154,0.0,93.06689453125,87.02576957194833,163.98745197057724,,,,,,
1.5B,gd2po_hard,0,76,,,0.947265625,1.8304423093795776,0.0,94.873046875,87.9579472260084,38.14257162809372,,,,,,
1.5B,gd2po_hard,0,77,,,0.947265625,1.8954426050186157,0.0,93.7880859375,89.96900387998903,359.348626434803,,,,,,
1.5B,gd2po_hard,0,78,,,0.95361328125,1.988926887512207,0.0,93.1708984375,79.19950367603451,29.859857320785522,,,,,,
1.5B,gd2po_hard,0,79,,,0.94384765625,1.9471700191497803,0.0,97.69970703125,83.73592992499471,157.83506524562836,,,,,,
1.5B,gd2po_hard,0,80,0.975,1.7365556314587594,0.9423828125,1.8682451248168945,0.0,95.42822265625,88.8483202890493,538.4625561237335,,,,,,
1.5B,gd2po_hard,0,81,,,0.92724609375,1.7752128839492798,0.0,91.4892578125,79.8105463720276,63.01824164390564,,,,,,
1.5B,gd2po_hard,0,82,,,0.92236328125,1.8331120014190674,0.0,92.33984375,87.02552781603299,3.127419888973236,,,,,,
1.5B,gd2po_hard,0,83,,,0.93798828125,1.7235603332519531,0.0,90.3203125,82.67879938503029,1098.0739629864693,,,,,,
1.5B,gd2po_hard,0,84,,,0.94189453125,1.849984884262085,0.0,96.01025390625,91.92572533001658,285.4684566259384,,,,,,
1.5B,gd2po_hard,0,85,,,0.93798828125,1.832115888595581,0.0,91.3232421875,88.60486863402184,6.065445065498352,,,,,,
1.5B,gd2po_hard,0,86,,,0.94189453125,1.8996658325195312,0.0,93.75341796875,83.05466757703107,187.42355132102966,,,,,,
1.5B,gd2po_hard,0,87,,,0.94384765625,1.9276671409606934,0.0,94.76025390625,82.96935854799813,281.5858402252197,,,,,,
1.5B,gd2po_hard,0,88,,,0.93115234375,1.8846237659454346,0.0,92.19970703125,78.4244518049527,79.34526836872101,,,,,,
1.5B,gd2po_hard,0,89,,,0.9296875,1.8347690105438232,0.0,93.619140625,82.40681603498524,473.14850014448166,,,,,,
1.5B,gd2po_hard,0,90,0.975,1.764323489740491,0.9384765625,1.838289737701416,0.0,94.76416015625,92.9798473220435,53.959760546684265,,,,,,
1.5B,gd2po_hard,0,91,,,0.94677734375,1.8916518688201904,0.0,94.39306640625,78.68580820702482,86.57897174358368,,,,,,
1.5B,gd2po_hard,0,92,,,0.931640625,1.8571302890777588,0.0,92.11962890625,88.17114186397521,63.71893745660782,,,,,,
1.5B,gd2po_hard,0,93,,,0.93603515625,1.89383065700531,0.0,93.58349609375,89.68293750996236,95.34058576822281,,,,,,
1.5B,gd2po_hard,0,94,,,0.9384765625,1.9184529781341553,0.0,91.6328125,84.75440967496252,50.4645819067955,,,,,,
1.5B,gd2po_hard,0,95,,,0.931640625,1.8566234111785889,0.0,92.98583984375,81.00826158799464,156.93656766414642,,,,,,
1.5B,gd2po_hard,0,96,,,0.95556640625,1.8929367065429688,0.0,93.791015625,79.24204037198797,53.00526571273804,,,,,,
1.5B,gd2po_hard,0,97,,,0.94873046875,1.931587815284729,0.0,94.12255859375,86.65984171704622,52156.78447544575,,,,,,
1.5B,gd2po_hard,0,98,,,0.9326171875,1.806420087814331,0.0,95.15869140625,82.1312497240142,125.98711511492729,,,,,,
1.5B,gd2po_hard,0,99,,,0.93115234375,1.9255999326705933,0.0,93.71875,81.31472728797235,137.62603214383125,,,,,,
1.5B,gd2po_hard,0,100,0.975,1.7801270604133606,0.93896484375,1.8097782135009766,0.0,94.11376953125,109.89929184003267,3.35188490152359,,,,,,
1.5B,gd2po_hard,1,0,0.025,-2.54375,,,,,,,,,,,,
1.5B,gd2po_hard,1,1,,,0.001953125,-2.450601100921631,0.0,120.4599609375,98.26680031500291,41.835192799568176,,,,,,
1.5B,gd2po_hard,1,2,,,0.0107421875,-2.4840216636657715,0.0,125.53466796875,93.90942538203672,151.93733620643616,,,,,,
1.5B,gd2po_hard,1,3,,,0.0126953125,-2.2448911666870117,0.0,117.4541015625,89.56858596595703,30.152252554893494,,,,,,
1.5B,gd2po_hard,1,4,,,0.01318359375,-1.608119010925293,0.0,99.78759765625,88.06987518502865,6.073980510234833,,,,,,
1.5B,gd2po_hard,1,5,,,0.013671875,-0.7381269931793213,0.0,96.6533203125,85.90467776800506,62.19050192832947,,,,,,
1.5B,gd2po_hard,1,6,,,0.0146484375,0.2046155035495758,0.0,94.751953125,85.92431321600452,71.26706856489182,,,,,,
1.5B,gd2po_hard,1,7,,,0.015625,0.585919201374054,0.0,96.07080078125,85.80249063199153,72.16642552614212,,,,,,
1.5B,gd2po_hard,1,8,,,0.00439453125,0.9891800880432129,0.0,82.96240234375,86.13151237298734,70.91710019111633,,,,,,
1.5B,gd2po_hard,1,9,,,0.00390625,1.0947778224945068,0.0,87.4365234375,84.0587856490165,2.719691514968872,,,,,,
1.5B,gd2po_hard,1,10,0.0125,1.4428810756653547,0.00830078125,1.2102971076965332,0.0,81.7099609375,98.84267239295878,30.55158370733261,,,,,,
1.5B,gd2po_hard,1,11,,,0.00244140625,1.2615376710891724,0.0,75.919921875,82.07657215796644,33.80041801929474,,,,,,
1.5B,gd2po_hard,1,12,,,0.005859375,1.3319836854934692,0.0,81.75732421875,85.09289320302196,8.577256262302399,,,,,,
1.5B,gd2po_hard,1,13,,,0.00390625,1.320288062095642,0.0,80.37841796875,83.25783933600178,1702.1830161809921,,,,,,
1.5B,gd2po_hard,1,14,,,0.0048828125,1.4577453136444092,0.0,79.97314453125,85.68356941302773,3.176941931247711,,,,,,
1.5B,gd2po_hard,1,15,,,0.005859375,1.4781646728515625,0.0,78.96875,84.22103823098587,63.80200695991516,,,,,,
1.5B,gd2po_hard,1,16,,,0.00830078125,1.4819122552871704,0.0,76.66650390625,84.81577165599447,3.0108692049980164,,,,,,
1.5B,gd2po_hard,1,17,,,0.00537109375,1.5395176410675049,0.0,72.830078125,82.75207073095953,3.681970000267029,,,,,,
1.5B,gd2po_hard,1,18,,,0.005859375,1.4672482013702393,0.0,77.94921875,84.8732145469985,2.9184585213661194,,,,,,
1.5B,gd2po_hard,1,19,,,0.0146484375,1.5526208877563477,0.0,74.70556640625,84.53578330099117,21.091771960258484,,,,,,
1.5B,gd2po_hard,1,20,0.0375,1.672913858667016,0.009765625,1.6004269123077393,0.0,71.73291015625,88.4846298280172,7.2487621903419495,,,,,,
1.5B,gd2po_hard,1,21,,,0.0107421875,1.590684413909912,0.0,73.4619140625,82.77129814901855,35.728470623493195,,,,,,
1.5B,gd2po_hard,1,22,,,0.0087890625,1.643489956855774,0.0,74.9794921875,84.43761630100198,117.68019622564316,,,,,,
1.5B,gd2po_hard,1,23,,,0.01123046875,1.7108718156814575,0.0,78.19775390625,85.6016898159869,2.916078805923462,,,,,,
1.5B,gd2po_hard,1,24,,,0.0126953125,1.5902854204177856,0.0,73.8154296875,83.19541098695481,24.462295830249786,,,,,,
1.5B,gd2po_hard,1,25,,,0.0078125,1.7390830516815186,0.0,72.7763671875,83.19238862901693,177.74924230575562,,,,,,
1.5B,gd2po_hard,1,26,,,0.013671875,1.764015555381775,0.0,72.0830078125,80.55049496900756,17.25149381160736,,,,,,
1.5B,gd2po_hard,1,27,,,0.0244140625,1.625582218170166,0.0,71.89111328125,83.44287331501255,4.239750385284424,,,,,,
1.5B,gd2po_hard,1,28,,,0.02392578125,1.5330917835235596,0.0,76.92333984375,85.21366953803226,43.241257309913635,,,,,,
1.5B,gd2po_hard,1,29,,,0.013671875,1.735708475112915,0.0,69.42724609375,82.61491820402443,4.921019196510315,,,,,,
1.5B,gd2po_hard,1,30,0.0625,1.7711037930101157,0.02587890625,1.6752073764801025,0.0,73.08984375,92.07948194001801,52.689862072467804,,,,,,
1.5B,gd2po_hard,1,31,,,0.0234375,1.702876329421997,0.0,67.52392578125,77.70814219902968,12.965709030628204,,,,,,
1.5B,gd2po_hard,1,32,,,0.04345703125,1.7083555459976196,0.0,71.4599609375,83.07614988303976,8.62224668264389,,,,,,
1.5B,gd2po_hard,1,33,,,0.02392578125,1.7404357194900513,0.0,72.92236328125,82.73753710801248,28.09060388803482,,,,,,
1.5B,gd2po_hard,1,34,,,0.02587890625,1.697090744972229,0.0,75.52587890625,85.03329262300394,3.3886595368385315,,,,,,
1.5B,gd2po_hard,1,35,,,0.04052734375,1.7404216527938843,0.0,74.97802734375,82.06122958799824,3.7663179636001587,,,,,,
1.5B,gd2po_hard,1,36,,,0.0400390625,1.791463851928711,0.0,70.07958984375,82.25457276200177,14.722992300987244,,,,,,
1.5B,gd2po_hard,1,37,,,0.04052734375,1.6234354972839355,0.0,74.14013671875,83.4007152740378,25.97505474090576,,,,,,
1.5B,gd2po_hard,1,38,,,0.03955078125,1.8165680170059204,0.0,76.18017578125,84.90123834600672,25.61421173810959,,,,,,
1.5B,gd2po_hard,1,39,,,0.06201171875,1.59626042842865,0.0,75.201171875,83.87368798902025,16.30401384830475,,,,,,
1.5B,gd2po_hard,1,40,0.275,1.7710110385902227,0.0791015625,1.7762131690979004,0.0,73.89892578125,86.9201605169801,6.093316674232483,,,,,,
1.5B,gd2po_hard,1,41,,,0.2900390625,1.7681820392608643,0.0,77.083984375,82.20810390094994,146.378904402256,,,,,,
1.5B,gd2po_hard,1,42,,,0.56689453125,1.616485357284546,0.0,91.705078125,86.47349533002125,8473.636743187904,,,,,,
1.5B,gd2po_hard,1,43,,,0.79248046875,1.570730447769165,0.0,99.951171875,85.99914751999313,14133.36522257328,,,,,,
1.5B,gd2po_hard,1,44,,,0.85888671875,1.6214509010314941,0.0,97.74755859375,82.1305432030349,12147.714397013187,,,,,,
1.5B,gd2po_hard,1,45,,,0.865234375,1.7202212810516357,0.0,94.05419921875,81.83098066598177,373.79240161180496,,,,,,
1.5B,gd2po_hard,1,46,,,0.88330078125,1.7688316106796265,0.0,91.732421875,86.39279827103019,62.51168078184128,,,,,,
1.5B,gd2po_hard,1,47,,,0.888671875,1.7471991777420044,0.0,95.51171875,86.80076861794805,417.9999312758446,,,,,,
1.5B,gd2po_hard,1,48,,,0.8984375,1.7662770748138428,0.0,89.4765625,79.4348510109703,3.434299647808075,,,,,,
1.5B,gd2po_hard,1,49,,,0.8984375,1.748199701309204,0.0,94.08642578125,87.36728860100266,98.44725722074509,,,,,,
1.5B,gd2po_hard,1,50,0.975,1.7745237059891223,0.88916015625,1.752357006072998,0.0,94.13134765625,92.14736940595321,263.9559310078621,,,,,,
1.5B,gd2po_hard,1,51,,,0.9033203125,1.8017175197601318,0.0,93.48583984375,86.42388108297018,23.889074206352234,,,,,,
1.5B,gd2po_hard,1,52,,,0.91162109375,1.7766203880310059,0.0,93.166015625,84.82678489299724,202.10829865932465,,,,,,
1.5B,gd2po_hard,1,53,,,0.90625,1.7220401763916016,0.0,99.70703125,85.69243915501283,2812.1026549339294,,,,,,
1.5B,gd2po_hard,1,54,,,0.9140625,1.7301753759384155,0.0,97.3388671875,87.9023289240431,1252.3969841599464,,,,,,
1.5B,gd2po_hard,1,55,,,0.9091796875,1.7396469116210938,0.0,93.30908203125,80.1577239910257,371772.94515168667,,,,,,
1.5B,gd2po_hard,1,56,,,0.9169921875,1.8271706104278564,0.0,95.59423828125,86.32006537698908,3896.503498852253,,,,,,
1.5B,gd2po_hard,1,57,,,0.9091796875,1.6841152906417847,0.0,95.50341796875,87.16960644698702,582.9432647824287,,,,,,
1.5B,gd2po_hard,1,58,,,0.9267578125,1.8719449043273926,0.0,96.2900390625,82.45197960699443,267.8683364391327,,,,,,
1.5B,gd2po_hard,1,59,,,0.92236328125,1.8485102653503418,0.0,93.943359375,85.5562715169508,492.5157200694084,,,,,,
1.5B,gd2po_hard,1,60,0.975,1.7994138158857822,0.92919921875,1.8577202558517456,0.0,96.34375,93.26474391296506,370.0134487748146,,,,,,
1.5B,gd2po_hard,1,61,,,0.94189453125,1.826073169708252,0.0,93.10400390625,82.40863843896659,1657.077121078968,,,,,,
1.5B,gd2po_hard,1,62,,,0.919921875,1.7862575054168701,0.0,97.587890625,85.24522452097153,459.81749272346497,,,,,,
1.5B,gd2po_hard,1,63,,,0.9228515625,1.6449888944625854,0.0,94.45849609375,87.45725544297602,3.56857830286026,,,,,,
1.5B,gd2po_hard,1,64,,,0.91748046875,1.7662146091461182,0.0,91.54443359375,83.20490988797974,3.2213529348373413,,,,,,
1.5B,gd2po_hard,1,65,,,0.93115234375,1.687267541885376,0.0,96.55517578125,89.07901067601051,198.85076212882996,,,,,,
1.5B,gd2po_hard,1,66,,,0.92431640625,1.9045846462249756,0.0,90.92431640625,79.30452981300186,262.94088250398636,,,,,,
1.5B,gd2po_hard,1,67,,,0.953125,1.843785285949707,0.0,89.94091796875,78.7755807210342,377.4437972307205,,,,,,
1.5B,gd2po_hard,1,68,,,0.94189453125,1.8954176902770996,0.0,88.82470703125,86.07547779200831,901179906.6201211,,,,,,
1.5B,gd2po_hard,1,69,,,0.931640625,1.712769865989685,0.0,95.96484375,90.02995460596867,69.35181164741516,,,,,,
1.5B,gd2po_hard,1,70,0.975,1.8076555732637645,0.927734375,1.857663631439209,0.0,88.853515625,86.75251303002005,115.21985971927643,,,,,,
1.5B,gd2po_hard,1,71,,,0.919921875,1.8410513401031494,0.0,90.6669921875,86.12607015302638,799370.0110220313,,,,,,
1.5B,gd2po_hard,1,72,,,0.94970703125,1.952605128288269,0.0,88.78466796875,84.40713266801322,333.8811371922493,,,,,,
1.5B,gd2po_hard,1,73,,,0.93017578125,1.828450322151184,0.0,89.4931640625,85.91264143097214,6941.159411787987,,,,,,
1.5B,gd2po_hard,1,74,,,0.94091796875,1.8134099245071411,0.0,93.21630859375,88.25227582699154,147.38094544410706,,,,,,
1.5B,gd2po_hard,1,75,,,0.94287109375,1.7919230461120605,0.0,91.79150390625,83.93816663400503,958.1483350396156,,,,,,
1.5B,gd2po_hard,1,76,,,0.94921875,1.8471143245697021,0.0,91.947265625,82.33833220700035,27.89186680316925,,,,,,
1.5B,gd2po_hard,1,77,,,0.943359375,1.9208347797393799,0.0,93.37646484375,86.76298326998949,130.84225994348526,,,,,,
1.5B,gd2po_hard,1,78,,,0.9501953125,1.9023151397705078,0.0,90.765625,85.55053800303722,78.85470640659332,,,,,,
1.5B,gd2po_hard,1,79,,,0.9423828125,1.8676882982254028,0.0,93.77490234375,84.89682963298401,123.35594040155411,,,,,,
1.5B,gd2po_hard,1,80,0.975,1.8050113413482904,0.93603515625,1.7396010160446167,0.0,91.25341796875,87.5584013889893,168.5659168958664,,,,,,
1.5B,gd2po_hard,1,81,,,0.9482421875,1.9168729782104492,0.0,90.66650390625,80.48407655401388,240.48732006549835,,,,,,
1.5B,gd2po_hard,1,82,,,0.94970703125,1.8466713428497314,0.0,92.43310546875,78.80180077796103,434.26234608888626,,,,,,
1.5B,gd2po_hard,1,83,,,0.94482421875,1.7876464128494263,0.0,96.23681640625,77.6061622449779,357.2574962377548,,,,,,
1.5B,gd2po_hard,1,84,,,0.92724609375,1.8720568418502808,0.0,93.09619140625,83.60630763898371,75.47347569465637,,,,,,
1.5B,gd2po_hard,1,85,,,0.9345703125,1.8613638877868652,0.0,93.45263671875,81.05879406898748,200.55844897031784,,,,,,
1.5B,gd2po_hard,1,86,,,0.93359375,1.90206778049469,0.0,92.9189453125,85.91462409100495,11.279343605041504,,,,,,
1.5B,gd2po_hard,1,87,,,0.93896484375,1.825921893119812,0.0,91.42138671875,83.4055751360138,594.6534922122955,,,,,,
1.5B,gd2po_hard,1,88,,,0.94287109375,1.9302059412002563,0.0,95.240234375,82.43806612998014,117.29000300168991,,,,,,
1.5B,gd2po_hard,1,89,,,0.9609375,1.8967889547348022,0.0,91.369140625,82.95881292497506,61.12547516822815,,,,,,
1.5B,gd2po_hard,1,90,0.975,1.790011340752244,0.9560546875,1.8083277940750122,0.0,91.587890625,91.60539941501338,1724.3814787268639,,,,,,
1.5B,gd2po_hard,1,91,,,0.95166015625,1.9065098762512207,0.0,88.86474609375,79.80551060900325,4.481370806694031,,,,,,
1.5B,gd2po_hard,1,92,,,0.95166015625,1.9643195867538452,0.0,89.73828125,78.77181740500964,129.71909016370773,,,,,,
1.5B,gd2po_hard,1,93,,,0.9501953125,1.8654253482818604,0.0,91.70947265625,86.06841076095589,148.68219155073166,,,,,,
1.5B,gd2po_hard,1,94,,,0.9482421875,1.9207937717437744,0.0,90.13525390625,78.695000266016,71.35707986354828,,,,,,
1.5B,gd2po_hard,1,95,,,0.927734375,1.8173388242721558,0.0,89.8603515625,86.10098792304052,86.49647390842438,,,,,,
1.5B,gd2po_hard,1,96,,,0.94921875,1.805693507194519,0.0,94.4853515625,87.52783614397049,4.8702432513237,,,,,,
1.5B,gd2po_hard,1,97,,,0.95263671875,1.8773431777954102,0.0,89.73193359375,77.06280479603447,3.6917473673820496,,,,,,
1.5B,gd2po_hard,1,98,,,0.9482421875,1.8677462339401245,0.0,92.26708984375,81.29873834497994,124.50761777162552,,,,,,
1.5B,gd2po_hard,1,99,,,0.9326171875,1.8243893384933472,0.0,93.7939453125,82.97004293301143,65.39850252866745,,,,,,
1.5B,gd2po_hard,1,100,0.975,1.8175113413482904,0.95361328125,1.9426994323730469,0.0,89.1201171875,104.82843451399822,217.29499834775925,,,,,,
1.5B,gd2po_hard,2,0,0.025,-2.54375,,,,,,,,,,,,
1.5B,gd2po_hard,2,1,,,0.0048828125,-2.440371036529541,0.0,123.24072265625,91.03688920103014,48.8429599404335,,,,,,
1.5B,gd2po_hard,2,2,,,0.00537109375,-2.410172462463379,0.0,115.240234375,92.05181809095666,5.315310478210449,,,,,,
1.5B,gd2po_hard,2,3,,,0.0087890625,-2.2134249210357666,0.0,113.783203125,92.64516646001721,152.29988968372345,,,,,,
1.5B,gd2po_hard,2,4,,,0.00830078125,-1.5950627326965332,0.0,103.67724609375,86.09523495996837,85.07936191558838,,,,,,
1.5B,gd2po_hard,2,5,,,0.01171875,-0.6539012789726257,0.0,96.087890625,87.5837772800005,18.315574049949646,,,,,,
1.5B,gd2po_hard,2,6,,,0.00341796875,0.33704596757888794,0.0,86.5703125,85.24333728296915,41.18492740392685,,,,,,
1.5B,gd2po_hard,2,7,,,0.001953125,0.702294111251831,0.0,86.70703125,85.58992924098857,86.24796152114868,,,,,,
1.5B,gd2po_hard,2,8,,,0.00390625,1.0589208602905273,0.0,79.3291015625,84.1984272429836,829.955057144165,,,,,,
1.5B,gd2po_hard,2,9,,,0.00146484375,1.048181414604187,0.0,85.9775390625,86.62099170201691,22.544518530368805,,,,,,
1.5B,gd2po_hard,2,10,0.025,1.4806191744282842,0.00244140625,1.2510371208190918,0.0,88.9072265625,101.04719670902705,161.0037498474121,,,,,,
1.5B,gd2po_hard,2,11,,,0.0048828125,1.2144500017166138,0.0,80.771484375,85.31397170101991,4.87780898809433,,,,,,
1.5B,gd2po_hard,2,12,,,0.01025390625,1.2974853515625,0.0,79.6005859375,83.13099100301042,2.911124348640442,,,,,,
1.5B,gd2po_hard,2,13,,,0.00732421875,1.4450253248214722,0.0,75.513671875,84.49526562198298,21.912290394306183,,,,,,
1.5B,gd2po_hard,2,14,,,0.0068359375,1.4320250749588013,0.0,88.56640625,86.75766225496773,35.63945072889328,,,,,,
1.5B,gd2po_hard,2,15,,,0.0029296875,1.4848337173461914,0.0,81.91748046875,84.062380538031,40.63431417942047,,,,,,
1.5B,gd2po_hard,2,16,,,0.01220703125,1.4537744522094727,0.0,83.1396484375,92.42503366002347,6.115193128585815,,,,,,
1.5B,gd2po_hard,2,17,,,0.009765625,1.510277509689331,0.0,76.30029296875,81.18516096996609,43.9862859249115,,,,,,
1.5B,gd2po_hard,2,18,,,0.005859375,1.494490385055542,0.0,82.20263671875,86.991286947974,113.10566765069962,,,,,,
1.5B,gd2po_hard,2,19,,,0.0107421875,1.5281975269317627,0.0,86.30029296875,84.83551989297848,2.9193683862686157,,,,,,
1.5B,gd2po_hard,2,20,0.025,1.664533174596727,0.01318359375,1.5974371433258057,0.0,80.6748046875,92.38878444599686,4.426508784294128,,,,,,
1.5B,gd2po_hard,2,21,,,0.00634765625,1.6159231662750244,0.0,86.4208984375,87.24138493899954,12.636092841625214,,,,,,
1.5B,gd2po_hard,2,22,,,0.01123046875,1.5213981866836548,0.0,90.1298828125,86.18371767998906,140.45210146903992,,,,,,
1.5B,gd2po_hard,2,23,,,0.0078125,1.6128968000411987,0.0,78.6005859375,83.29842466500122,3.359944462776184,,,,,,
1.5B,gd2po_hard,2,24,,,0.0087890625,1.707074761390686,0.0,89.2275390625,84.85525155899813,37.62515735626221,,,,,,
1.5B,gd2po_hard,2,25,,,0.015625,1.6621451377868652,0.0,90.525390625,87.5055390530033,19.241880655288696,,,,,,
1.5B,gd2po_hard,2,26,,,0.0126953125,1.7141999006271362,0.0,91.5615234375,86.64324570499593,27.841728568077087,,,,,,
1.5B,gd2po_hard,2,27,,,0.02197265625,1.6929371356964111,0.0,94.8271484375,86.6804910619976,129.81699192523956,,,,,,
1.5B,gd2po_hard,2,28,,,0.01513671875,1.7643510103225708,0.0,91.6025390625,82.16140821098816,76.61479067802429,,,,,,
1.5B,gd2po_hard,2,29,,,0.00830078125,1.7399494647979736,0.0,97.2314453125,89.58650494198082,31.92670387029648,,,,,,
1.5B,gd2po_hard,2,30,0.0375,1.724050221964717,0.015625,1.6437883377075195,0.0,98.8583984375,97.43807269900572,111.48930168151855,,,,,,
1.5B,gd2po_hard,2,31,,,0.02685546875,1.6524083614349365,0.0,80.548828125,86.18983691598987,8.553380906581879,,,,,,
1.5B,gd2po_hard,2,32,,,0.017578125,1.7881253957748413,0.0,73.35693359375,83.12022211996373,21.165063738822937,,,,,,
1.5B,gd2po_hard,2,33,,,0.02197265625,1.6127557754516602,0.0,77.685546875,82.87300727597903,3.1177987456321716,,,,,,
1.5B,gd2po_hard,2,34,,,0.02294921875,1.7572662830352783,0.0,76.66943359375,81.53250012698118,93.05778604745865,,,,,,
1.5B,gd2po_hard,2,35,,,0.02978515625,1.6723072528839111,0.0,83.314453125,85.0452915210044,6.749461472034454,,,,,,
1.5B,gd2po_hard,2,36,,,0.033203125,1.6923236846923828,0.0,82.2529296875,85.44409920100588,90.79896026849747,,,,,,
1.5B,gd2po_hard,2,37,,,0.01806640625,1.8421956300735474,0.0,77.25439453125,83.91276413900778,3.203840494155884,,,,,,
1.5B,gd2po_hard,2,38,,,0.04345703125,1.622700810432434,0.0,81.9921875,84.94026462000329,3.4866507053375244,,,,,,
1.5B,gd2po_hard,2,39,,,0.02392578125,1.771442174911499,0.0,78.09716796875,84.12396209000144,28.276435405015945,,,,,,
1.5B,gd2po_hard,2,40,0.0625,1.7742287930101157,0.03515625,1.7749463319778442,0.0,75.98779296875,92.80057788698468,44.052244663238525,,,,,,
1.5B,gd2po_hard,2,41,,,0.02685546875,1.7589561939239502,0.0,77.244140625,77.66751058300724,3.539274215698242,,,,,,
1.5B,gd2po_hard,2,42,,,0.0263671875,1.7116994857788086,0.0,76.54736328125,83.70434074202785,3.306983768939972,,,,,,
1.5B,gd2po_hard,2,43,,,0.0302734375,1.7659672498703003,0.0,71.34912109375,79.82233038602863,3.325255036354065,,,,,,
1.5B,gd2po_hard,2,44,,,0.03515625,1.8377841711044312,0.0,76.15283203125,83.8898874099832,3.8743005990982056,,,,,,
1.5B,gd2po_hard,2,45,,,0.0478515625,1.8219051361083984,0.0,81.31787109375,86.31996130698826,2.9603993892669678,,,,,,
1.5B,gd2po_hard,2,46,,,0.05810546875,1.7408487796783447,0.0,80.2900390625,87.71098658599658,45.855925023555756,,,,,,
1.5B,gd2po_hard,2,47,,,0.04052734375,1.8628984689712524,0.0,72.173828125,76.4408432120108,9.153052747249603,,,,,,
1.5B,gd2po_hard,2,48,,,0.05908203125,1.787669062614441,0.0,80.345703125,82.15575191599783,70.70215249061584,,,,,,
1.5B,gd2po_hard,2,49,,,0.095703125,1.676440715789795,0.0,77.47607421875,87.3946337729576,3.5647215247154236,,,,,,
1.5B,gd2po_hard,2,50,0.0875,1.8086335558444262,0.0634765625,1.8243308067321777,0.0,78.16357421875,84.65872439800296,4.139114737510681,,,,,,
1.5B,gd2po_hard,2,51,,,0.05908203125,1.7416353225708008,0.0,77.11962890625,82.73478098597843,14.670087814331055,,,,,,
1.5B,gd2po_hard,2,52,,,0.06982421875,1.8618950843811035,0.0,73.61865234375,81.51329291297588,3.463615834712982,,,,,,
1.5B,gd2po_hard,2,53,,,0.0576171875,1.7514008283615112,0.0,79.89306640625,83.73137028800556,4.729635715484619,,,,,,
1.5B,gd2po_hard,2,54,,,0.10205078125,1.769875168800354,0.0,75.7568359375,83.64475254103309,4.933526813983917,,,,,,
1.5B,gd2po_hard,2,55,,,0.0791015625,1.7662711143493652,0.0,81.76123046875,85.23346098797629,3.3913159370422363,,,,,,
1.5B,gd2po_hard,2,56,,,0.06201171875,1.8608922958374023,0.0,76.66845703125,82.01541330502369,3.5675724744796753,,,,,,
1.5B,gd2po_hard,2,57,,,0.0654296875,1.8433268070220947,0.0,73.9287109375,82.54419914295431,26.369792342185974,,,,,,
1.5B,gd2po_hard,2,58,,,0.076171875,1.8598499298095703,0.0,74.00732421875,79.78838313301094,7.442104995250702,,,,,,
1.5B,gd2po_hard,2,59,,,0.0673828125,1.8249270915985107,0.0,77.85595703125,80.9456730359816,27.421571850776672,,,,,,
1.5B,gd2po_hard,2,60,0.0875,1.7851102042943239,0.09423828125,1.801641821861267,0.0,78.9853515625,87.91981135396054,6.952416837215424,,,,,,
1.5B,gd2po_hard,2,61,,,0.064453125,1.8489412069320679,0.0,75.12353515625,83.96040305902716,95.32187938690186,,,,,,
1.5B,gd2po_hard,2,62,,,0.07275390625,1.8168171644210815,0.0,80.6220703125,87.51415806199657,3.579487383365631,,,,,,
1.5B,gd2po_hard,2,63,,,0.0556640625,1.9556703567504883,0.0,66.27294921875,78.64313292002771,45.703484296798706,,,,,,
1.5B,gd2po_hard,2,64,,,0.060546875,1.7860288619995117,0.0,77.67236328125,80.05423927603988,2.986125409603119,,,,,,
1.5B,gd2po_hard,2,65,,,0.07275390625,1.920310378074646,0.0,75.12744140625,82.70983258099295,3.786442667245865,,,,,,
1.5B,gd2po_hard,2,66,,,0.072265625,1.8368828296661377,0.0,77.9970703125,83.57786914601456,11.501378893852234,,,,,,
1.5B,gd2po_hard,2,67,,,0.04541015625,1.8627676963806152,0.0,81.44384765625,83.23516725300578,16.517857134342194,,,,,,
1.5B,gd2po_hard,2,68,,,0.09326171875,1.8852713108062744,0.0,73.181640625,82.00767173798522,3.2674189507961273,,,,,,
1.5B,gd2po_hard,2,69,,,0.07861328125,1.8055481910705566,0.0,73.0771484375,84.16196066699922,12.347174108028412,,,,,,
1.5B,gd2po_hard,2,70,0.0875,1.791676763817668,0.06689453125,1.9431614875793457,0.0,76.22509765625,91.40108899003826,3.6443511843681335,,,,,,
1.5B,gd2po_hard,2,71,,,0.07275390625,1.8506710529327393,0.0,78.04052734375,80.44459911697777,65.94420146942139,,,,,,
1.5B,gd2po_hard,2,72,,,0.0771484375,1.8890429735183716,0.0,82.25,86.05389323900454,17.406670928001404,,,,,,
1.5B,gd2po_hard,2,73,,,0.0810546875,1.8443487882614136,0.0,83.2412109375,85.66413079597987,3.3993524312973022,,,,,,
1.5B,gd2po_hard,2,74,,,0.0419921875,1.969861388206482,0.0,71.4287109375,81.88073487096699,3.2728410959243774,,,,,,
1.5B,gd2po_hard,2,75,,,0.0634765625,1.8777470588684082,0.0,73.779296875,77.31731029797811,4.423002183437347,,,,,,
1.5B,gd2po_hard,2,76,,,0.0751953125,1.8995940685272217,0.0,74.08251953125,84.31925108499127,16.14297354221344,,,,,,
1.5B,gd2po_hard,2,77,,,0.099609375,1.8168871402740479,0.0,79.56689453125,85.67305966798449,12.161801993846893,,,,,,
1.5B,gd2po_hard,2,78,,,0.08154296875,1.8858661651611328,0.0,76.54052734375,84.46126966399606,3.4397806525230408,,,,,,
1.5B,gd2po_hard,2,79,,,0.08154296875,1.9025951623916626,0.0,80.125,85.49632365204161,4.1841623187065125,,,,,,
1.5B,gd2po_hard,2,80,0.0875,1.799049074947834,0.06201171875,1.9013742208480835,0.0,78.68994140625,91.62650479498552,18.939601063728333,,,,,,
1.5B,gd2po_hard,2,81,,,0.08056640625,1.825204610824585,0.0,79.68017578125,86.15894385200227,8.646839022636414,,,,,,
1.5B,gd2po_hard,2,82,,,0.05615234375,1.8923416137695312,0.0,71.15380859375,82.53653378004674,3.7995885610580444,,,,,,
1.5B,gd2po_hard,2,83,,,0.0927734375,1.9172368049621582,0.0,75.69482421875,85.79672672000015,4.051506876945496,,,,,,
1.5B,gd2po_hard,2,84,,,0.06787109375,1.8872625827789307,0.0,73.18896484375,73.54192452400457,27.5041486620903,,,,,,
1.5B,gd2po_hard,2,85,,,0.0712890625,2.0199778079986572,0.0,69.94677734375,80.94225524400827,49.5539128780365,,,,,,
1.5B,gd2po_hard,2,86,,,0.0947265625,1.7909419536590576,0.0,79.126953125,83.70717417699052,3.0495625138282776,,,,,,
1.5B,gd2po_hard,2,87,,,0.07666015625,1.8641748428344727,0.0,76.47509765625,84.62903167703189,3.476393699645996,,,,,,
1.5B,gd2po_hard,2,88,,,0.06640625,1.957358956336975,0.0,75.98583984375,79.41333241702523,3.8093265891075134,,,,,,
1.5B,gd2po_hard,2,89,,,0.07470703125,1.9016731977462769,0.0,83.2939453125,86.24702640401665,30.32090824842453,,,,,,
1.5B,gd2po_hard,2,90,0.0875,1.8279280081391334,0.0810546875,1.8695789575576782,0.0,73.00537109375,82.90676275599981,24.072752058506012,,,,,,
1.5B,gd2po_hard,2,91,,,0.0546875,1.9179497957229614,0.0,74.13623046875,81.95192585099721,6.329562187194824,,,,,,
1.5B,gd2po_hard,2,92,,,0.076171875,1.885329008102417,0.0,74.5087890625,76.33270043198718,3.559922158718109,,,,,,
1.5B,gd2po_hard,2,93,,,0.08544921875,1.7947629690170288,0.0,75.6982421875,84.08916818199214,66.21978789567947,,,,,,
1.5B,gd2po_hard,2,94,,,0.046875,1.9926170110702515,0.0,72.92431640625,76.34703510301188,4.18383252620697,,,,,,
1.5B,gd2po_hard,2,95,,,0.0869140625,1.9099547863006592,0.0,73.662109375,83.97540936298901,11.496653437614441,,,,,,
1.5B,gd2po_hard,2,96,,,0.06787109375,1.9663255214691162,0.0,77.59423828125,85.39607475599041,3.5019552409648895,,,,,,
1.5B,gd2po_hard,2,97,,,0.06640625,1.958292007446289,0.0,73.51513671875,82.53570936602773,3.671541154384613,,,,,,
1.5B,gd2po_hard,2,98,,,0.0810546875,1.896794080734253,0.0,75.76953125,83.49669269204605,4.7380958795547485,,,,,,
1.5B,gd2po_hard,2,99,,,0.0732421875,1.9591361284255981,0.0,73.1572265625,80.46201161999488,4.253316223621368,,,,,,
1.5B,gd2po_hard,2,100,0.0875,1.8235530093312264,0.06982421875,1.8761627674102783,0.0,77.16796875,99.69736534002004,16.4174285531044,,,,,,
1.5B,gdpo_saw,0,0,0.025,-2.528125,,,,,,,,,,,,
1.5B,gdpo_saw,0,1,,,0.00634765625,-2.44360089302063,0.0,122.1689453125,104.70866282600036,37.32681405544281,,,,,,
1.5B,gdpo_saw,0,2,,,0.00634765625,-2.461885690689087,0.0,122.3037109375,99.60152392000236,3.9808141589164734,,,,,,
1.5B,gdpo_saw,0,3,,,0.0107421875,-2.2841901779174805,0.0,112.59326171875,93.1024139839974,8.361662089824677,,,,,,
1.5B,gdpo_saw,0,4,,,0.01220703125,-1.8383506536483765,0.0,105.06884765625,87.85298453200085,12.501787185668945,,,,,,
1.5B,gdpo_saw,0,5,,,0.03662109375,-1.0265450477600098,0.0,102.5478515625,88.9825771249998,16.271174609661102,,,,,,
1.5B,gdpo_saw,0,6,,,0.07861328125,-0.35246482491493225,0.0,97.6123046875,85.00654675200349,55.14108324050903,,,,,,
1.5B,gdpo_saw,0,7,,,0.20166015625,-0.20914484560489655,0.0,106.837890625,87.89487101800114,56.18545162677765,,,,,,
1.5B,gdpo_saw,0,8,,,0.3212890625,0.22269946336746216,0.0,106.7041015625,88.71409538100124,23.65679621696472,,,,,,
1.5B,gdpo_saw,0,9,,,0.51708984375,0.4424264430999756,0.0,106.57373046875,88.20430906799811,32.82831984758377,,,,,,
1.5B,gdpo_saw,0,10,0.85,1.3556956058368086,0.6611328125,0.7548205256462097,0.0,100.8994140625,101.55403693399785,3.718101143836975,,,,,,
1.5B,gdpo_saw,0,11,,,0.73828125,0.9054112434387207,0.0,102.39111328125,87.33036514099877,4.788328170776367,,,,,,
1.5B,gdpo_saw,0,12,,,0.79443359375,1.0631141662597656,0.0,109.54248046875,90.39348436100045,16.25941526889801,,,,,,
1.5B,gdpo_saw,0,13,,,0.79638671875,1.0377628803253174,0.0,104.626953125,91.5649887590007,25.140021681785583,,,,,,
1.5B,gdpo_saw,0,14,,,0.830078125,1.1963703632354736,0.0,106.3076171875,89.6445448480008,50.311298847198486,,,,,,
1.5B,gdpo_saw,0,15,,,0.83740234375,1.1823372840881348,0.0,102.54150390625,84.6324341340005,72.79938989877701,,,,,,
1.5B,gdpo_saw,0,16,,,0.841796875,1.3178699016571045,0.0,104.44921875,88.36237986099877,13.03039276599884,,,,,,
1.5B,gdpo_saw,0,17,,,0.88525390625,1.470893144607544,0.0,96.865234375,83.30353181100145,18.890667855739594,,,,,,
1.5B,gdpo_saw,0,18,,,0.88232421875,1.34004545211792,0.0,99.68359375,90.00287938200199,52.38483464717865,,,,,,
1.5B,gdpo_saw,0,19,,,0.85107421875,1.4437601566314697,0.0,96.263671875,86.78630885199891,14.885726571083069,,,,,,
1.5B,gdpo_saw,0,20,0.9125,1.5886197125539183,0.86083984375,1.3875209093093872,0.0,96.16650390625,93.69480409300013,174.20864963531494,,,,,,
1.5B,gdpo_saw,0,21,,,0.8623046875,1.5710498094558716,0.0,102.05712890625,90.57636050699875,255.00632029771805,,,,,,
1.5B,gdpo_saw,0,22,,,0.89599609375,1.5453218221664429,0.0,98.734375,87.62445320099869,78.22072267532349,,,,,,
1.5B,gdpo_saw,0,23,,,0.88720703125,1.518559455871582,0.0,94.712890625,83.14741395999954,12.8843212723732,,,,,,
1.5B,gdpo_saw,0,24,,,0.873046875,1.5301752090454102,0.0,93.578125,88.59024267899804,94.60341954231262,,,,,,
1.5B,gdpo_saw,0,25,,,0.88525390625,1.591799259185791,0.0,96.4951171875,88.97430152900051,249.88733994960785,,,,,,
1.5B,gdpo_saw,0,26,,,0.880859375,1.6591204404830933,0.0,93.47802734375,85.56805951599745,13.600822925567627,,,,,,
1.5B,gdpo_saw,0,27,,,0.86767578125,1.4716087579727173,0.0,97.20947265625,86.74799627800166,3.322160005569458,,,,,,
1.5B,gdpo_saw,0,28,,,0.90771484375,1.6478523015975952,0.0,89.4228515625,79.61389475399847,33.535302579402924,,,,,,
1.5B,gdpo_saw,0,29,,,0.91552734375,1.6397041082382202,0.0,96.0693359375,86.21662641399962,75.32845705747604,,,,,,
1.5B,gdpo_saw,0,30,0.975,1.6515123408287764,0.92138671875,1.643182396888733,0.0,94.60986328125,92.52892546499788,69.72817492485046,,,,,,
1.5B,gdpo_saw,0,31,,,0.9208984375,1.7518560886383057,0.0,94.20361328125,86.5816118770017,218.86846262216568,,,,,,
1.5B,gdpo_saw,0,32,,,0.92138671875,1.5227569341659546,0.0,96.1005859375,87.43229016700207,237.76162141561508,,,,,,
1.5B,gdpo_saw,0,33,,,0.92529296875,1.718977451324463,0.0,92.43017578125,88.21773328600102,33.66280674934387,,,,,,
1.5B,gdpo_saw,0,34,,,0.94970703125,1.7179489135742188,0.0,93.9443359375,84.9804267699983,117.83203119039536,,,,,,
1.5B,gdpo_saw,0,35,,,0.90673828125,1.6916041374206543,0.0,95.30419921875,87.89348684500146,63.540681064128876,,,,,,
1.5B,gdpo_saw,0,36,,,0.93603515625,1.792314887046814,0.0,94.24658203125,88.16279426799883,74.59851461648941,,,,,,
1.5B,gdpo_saw,0,37,,,0.92333984375,1.6752336025238037,0.0,98.888671875,88.17392143599864,1475.0139408111572,,,,,,
1.5B,gdpo_saw,0,38,,,0.900390625,1.6756713390350342,0.0,96.44140625,84.67257583200262,91.50866377353668,,,,,,
1.5B,gdpo_saw,0,39,,,0.92138671875,1.6668648719787598,0.0,95.732421875,83.480802312999,8.532977044582367,,,,,,
1.5B,gdpo_saw,0,40,0.975,1.7343694861978292,0.92919921875,1.6811425685882568,0.0,93.39111328125,93.64621622699997,83.86007350683212,,,,,,
1.5B,gdpo_saw,0,41,,,0.93505859375,1.76930832862854,0.0,90.421875,81.14779724300024,169.51806956529617,,,,,,
1.5B,gdpo_saw,0,42,,,0.927734375,1.6106317043304443,0.0,95.54931640625,79.8684745669998,135.22686678171158,,,,,,
1.5B,gdpo_saw,0,43,,,0.92236328125,1.7954120635986328,0.0,93.20361328125,83.19001184599983,106.37488180398941,,,,,,
1.5B,gdpo_saw,0,44,,,0.92333984375,1.6920210123062134,0.0,91.52783203125,83.34571478499856,78.85438865423203,,,,,,
1.5B,gdpo_saw,0,45,,,0.9228515625,1.6596020460128784,0.0,94.80517578125,88.75844632100052,89.30857843160629,,,,,,
1.5B,gdpo_saw,0,46,,,0.9365234375,1.7197167873382568,0.0,95.4091796875,81.70936697900106,55.255723774433136,,,,,,
1.5B,gdpo_saw,0,47,,,0.9482421875,1.6683359146118164,0.0,93.53759765625,80.9818660489982,71.29577296972275,,,,,,
1.5B,gdpo_saw,0,48,,,0.92822265625,1.653645634651184,0.0,91.51513671875,85.55537702800211,111.6649683713913,,,,,,
1.5B,gdpo_saw,0,49,,,0.9365234375,1.820330023765564,0.0,90.1494140625,81.21164202,413.33150041103363,,,,,,
1.5B,gdpo_saw,0,50,0.975,1.762050761654973,0.94677734375,1.7569680213928223,0.0,94.18212890625,85.39528578499812,24.39070761203766,,,,,,
1.5B,gdpo_saw,0,51,,,0.94091796875,1.7407587766647339,0.0,91.87841796875,89.54004950799936,3.2146196961402893,,,,,,
1.5B,gdpo_saw,0,52,,,0.935546875,1.7571358680725098,0.0,92.1474609375,78.99855026099976,324.4741231203079,,,,,,
1.5B,gdpo_saw,0,53,,,0.93896484375,1.8066003322601318,0.0,93.65234375,81.62920272100018,48.386473655700684,,,,,,
1.5B,gdpo_saw,0,54,,,0.93408203125,1.8446135520935059,0.0,94.69384765625,80.29047256000194,91.45858132839203,,,,,,
1.5B,gdpo_saw,0,55,,,0.93017578125,1.7457607984542847,0.0,94.91845703125,81.46008229599829,2.5131683945655823,,,,,,
1.5B,gdpo_saw,0,56,,,0.9248046875,1.760143518447876,0.0,98.2001953125,87.30083715100045,421.9975265264511,,,,,,
1.5B,gdpo_saw,0,57,,,0.94091796875,1.7682111263275146,0.0,95.57275390625,81.4229462580006,106.30250722169876,,,,,,
1.5B,gdpo_saw,0,58,,,0.92724609375,1.7820675373077393,0.0,92.3154296875,76.5403287529989,2.913904905319214,,,,,,
1.5B,gdpo_saw,0,59,,,0.93505859375,1.8732901811599731,0.0,92.54443359375,84.2503348829996,3396.1157945990562,,,,,,
1.5B,gdpo_saw,0,60,0.975,1.702675761654973,0.92919921875,1.7638896703720093,0.0,92.82470703125,90.8081908469976,191.42804089188576,,,,,,
1.5B,gdpo_saw,0,61,,,0.94287109375,1.9097836017608643,0.0,95.2587890625,84.96438889599813,150.8222352862358,,,,,,
1.5B,gdpo_saw,0,62,,,0.92529296875,1.712852120399475,0.0,94.1767578125,79.09980302199983,146.44417336583138,,,,,,
1.5B,gdpo_saw,0,63,,,0.9453125,1.859031081199646,0.0,93.048828125,78.40299061199767,135.85276955366135,,,,,,
1.5B,gdpo_saw,0,64,,,0.91796875,1.7564568519592285,0.0,95.91455078125,85.51606688699758,50.53228408098221,,,,,,
1.5B,gdpo_saw,0,65,,,0.94482421875,1.918592929840088,0.0,95.08154296875,80.46334750599999,106.72367423772812,,,,,,
1.5B,gdpo_saw,0,66,,,0.951171875,1.821892499923706,0.0,92.69580078125,78.23605363999741,18.00901085138321,,,,,,
1.5B,gdpo_saw,0,67,,,0.92333984375,1.8165041208267212,0.0,93.85791015625,87.43515669699991,17032.8943477273,,,,,,
1.5B,gdpo_saw,0,68,,,0.95263671875,1.79192316532135,0.0,94.01611328125,80.33018957100285,91.3369208574295,,,,,,
1.5B,gdpo_saw,0,69,,,0.93701171875,1.779906153678894,0.0,90.71044921875,80.02565845000208,3.0763091444969177,,,,,,
1.5B,gdpo_saw,0,70,0.975,1.736993943527341,0.93017578125,1.9124667644500732,0.0,92.169921875,85.6044323089991,252.2179370522499,,,,,,
1.5B,gdpo_saw,0,71,,,0.94189453125,1.866131067276001,0.0,94.849609375,79.39283978700041,53.503440737724304,,,,,,
1.5B,gdpo_saw,0,72,,,0.9228515625,1.7998032569885254,0.0,94.052734375,80.49204967200058,331.4108712673187,,,,,,
1.5B,gdpo_saw,0,73,,,0.94091796875,1.8678947687149048,0.0,92.25390625,79.21476051100035,182.22940814495087,,,,,,
1.5B,gdpo_saw,0,74,,,0.92236328125,1.7799694538116455,0.0,93.19482421875,83.6789643129996,15.74928504228592,,,,,,
1.5B,gdpo_saw,0,75,,,0.9208984375,1.824263095855713,0.0,89.68408203125,79.17503248200228,3.367720067501068,,,,,,
1.5B,gdpo_saw,0,76,,,0.94921875,1.8365492820739746,0.0,93.298828125,82.88596706799945,182.32600665092468,,,,,,
1.5B,gdpo_saw,0,77,,,0.94921875,1.9103574752807617,0.0,92.86328125,79.81024893599897,82.68292540311813,,,,,,
1.5B,gdpo_saw,0,78,,,0.9599609375,2.0035181045532227,0.0,90.51708984375,76.56977185399955,60.207879304885864,,,,,,
1.5B,gdpo_saw,0,79,,,0.9462890625,1.9392836093902588,0.0,91.89501953125,79.11573545500141,2.908263325691223,,,,,,
1.5B,gdpo_saw,0,80,0.975,1.7438121248036622,0.9443359375,1.891159176826477,0.0,91.51708984375,86.28847789399879,3.3171167373657227,,,,,,
1.5B,gdpo_saw,0,81,,,0.923828125,1.8036558628082275,0.0,92.234375,83.42664326500017,65.23643761873245,,,,,,
1.5B,gdpo_saw,0,82,,,0.92626953125,1.8790242671966553,0.0,92.17626953125,83.06951910299904,61.66160160303116,,,,,,
1.5B,gdpo_saw,0,83,,,0.9423828125,1.7160606384277344,0.0,88.49755859375,79.928194109998,3.223317712545395,,,,,,
1.5B,gdpo_saw,0,84,,,0.93994140625,1.8462973833084106,0.0,95.46728515625,86.94231371800197,353.2691544890404,,,,,,
1.5B,gdpo_saw,0,85,,,0.93994140625,1.8386907577514648,0.0,91.94677734375,87.68986651200248,164.31244146823883,,,,,,
1.5B,gdpo_saw,0,86,,,0.9453125,1.8916062116622925,0.0,94.99560546875,84.20920919299897,74.30799967050552,,,,,,
1.5B,gdpo_saw,0,87,,,0.94384765625,1.9160921573638916,0.0,93.35595703125,81.43857553199996,234.1549837589264,,,,,,
1.5B,gdpo_saw,0,88,,,0.931640625,1.8778764009475708,0.0,92.34375,76.72110372200041,66.89452815055847,,,,,,
1.5B,gdpo_saw,0,89,,,0.9296875,1.8302308320999146,0.0,94.02685546875,80.3268718090003,6316.467450737953,,,,,,
1.5B,gdpo_saw,0,90,0.975,1.7839906971901656,0.94287109375,1.8866102695465088,0.0,94.93798828125,92.07562314999814,23.034072399139404,,,,,,
1.5B,gdpo_saw,0,91,,,0.94677734375,1.904128074645996,0.0,93.56787109375,79.56043411700011,6.724981248378754,,,,,,
1.5B,gdpo_saw,0,92,,,0.93359375,1.8595144748687744,0.0,92.6904296875,81.19316696500027,14.757184624671936,,,,,,
1.5B,gdpo_saw,0,93,,,0.9375,1.9054224491119385,0.0,94.64599609375,81.79300862300079,24.926506340503693,,,,,,
1.5B,gdpo_saw,0,94,,,0.9384765625,1.9119901657104492,0.0,93.94970703125,84.30110334100027,111.31975203752518,,,,,,
1.5B,gdpo_saw,0,95,,,0.92724609375,1.9015083312988281,0.0,94.0029296875,80.50539686100092,32.59451973438263,,,,,,
1.5B,gdpo_saw,0,96,,,0.9541015625,1.94114351272583,0.0,97.5302734375,85.03746328100169,98.52080059051514,,,,,,
1.5B,gdpo_saw,0,97,,,0.95068359375,1.9395979642868042,0.0,95.2626953125,85.50661966500047,7.190279901027679,,,,,,
1.5B,gdpo_saw,0,98,,,0.93310546875,1.8049371242523193,0.0,96.52783203125,86.45741469399945,60.85026752948761,,,,,,
1.5B,gdpo_saw,0,99,,,0.93212890625,1.9160118103027344,0.0,93.38818359375,84.94796773199778,37.91077649593353,,,,,,
1.5B,gdpo_saw,0,100,0.975,1.7658038806170224,0.93701171875,1.8403762578964233,0.0,93.025390625,106.80356670999754,3.074534237384796,,,,,,
1.5B,gdpo_saw,1,0,0.025,-2.54375,,,,,,,,,,,,
1.5B,gdpo_saw,1,1,,,0.001953125,-2.450601100921631,0.0,120.4599609375,95.11579459000131,23.46116280555725,,,,,,
1.5B,gdpo_saw,1,2,,,0.0107421875,-2.4840216636657715,0.0,125.53466796875,94.71271424700171,73.86700451374054,,,,,,
1.5B,gdpo_saw,1,3,,,0.01123046875,-2.275465726852417,0.0,115.296875,88.81912994700178,4.237835466861725,,,,,,
1.5B,gdpo_saw,1,4,,,0.01513671875,-1.867818832397461,0.0,105.82861328125,89.65289502700034,9.898576498031616,,,,,,
1.5B,gdpo_saw,1,5,,,0.04052734375,-1.32944917678833,0.0,102.765625,87.15894526299962,7.796761512756348,,,,,,
1.5B,gdpo_saw,1,6,,,0.11376953125,-0.6778389811515808,0.0,106.9384765625,86.3304558029995,14.879724979400635,,,,,,
1.5B,gdpo_saw,1,7,,,0.23486328125,-0.2477913349866867,0.0,106.779296875,88.51021179999952,4.170488059520721,,,,,,
1.5B,gdpo_saw,1,8,,,0.40869140625,0.3035567104816437,0.0,109.2333984375,90.74464666000131,9.167674481868744,,,,,,
1.5B,gdpo_saw,1,9,,,0.57080078125,0.644585371017456,0.0,110.96826171875,86.15369020100115,3.4590564966201782,,,,,,
1.5B,gdpo_saw,1,10,0.8875,1.3977789407595993,0.69140625,0.7367061972618103,0.0,119.486328125,95.84554818700053,47.10916876792908,,,,,,
1.5B,gdpo_saw,1,11,,,0.75244140625,0.9349699020385742,0.0,111.72216796875,85.68381657899954,45.449261486530304,,,,,,
1.5B,gdpo_saw,1,12,,,0.8076171875,0.9752140641212463,0.0,114.1396484375,89.88925376899715,42.59818738698959,,,,,,
1.5B,gdpo_saw,1,13,,,0.8173828125,1.0465023517608643,0.0,111.15380859375,88.35056925599929,10.270668506622314,,,,,,
1.5B,gdpo_saw,1,14,,,0.8310546875,1.1603038311004639,0.0,114.61865234375,88.89228166699831,13.12631744146347,,,,,,
1.5B,gdpo_saw,1,15,,,0.82421875,1.2841508388519287,0.0,108.74169921875,88.16143540499979,30.52590298652649,,,,,,
1.5B,gdpo_saw,1,16,,,0.87841796875,1.2390629053115845,0.0,112.61767578125,88.26275463300044,29.984553456306458,,,,,,
1.5B,gdpo_saw,1,17,,,0.84375,1.446946382522583,0.0,105.75244140625,88.73760167599903,125.38483530282974,,,,,,
1.5B,gdpo_saw,1,18,,,0.84716796875,1.2695034742355347,0.0,107.484375,91.81144017899715,35.41211998462677,,,,,,
1.5B,gdpo_saw,1,19,,,0.8583984375,1.3422739505767822,0.0,104.3837890625,88.09744378899995,712.9141001105309,,,,,,
1.5B,gdpo_saw,1,20,0.925,1.5661197125911712,0.8818359375,1.5257525444030762,0.0,102.0859375,92.27876670600017,101.59827083349228,,,,,,
1.5B,gdpo_saw,1,21,,,0.875,1.4732792377471924,0.0,100.49609375,82.10732896699847,201.8772367835045,,,,,,
1.5B,gdpo_saw,1,22,,,0.89697265625,1.5338338613510132,0.0,103.6083984375,85.47157839399733,56.75310534238815,,,,,,
1.5B,gdpo_saw,1,23,,,0.88525390625,1.5146304368972778,0.0,101.1279296875,87.0577991550017,110.39473986625671,,,,,,
1.5B,gdpo_saw,1,24,,,0.89013671875,1.5217629671096802,0.0,101.23193359375,84.86272787000053,81.79912358522415,,,,,,
1.5B,gdpo_saw,1,25,,,0.88916015625,1.6682910919189453,0.0,97.9580078125,87.25807403699946,48.27557498216629,,,,,,
1.5B,gdpo_saw,1,26,,,0.90576171875,1.6569089889526367,0.0,97.60205078125,86.8240736680018,66.25665956735611,,,,,,
1.5B,gdpo_saw,1,27,,,0.89306640625,1.5050227642059326,0.0,96.10791015625,85.28476909600067,17.44160509109497,,,,,,
1.5B,gdpo_saw,1,28,,,0.89697265625,1.4555282592773438,0.0,101.12744140625,87.77572860200235,10.101156949996948,,,,,,
1.5B,gdpo_saw,1,29,,,0.9228515625,1.7080180644989014,0.0,95.84033203125,81.48232889799692,31.1292462348938,,,,,,
1.5B,gdpo_saw,1,30,0.975,1.712145458906889,0.91650390625,1.5754384994506836,0.0,97.93212890625,93.81886811200093,76.79595881700516,,,,,,
1.5B,gdpo_saw,1,31,,,0.92236328125,1.6478192806243896,0.0,94.3251953125,83.48992471100064,841.880063533783,,,,,,
1.5B,gdpo_saw,1,32,,,0.931640625,1.6488370895385742,0.0,92.787109375,88.84037487499882,183.46177792549133,,,,,,
1.5B,gdpo_saw,1,33,,,0.93994140625,1.6839392185211182,0.0,95.6962890625,86.19691421400057,259.40167343616486,,,,,,
1.5B,gdpo_saw,1,34,,,0.92578125,1.6266779899597168,0.0,98.38232421875,85.4585993949986,2.875117599964142,,,,,,
1.5B,gdpo_saw,1,35,,,0.9228515625,1.6740983724594116,0.0,99.32080078125,86.56719118500041,46.668955981731415,,,,,,
1.5B,gdpo_saw,1,36,,,0.91748046875,1.7554574012756348,0.0,93.40380859375,85.62790773099914,2.4411715865135193,,,,,,
1.5B,gdpo_saw,1,37,,,0.91943359375,1.5923439264297485,0.0,99.40087890625,86.1617652390014,85.14917063713074,,,,,,
1.5B,gdpo_saw,1,38,,,0.93798828125,1.7861778736114502,0.0,97.7734375,87.39011535600002,45.48583370447159,,,,,,
1.5B,gdpo_saw,1,39,,,0.92919921875,1.5738016366958618,0.0,99.8984375,88.71348449900324,50.78207206726074,,,,,,
1.5B,gdpo_saw,1,40,0.975,1.7813418872654438,0.93212890625,1.717475414276123,0.0,96.51611328125,90.44337583000015,2.9365649819374084,,,,,,
1.5B,gdpo_saw,1,41,,,0.9326171875,1.7612100839614868,0.0,92.7685546875,84.840284402002,142.0474848151207,,,,,,
1.5B,gdpo_saw,1,42,,,0.939453125,1.681930422782898,0.0,97.4189453125,87.11864709400106,49.84195524454117,,,,,,
1.5B,gdpo_saw,1,43,,,0.919921875,1.7291972637176514,0.0,99.47998046875,85.92579388000013,90.92072856426239,,,,,,
1.5B,gdpo_saw,1,44,,,0.92236328125,1.6947851181030273,0.0,96.5009765625,83.47418096199908,67.40429681539536,,,,,,
1.5B,gdpo_saw,1,45,,,0.93017578125,1.7563707828521729,0.0,98.06884765625,87.81485083799998,70.4577813744545,,,,,,
1.5B,gdpo_saw,1,46,,,0.93603515625,1.8350586891174316,0.0,93.81494140625,87.63264479999998,5.838780760765076,,,,,,
1.5B,gdpo_saw,1,47,,,0.93701171875,1.7672346830368042,0.0,96.90185546875,85.72768348599857,50.15122580528259,,,,,,
1.5B,gdpo_saw,1,48,,,0.94140625,1.7821558713912964,0.0,93.38134765625,81.25550575300076,156.02316543459892,,,,,,
1.5B,gdpo_saw,1,49,,,0.9365234375,1.778645634651184,0.0,96.61474609375,80.20019265799783,1122.0095528960228,,,,,,
1.5B,gdpo_saw,1,50,0.975,1.786699030175805,0.927734375,1.8012343645095825,0.0,96.18798828125,93.47957700500046,24.148590326309204,,,,,,
1.5B,gdpo_saw,1,51,,,0.9375,1.8110119104385376,0.0,92.14990234375,79.45890511800098,2.4930934607982635,,,,,,
1.5B,gdpo_saw,1,52,,,0.93896484375,1.853339672088623,0.0,95.056640625,80.73881897500178,1139.335270702839,,,,,,
1.5B,gdpo_saw,1,53,,,0.9375,1.7498571872711182,0.0,96.67138671875,79.74692614300147,3.4428447484970093,,,,,,
1.5B,gdpo_saw,1,54,,,0.92919921875,1.6781537532806396,0.0,99.2041015625,85.2787790600014,4.063709855079651,,,,,,
1.5B,gdpo_saw,1,55,,,0.9365234375,1.7825586795806885,0.0,97.861328125,86.83690912400198,40.21425127983093,,,,,,
1.5B,gdpo_saw,1,56,,,0.93701171875,1.8588695526123047,0.0,100.919921875,87.11365981600102,37.85723426938057,,,,,,
1.5B,gdpo_saw,1,57,,,0.931640625,1.7471489906311035,0.0,97.32177734375,88.40077177099738,2.7822906374931335,,,,,,
1.5B,gdpo_saw,1,58,,,0.9462890625,1.8857535123825073,0.0,101.81689453125,87.60181961099806,3103.690190255642,,,,,,
1.5B,gdpo_saw,1,59,,,0.93115234375,1.858690857887268,0.0,95.32421875,85.62253078600042,2.5948044657707214,,,,,,
1.5B,gdpo_saw,1,60,0.975,1.774770962819457,0.93505859375,1.8393770456314087,0.0,99.09716796875,87.80540138099968,2.672085165977478,,,,,,
1.5B,gdpo_saw,1,61,,,0.94677734375,1.8486900329589844,0.0,97.69140625,81.14531119000094,3.0206408500671387,,,,,,
1.5B,gdpo_saw,1,62,,,0.92431640625,1.8531678915023804,0.0,101.392578125,77.999352644998,229.08697390556335,,,,,,
1.5B,gdpo_saw,1,63,,,0.9287109375,1.6541001796722412,0.0,99.08447265625,84.37022240900114,3.0479122400283813,,,,,,
1.5B,gdpo_saw,1,64,,,0.92138671875,1.7913192510604858,0.0,97.46142578125,81.03711871699852,1628.677515566349,,,,,,
1.5B,gdpo_saw,1,65,,,0.94189453125,1.7508646249771118,0.0,102.1689453125,89.00526603699836,26.761436939239502,,,,,,
1.5B,gdpo_saw,1,66,,,0.93359375,1.9031720161437988,0.0,96.779296875,79.06387587800054,11.733250141143799,,,,,,
1.5B,gdpo_saw,1,67,,,0.9560546875,1.9087367057800293,0.0,98.560546875,80.78072027900271,94.73895645141602,,,,,,
1.5B,gdpo_saw,1,68,,,0.94775390625,1.9093316793441772,0.0,96.7373046875,82.12842165300026,2.8279141187667847,,,,,,
1.5B,gdpo_saw,1,69,,,0.93994140625,1.7549830675125122,0.0,104.1806640625,88.87082907900185,134.4354395866394,,,,,,
1.5B,gdpo_saw,1,70,0.975,1.7726281015202403,0.9326171875,1.8674010038375854,0.0,98.9619140625,88.2270314419984,3.524608790874481,,,,,,
1.5B,gdpo_saw,1,71,,,0.9248046875,1.895952582359314,0.0,97.51220703125,77.67117668599894,29.42907154560089,,,,,,
1.5B,gdpo_saw,1,72,,,0.95361328125,1.99373459815979,0.0,98.849609375,85.34932467500039,43.59003609418869,,,,,,
1.5B,gdpo_saw,1,73,,,0.93505859375,1.8835679292678833,0.0,100.26953125,85.07278391399814,69.17389333248138,,,,,,
1.5B,gdpo_saw,1,74,,,0.94384765625,1.8363724946975708,0.0,99.95361328125,81.88887329699719,3.4365551471710205,,,,,,
1.5B,gdpo_saw,1,75,,,0.94384765625,1.7935506105422974,0.0,100.6767578125,85.03537395300009,38.474983394145966,,,,,,
1.5B,gdpo_saw,1,76,,,0.94482421875,1.9039822816848755,0.0,102.375,84.9756127690016,9.383789718151093,,,,,,
1.5B,gdpo_saw,1,77,,,0.93896484375,1.9255703687667847,0.0,100.4326171875,83.62822409100045,6469.013022482395,,,,,,
1.5B,gdpo_saw,1,78,,,0.9521484375,1.9536426067352295,0.0,98.31640625,84.2914939680013,2.594675660133362,,,,,,
1.5B,gdpo_saw,1,79,,,0.9404296875,1.9033101797103882,0.0,100.78564453125,82.43262664400027,229.77488124370575,,,,,,
1.5B,gdpo_saw,1,80,0.975,1.773287441395223,0.9375,1.7590481042861938,0.0,96.7060546875,95.1656564799996,3.1153310537338257,,,,,,
1.5B,gdpo_saw,1,81,,,0.94873046875,1.9605683088302612,0.0,96.98193359375,85.07297426699733,77.08709239959717,,,,,,
1.5B,gdpo_saw,1,82,,,0.94873046875,1.8945350646972656,0.0,97.6865234375,79.82356562999848,98.36899191141129,,,,,,
1.5B,gdpo_saw,1,83,,,0.93603515625,1.830528974533081,0.0,100.5126953125,79.65957133700067,2.799606680870056,,,,,,
1.5B,gdpo_saw,1,84,,,0.93212890625,1.9119600057601929,0.0,97.2265625,81.56326713800081,3.0080977082252502,,,,,,
1.5B,gdpo_saw,1,85,,,0.935546875,1.8933026790618896,0.0,96.4306640625,79.84236401499948,120.02718359231949,,,,,,
1.5B,gdpo_saw,1,86,,,0.9384765625,1.9442930221557617,0.0,97.31494140625,79.44415575399762,1328.8284987807274,,,,,,
1.5B,gdpo_saw,1,87,,,0.9423828125,1.8698292970657349,0.0,95.7451171875,79.74888551099866,2.9657710790634155,,,,,,
1.5B,gdpo_saw,1,88,,,0.9384765625,1.970005989074707,0.0,101.962890625,80.98947601200052,221.89220744371414,,,,,,
1.5B,gdpo_saw,1,89,,,0.94384765625,1.9355103969573975,0.0,97.8798828125,80.68777007300014,2.7307860255241394,,,,,,
1.5B,gdpo_saw,1,90,0.975,1.7616266017779707,0.9541015625,1.841784954071045,0.0,99.1240234375,88.6968819520007,216.88931757211685,,,,,,
1.5B,gdpo_saw,1,91,,,0.95068359375,1.934487223625183,0.0,96.9697265625,79.11320813999919,22.72386048734188,,,,,,
1.5B,gdpo_saw,1,92,,,0.9443359375,1.9908545017242432,0.0,94.16064453125,79.53920008099885,3.8391727209091187,,,,,,
1.5B,gdpo_saw,1,93,,,0.94287109375,1.8939082622528076,0.0,97.0380859375,80.4533260370008,136.91373413801193,,,,,,
1.5B,gdpo_saw,1,94,,,0.94384765625,1.9798564910888672,0.0,97.9169921875,81.51372762200117,183.55365228652954,,,,,,
1.5B,gdpo_saw,1,95,,,0.93212890625,1.9102973937988281,0.0,95.359375,85.10691383499943,112.27343785762787,,,,,,
1.5B,gdpo_saw,1,96,,,0.93798828125,1.8347703218460083,0.0,100.6083984375,86.07070479400136,9591.92950052023,,,,,,
1.5B,gdpo_saw,1,97,,,0.9404296875,1.885509729385376,0.0,96.3935546875,78.24951339600011,69.05917972326279,,,,,,
1.5B,gdpo_saw,1,98,,,0.94287109375,1.894440770149231,0.0,98.74072265625,81.47590941300223,116.16833305358887,,,,,,
1.5B,gdpo_saw,1,99,,,0.92041015625,1.8557955026626587,0.0,100.3046875,82.35879495900008,417.8551788330078,,,,,,
1.5B,gdpo_saw,1,100,0.975,1.749790938058868,0.93994140625,1.9800376892089844,0.0,93.94677734375,105.58976027999961,88.36491405963898,,,,,,
1.5B,gdpo_saw,2,0,0.025,-2.54375,,,,,,,,,,,,
1.5B,gdpo_saw,2,1,,,0.0048828125,-2.440371036529541,0.0,123.24072265625,92.74205196503317,22.894887447357178,,,,,,
1.5B,gdpo_saw,2,2,,,0.00537109375,-2.410172462463379,0.0,115.240234375,95.1009944800171,4.473230361938477,,,,,,
1.5B,gdpo_saw,2,3,,,0.00927734375,-2.302489757537842,0.0,118.39697265625,90.08311134501128,47.476402044296265,,,,,,
1.5B,gdpo_saw,2,4,,,0.017578125,-1.817762017250061,0.0,99.42626953125,84.85387756704586,368.83788192272186,,,,,,
1.5B,gdpo_saw,2,5,,,0.0263671875,-1.000975251197815,0.0,98.90625,88.49827091296902,64.99382555484772,,,,,,
1.5B,gdpo_saw,2,6,,,0.0576171875,-0.47850242257118225,0.0,90.583984375,86.8440936540137,8.39031708240509,,,,,,
1.5B,gdpo_saw,2,7,,,0.1083984375,-0.20373152196407318,0.0,89.66357421875,85.06308918102877,280.2400747537613,,,,,,
1.5B,gdpo_saw,2,8,,,0.1904296875,0.2803271412849426,0.0,88.5673828125,86.33517103001941,39.587992429733276,,,,,,
1.5B,gdpo_saw,2,9,,,0.35693359375,0.32205232977867126,0.0,103.2373046875,87.9452133459854,5.528381407260895,,,,,,
1.5B,gdpo_saw,2,10,0.8625,1.3511048337444662,0.5234375,0.6894474029541016,0.0,104.10205078125,94.45766275696224,58.309157967567444,,,,,,
1.5B,gdpo_saw,2,11,,,0.64501953125,0.769068717956543,0.0,106.24853515625,87.57353121897904,66.71042364835739,,,,,,
1.5B,gdpo_saw,2,12,,,0.74755859375,0.8278945684432983,0.0,111.3564453125,87.65812879096484,7.098431587219238,,,,,,
1.5B,gdpo_saw,2,13,,,0.796875,1.050128698348999,0.0,106.70263671875,87.1659239299479,23.814077615737915,,,,,,
1.5B,gdpo_saw,2,14,,,0.8125,1.084714651107788,0.0,112.5478515625,85.56018381100148,17.589750051498413,,,,,,
1.5B,gdpo_saw,2,15,,,0.82763671875,1.1634339094161987,0.0,111.85205078125,89.42782956699375,43.074594259262085,,,,,,
1.5B,gdpo_saw,2,16,,,0.83349609375,1.1426663398742676,0.0,111.16943359375,89.42257350799628,29.0546897649765,,,,,,
1.5B,gdpo_saw,2,17,,,0.845703125,1.222618579864502,0.0,105.87841796875,88.49104225198971,47.52044069766998,,,,,,
1.5B,gdpo_saw,2,18,,,0.849609375,1.3038899898529053,0.0,109.73583984375,88.36970271199243,10.39754045009613,,,,,,
1.5B,gdpo_saw,2,19,,,0.87060546875,1.3584595918655396,0.0,107.4638671875,86.75917718198616,3.208391487598419,,,,,,
1.5B,gdpo_saw,2,20,0.95,1.5826822137460113,0.86962890625,1.4525338411331177,0.0,102.9375,93.16203601000598,146.49298620224,,,,,,
1.5B,gdpo_saw,2,21,,,0.86474609375,1.3868367671966553,0.0,107.068359375,86.90590108197648,112.04388922452927,,,,,,
1.5B,gdpo_saw,2,22,,,0.86279296875,1.3735427856445312,0.0,103.95947265625,89.29323898802977,40.56448841094971,,,,,,
1.5B,gdpo_saw,2,23,,,0.8466796875,1.437944769859314,0.0,94.43408203125,85.05375536700012,183.8143132328987,,,,,,
1.5B,gdpo_saw,2,24,,,0.8955078125,1.5288894176483154,0.0,99.97119140625,86.84301617799792,2.8157671093940735,,,,,,
1.5B,gdpo_saw,2,25,,,0.8974609375,1.5143972635269165,0.0,100.88525390625,87.27946277603041,176.49361276626587,,,,,,
1.5B,gdpo_saw,2,26,,,0.8935546875,1.5983266830444336,0.0,98.705078125,85.4819842769648,414.6373173594475,,,,,,
1.5B,gdpo_saw,2,27,,,0.91064453125,1.608677864074707,0.0,95.41259765625,80.78926213597879,85.05108040571213,,,,,,
1.5B,gdpo_saw,2,28,,,0.90576171875,1.684321641921997,0.0,96.7138671875,86.24209199700272,204.7914360165596,,,,,,
1.5B,gdpo_saw,2,29,,,0.91748046875,1.6710987091064453,0.0,103.662109375,90.94076954503544,425.8902195096016,,,,,,
1.5B,gdpo_saw,2,30,0.975,1.7064528182148933,0.89990234375,1.5808846950531006,0.0,99.1162109375,96.33610984997358,162.04856979846954,,,,,,
1.5B,gdpo_saw,2,31,,,0.90966796875,1.5821261405944824,0.0,94.86474609375,84.12053430802189,25.21799921989441,,,,,,
1.5B,gdpo_saw,2,32,,,0.93505859375,1.726050853729248,0.0,94.72216796875,87.65183769795112,155.78554433584213,,,,,,
1.5B,gdpo_saw,2,33,,,0.92236328125,1.5837048292160034,0.0,97.55078125,88.05237446498359,317.39020520448685,,,,,,
1.5B,gdpo_saw,2,34,,,0.90966796875,1.7100269794464111,0.0,93.97607421875,80.2798620100366,260.22596406936646,,,,,,
1.5B,gdpo_saw,2,35,,,0.90478515625,1.5900344848632812,0.0,100.58203125,87.35394375299802,911.7720285654068,,,,,,
1.5B,gdpo_saw,2,36,,,0.92626953125,1.6050094366073608,0.0,96.4912109375,88.5700934730121,2.647067904472351,,,,,,
1.5B,gdpo_saw,2,37,,,0.927734375,1.753293514251709,0.0,92.39453125,85.68213017296512,136.04170191287994,,,,,,
1.5B,gdpo_saw,2,38,,,0.93505859375,1.5341190099716187,0.0,98.32421875,87.76423352496931,2.621678590774536,,,,,,
1.5B,gdpo_saw,2,39,,,0.92626953125,1.70256507396698,0.0,94.314453125,88.59252523403848,300.30314326286316,,,,,,
1.5B,gdpo_saw,2,40,0.975,1.7598240323364736,0.9365234375,1.7065757513046265,0.0,95.58251953125,91.9360230799648,66.36916840076447,,,,,,
1.5B,gdpo_saw,2,41,,,0.9306640625,1.71061372756958,0.0,95.89453125,86.17553298303392,22.0804004073143,,,,,,
1.5B,gdpo_saw,2,42,,,0.91455078125,1.6861728429794312,0.0,95.2666015625,78.96089578804094,205.80472099781036,,,,,,
1.5B,gdpo_saw,2,43,,,0.9267578125,1.6957995891571045,0.0,95.85693359375,85.50463601201773,78.71693575382233,,,,,,
1.5B,gdpo_saw,2,44,,,0.94482421875,1.7997791767120361,0.0,93.3056640625,79.78684619901469,144224616541.82837,,,,,,
1.5B,gdpo_saw,2,45,,,0.93798828125,1.793346643447876,0.0,95.94384765625,82.06339084496722,216.97123724222183,,,,,,
1.5B,gdpo_saw,2,46,,,0.916015625,1.7320622205734253,0.0,96.67333984375,87.07226929097669,73.14822942018509,,,,,,
1.5B,gdpo_saw,2,47,,,0.931640625,1.8347423076629639,0.0,93.037109375,78.03750879596919,5.132078289985657,,,,,,
1.5B,gdpo_saw,2,48,,,0.9208984375,1.777038335800171,0.0,97.44677734375,86.72890002996428,56.62514027953148,,,,,,
1.5B,gdpo_saw,2,49,,,0.9345703125,1.6319291591644287,0.0,96.59326171875,89.40815899695735,34.023329854011536,,,,,,
1.5B,gdpo_saw,2,50,0.975,1.7504760887473823,0.91845703125,1.7677873373031616,0.0,93.87255859375,83.27206546702655,2.7081629037857056,,,,,,
1.5B,gdpo_saw,2,51,,,0.92724609375,1.6564717292785645,0.0,94.8076171875,83.99808615195798,2.5422434210777283,,,,,,
1.5B,gdpo_saw,2,52,,,0.931640625,1.8794130086898804,0.0,91.7041015625,87.85777550301282,68.71850860118866,,,,,,
1.5B,gdpo_saw,2,53,,,0.92236328125,1.7063887119293213,0.0,93.27685546875,78.7694905080134,2.884204536676407,,,,,,
1.5B,gdpo_saw,2,54,,,0.9404296875,1.762556552886963,0.0,91.0791015625,78.20262316404842,3.146331310272217,,,,,,
1.5B,gdpo_saw,2,55,,,0.9482421875,1.7327101230621338,0.0,92.60986328125,86.52728328102967,2.850783884525299,,,,,,
1.5B,gdpo_saw,2,56,,,0.94091796875,1.8193988800048828,0.0,95.58447265625,87.6693065650179,131.6458421945572,,,,,,
1.5B,gdpo_saw,2,57,,,0.9462890625,1.7939006090164185,0.0,92.26123046875,77.75607555400347,13.098560750484467,,,,,,
1.5B,gdpo_saw,2,58,,,0.93896484375,1.8388522863388062,0.0,93.7041015625,85.40224782400765,55.030302941799164,,,,,,
1.5B,gdpo_saw,2,59,,,0.92236328125,1.7794837951660156,0.0,96.0576171875,87.67000071401708,59.582044541835785,,,,,,
1.5B,gdpo_saw,2,60,0.975,1.7556546576321126,0.93212890625,1.8089253902435303,0.0,95.93017578125,86.18650509195868,167.56233322620392,,,,,,
1.5B,gdpo_saw,2,61,,,0.93603515625,1.8468724489212036,0.0,92.53515625,80.04393908602651,63.76164352893829,,,,,,
1.5B,gdpo_saw,2,62,,,0.93994140625,1.7556583881378174,0.0,95.17431640625,89.42226506600855,4.4182910323143005,,,,,,
1.5B,gdpo_saw,2,63,,,0.94873046875,1.9135743379592896,0.0,89.00244140625,78.92502402298851,29.857025146484375,,,,,,
1.5B,gdpo_saw,2,64,,,0.947265625,1.7448039054870605,0.0,95.67822265625,81.0940013389918,2.809255063533783,,,,,,
1.5B,gdpo_saw,2,65,,,0.9501953125,1.89219069480896,0.0,95.08837890625,83.90227364504244,3.1699018478393555,,,,,,
1.5B,gdpo_saw,2,66,,,0.93505859375,1.8340446949005127,0.0,92.33740234375,82.2807562770322,136.49190878868103,,,,,,
1.5B,gdpo_saw,2,67,,,0.93994140625,1.8475439548492432,0.0,96.61279296875,79.54491950100055,73.09915953874588,,,,,,
1.5B,gdpo_saw,2,68,,,0.9248046875,1.8535937070846558,0.0,89.037109375,77.17333939298987,53.244423389434814,,,,,,
1.5B,gdpo_saw,2,69,,,0.9423828125,1.8046600818634033,0.0,90.25927734375,78.77738362102536,20.44944190979004,,,,,,
1.5B,gdpo_saw,2,70,0.975,1.7502769112586976,0.92822265625,1.9092679023742676,0.0,90.298828125,88.67103024001699,43.210155606269836,,,,,,
1.5B,gdpo_saw,2,71,,,0.92626953125,1.8071588277816772,0.0,92.51806640625,81.46556679799687,42.56806522607803,,,,,,
1.5B,gdpo_saw,2,72,,,0.94775390625,1.8846147060394287,0.0,93.5244140625,86.25019546900876,180.62827903032303,,,,,,
1.5B,gdpo_saw,2,73,,,0.9169921875,1.8733704090118408,0.0,98.42822265625,88.68617143604206,314.3968383073807,,,,,,
1.5B,gdpo_saw,2,74,,,0.9462890625,1.9261120557785034,0.0,92.72265625,85.71765209495788,177.78832083940506,,,,,,
1.5B,gdpo_saw,2,75,,,0.95068359375,1.8874568939208984,0.0,90.3115234375,76.90455638302956,332.3564668893814,,,,,,
1.5B,gdpo_saw,2,76,,,0.95166015625,1.887004017829895,0.0,94.7646484375,80.71929535100935,17.81239664554596,,,,,,
1.5B,gdpo_saw,2,77,,,0.9345703125,1.8118081092834473,0.0,93.99169921875,88.71418923599413,853.1111335754395,,,,,,
1.5B,gdpo_saw,2,78,,,0.93701171875,1.8770886659622192,0.0,88.78076171875,78.54776678804774,23.65624302625656,,,,,,
1.5B,gdpo_saw,2,79,,,0.9462890625,1.899985671043396,0.0,94.27587890625,79.38655560300685,7867.912301361561,,,,,,
1.5B,gdpo_saw,2,80,0.975,1.764507681131363,0.93896484375,1.9154846668243408,0.0,94.69189453125,90.71646709402557,51.82534509897232,,,,,,
1.5B,gdpo_saw,2,81,,,0.95263671875,1.8119908571243286,0.0,96.63427734375,84.44917650503339,7.948254287242889,,,,,,
1.5B,gdpo_saw,2,82,,,0.931640625,1.9291250705718994,0.0,91.8544921875,76.45554376399377,2.5623502135276794,,,,,,
1.5B,gdpo_saw,2,83,,,0.93505859375,1.8695851564407349,0.0,93.58837890625,87.81000543100527,91.70692735910416,,,,,,
1.5B,gdpo_saw,2,84,,,0.951171875,1.8617538213729858,0.0,93.91748046875,78.28745548502775,241.0935881137848,,,,,,
1.5B,gdpo_saw,2,85,,,0.94970703125,1.976146936416626,0.0,97.2080078125,86.67964760103496,3.6166574954986572,,,,,,
1.5B,gdpo_saw,2,86,,,0.92529296875,1.7485631704330444,0.0,97.47998046875,87.4481315719895,87.94928419589996,,,,,,
1.5B,gdpo_saw,2,87,,,0.93896484375,1.8662842512130737,0.0,94.02197265625,81.65558973903535,325.0730100274086,,,,,,
1.5B,gdpo_saw,2,88,,,0.94091796875,1.946382761001587,0.0,94.68212890625,79.4845624769805,25.50649857521057,,,,,,
1.5B,gdpo_saw,2,89,,,0.931640625,1.9182498455047607,0.0,99.24853515625,82.55464012199081,15.308330774307251,,,,,,
1.5B,gdpo_saw,2,90,0.975,1.796526911854744,0.9287109375,1.8506765365600586,0.0,89.107421875,82.94210589001887,3.0952726006507874,,,,,,
1.5B,gdpo_saw,2,91,,,0.94970703125,1.9089150428771973,0.0,95.1494140625,78.32276795199141,854.7832916676998,,,,,,
1.5B,gdpo_saw,2,92,,,0.9462890625,1.8387885093688965,0.0,95.32470703125,86.26410255394876,6.054523408412933,,,,,,
1.5B,gdpo_saw,2,93,,,0.939453125,1.8060801029205322,0.0,93.81103515625,80.94445212202845,101.73979783058167,,,,,,
1.5B,gdpo_saw,2,94,,,0.95751953125,1.9723973274230957,0.0,95.66748046875,77.22510636103107,126.09608799219131,,,,,,
1.5B,gdpo_saw,2,95,,,0.935546875,1.8606733083724976,0.0,90.86083984375,87.75070235395106,96.21196323633194,,,,,,
1.5B,gdpo_saw,2,96,,,0.9306640625,1.9742814302444458,0.0,92.10498046875,80.96717469202122,2.937353491783142,,,,,,
1.5B,gdpo_saw,2,97,,,0.935546875,2.021419048309326,0.0,94.5244140625,78.77119110198691,127.15170784294605,,,,,,
1.5B,gdpo_saw,2,98,,,0.9443359375,1.8935059309005737,0.0,93.97705078125,79.19930284202565,40.89567995071411,,,,,,
1.5B,gdpo_saw,2,99,,,0.94384765625,1.9328606128692627,0.0,90.7119140625,79.10269873100333,177.04478073120117,,,,,,
1.5B,gdpo_saw,2,100,0.975,1.764507681131363,0.923828125,1.849968433380127,0.0,92.68408203125,95.87888028199086,2.9952925592660904,,,,,,
3B,grpo,0,0,0.1125,1.1467072501778603,,,,,,,,,,,,
3B,grpo,0,1,,,0.05712890625,-0.6657857894897461,0.0,178.0087890625,162.32977270599804,75.44349002838135,,,,,,
3B,grpo,0,2,,,0.052734375,-0.5497599840164185,0.0,175.046875,160.56377871699806,45.691128730773926,,,,,,
3B,grpo,0,3,,,0.068359375,-0.3272797763347626,0.0,179.21923828125,158.74426808000135,57.52489614486694,,,,,,
3B,grpo,0,4,,,0.06787109375,0.12009090185165405,0.0,189.05810546875,157.91555240299203,68.71787166595459,,,,,,
3B,grpo,0,5,,,0.07373046875,0.5776348114013672,0.0,194.22998046875,161.26059921299748,41.94108057022095,,,,,,
3B,grpo,0,6,,,0.11865234375,0.8804226517677307,0.0,185.072265625,155.19311816300615,89.74049377441406,,,,,,
3B,grpo,0,7,,,0.1669921875,0.98919278383255,0.0,189.43359375,159.79451302099915,64.86930274963379,,,,,,
3B,grpo,0,8,,,0.22119140625,1.0248820781707764,0.0,185.5205078125,159.50331165498937,47.89858961105347,,,,,,
3B,grpo,0,9,,,0.34375,1.14918053150177,0.0,185.3486328125,160.24603690300137,28.78933048248291,,,,,,
3B,grpo,0,10,0.5625,1.4778702506795525,0.45654296875,1.320422887802124,0.0,177.0400390625,175.9658426380047,63.5605525970459,,,,,,
3B,grpo,0,11,,,0.51171875,1.367857813835144,0.0,169.38671875,150.31380719400477,58.0917763710022,,,,,,
3B,grpo,0,12,,,0.53662109375,1.2437512874603271,0.0,175.845703125,157.08995478099678,38.55457603931427,,,,,,
3B,grpo,0,13,,,0.591796875,1.3124340772628784,0.0,166.83642578125,158.5648793230066,67.96835613250732,,,,,,
3B,grpo,0,14,,,0.60693359375,1.316316843032837,0.0,176.0986328125,158.9904102080036,46.91945457458496,,,,,,
3B,grpo,0,15,,,0.6611328125,1.2666722536087036,0.0,169.86181640625,154.43721720699978,46.39392375946045,,,,,,
3B,grpo,0,16,,,0.68798828125,1.4620981216430664,0.0,160.69921875,150.3422990130057,39.46124219894409,,,,,,
3B,grpo,0,17,,,0.75732421875,1.5055954456329346,0.0,158.24365234375,151.1700361950061,83.68044757843018,,,,,,
3B,grpo,0,18,,,0.7783203125,1.3830416202545166,0.0,155.0634765625,152.4314806350012,37.04870331287384,,,,,,
3B,grpo,0,19,,,0.80029296875,1.5368601083755493,0.0,153.40234375,150.33055788501224,20.968164443969727,,,,,,
3B,grpo,0,20,0.9375,1.7703371621668338,0.8134765625,1.4367635250091553,0.0,157.03466796875,159.2242483470036,60.91182744503021,,,,,,
3B,grpo,0,21,,,0.80224609375,1.5052456855773926,0.0,156.455078125,157.96602189799887,35.35259544849396,,,,,,
3B,grpo,0,22,,,0.8564453125,1.5640347003936768,0.0,153.34521484375,150.6641434159974,33.21243500709534,,,,,,
3B,grpo,0,23,,,0.86376953125,1.5284208059310913,0.0,145.99169921875,149.46586099499837,76.1955828666687,,,,,,
3B,grpo,0,24,,,0.8671875,1.5655511617660522,0.0,143.091796875,151.311862543007,26.41627287864685,,,,,,
3B,grpo,0,25,,,0.875,1.5108853578567505,0.0,148.93408203125,153.65533932599647,14.54909998178482,,,,,,
3B,grpo,0,26,,,0.8896484375,1.6385173797607422,0.0,140.65234375,146.53274066800077,25.05224084854126,,,,,,
3B,grpo,0,27,,,0.8681640625,1.4077844619750977,0.0,149.630859375,156.12433014900307,28.661063313484192,,,,,,
3B,grpo,0,28,,,0.87158203125,1.6053051948547363,0.0,136.65625,146.04089078100515,18.882223904132843,,,,,,
3B,grpo,0,29,,,0.900390625,1.6408895254135132,0.0,142.99853515625,148.38793597600306,29.539059281349182,,,,,,
3B,grpo,0,30,0.95,1.8076856492087245,0.89794921875,1.6314513683319092,0.0,142.2216796875,157.89391274700756,8.321784973144531,,,,,,
3B,grpo,0,31,,,0.876953125,1.639289379119873,0.0,140.3818359375,148.54290073699667,3.4070204496383667,,,,,,
3B,grpo,0,32,,,0.876953125,1.5182613134384155,0.0,142.39013671875,152.00992253799632,14.858396351337433,,,,,,
3B,grpo,0,33,,,0.90869140625,1.7099334001541138,0.0,145.9736328125,153.96702282098704,2.914272665977478,,,,,,
3B,grpo,0,34,,,0.94091796875,1.6491124629974365,0.0,140.37451171875,149.2983883780107,16.831262588500977,,,,,,
3B,grpo,0,35,,,0.89599609375,1.6575825214385986,0.0,138.00830078125,151.48173017599038,2.6597403287887573,,,,,,
3B,grpo,0,36,,,0.94140625,1.7422571182250977,0.0,141.22607421875,152.2855109749944,2.898741364479065,,,,,,
3B,grpo,0,37,,,0.9111328125,1.7222166061401367,0.0,146.18408203125,149.42423653500737,15.019885659217834,,,,,,
3B,grpo,0,38,,,0.90283203125,1.5878808498382568,0.0,142.69482421875,146.76467989401135,2.761394679546356,,,,,,
3B,grpo,0,39,,,0.9140625,1.5889312028884888,0.0,143.6435546875,149.47081610000168,3.2681824564933777,,,,,,
3B,grpo,0,40,0.95,1.7915871633216738,0.92724609375,1.697293996810913,0.0,144.12939453125,158.0691991509957,16.289933919906616,,,,,,
3B,grpo,0,41,,,0.9326171875,1.697738766670227,0.0,131.48681640625,148.30584552700748,117.64036256074905,,,,,,
3B,grpo,0,42,,,0.9404296875,1.5950591564178467,0.0,137.4912109375,148.32338699599495,10.98978567123413,,,,,,
3B,grpo,0,43,,,0.93994140625,1.7522082328796387,0.0,143.35986328125,151.14769098900433,25.108987987041473,,,,,,
3B,grpo,0,44,,,0.92822265625,1.6339102983474731,0.0,141.5810546875,152.4873563900037,9.905681312084198,,,,,,
3B,grpo,0,45,,,0.931640625,1.6815844774246216,0.0,137.14794921875,148.18447394100076,12.630832970142365,,,,,,
3B,grpo,0,46,,,0.9482421875,1.7601343393325806,0.0,139.75390625,145.37446090199228,10.521190822124481,,,,,,
3B,grpo,0,47,,,0.9482421875,1.717527151107788,0.0,140.31201171875,144.14619990900974,4.7635340094566345,,,,,,
3B,grpo,0,48,,,0.9306640625,1.7016907930374146,0.0,141.6416015625,148.0093544160045,2.607027769088745,,,,,,
3B,grpo,0,49,,,0.935546875,1.8084977865219116,0.0,132.6435546875,145.02980325701355,7.0504677295684814,,,,,,
3B,grpo,0,50,0.9875,1.744570223800838,0.94873046875,1.7773250341415405,0.0,141.07861328125,153.30854849999014,9.702145516872406,,,,,,
3B,grpo,0,51,,,0.9443359375,1.7264572381973267,0.0,136.978515625,150.4370382509951,8.317882120609283,,,,,,
3B,grpo,0,52,,,0.9453125,1.7445335388183594,0.0,134.3310546875,145.35844622300647,3.0278438329696655,,,,,,
3B,grpo,0,53,,,0.94580078125,1.785157561302185,0.0,137.5576171875,148.10124344700307,8.450027167797089,,,,,,
3B,grpo,0,54,,,0.9375,1.7300602197647095,0.0,139.5771484375,146.9839013180026,3.0800057649612427,,,,,,
3B,grpo,0,55,,,0.92041015625,1.7291032075881958,0.0,145.064453125,149.1270522029954,9.062820434570312,,,,,,
3B,grpo,0,56,,,0.92822265625,1.7352436780929565,0.0,145.59912109375,151.618061303001,8.948477864265442,,,,,,
3B,grpo,0,57,,,0.9404296875,1.767598271369934,0.0,136.84228515625,144.03592563899292,2.463052749633789,,,,,,
3B,grpo,0,58,,,0.9365234375,1.7692936658859253,0.0,139.6220703125,144.81691880698781,2.513871133327484,,,,,,
3B,grpo,0,59,,,0.9443359375,1.8908096551895142,0.0,136.96484375,144.4814444549993,18.100244104862213,,,,,,
3B,grpo,0,60,0.975,1.815552364103496,0.9423828125,1.7045713663101196,0.0,138.583984375,154.14168482099194,9.553116023540497,,,,,,
3B,grpo,0,61,,,0.95654296875,1.8636162281036377,0.0,136.572265625,148.35219221499574,9.121658027172089,,,,,,
3B,grpo,0,62,,,0.9404296875,1.6790688037872314,0.0,138.7421875,148.10202339000534,2.6384565234184265,,,,,,
3B,grpo,0,63,,,0.93994140625,1.8197541236877441,0.0,140.04150390625,149.81345478599542,2.7911530137062073,,,,,,
3B,grpo,0,64,,,0.94287109375,1.7725708484649658,0.0,141.15625,146.5790988630033,12.705060243606567,,,,,,
3B,grpo,0,65,,,0.95263671875,1.9045753479003906,0.0,134.6787109375,149.79486374800035,2.8694199323654175,,,,,,
3B,grpo,0,66,,,0.951171875,1.7638485431671143,0.0,135.658203125,145.95292845500808,13.517944872379303,,,,,,
3B,grpo,0,67,,,0.93896484375,1.763132929801941,0.0,138.62353515625,149.27199420800025,4.286731064319611,,,,,,
3B,grpo,0,68,,,0.947265625,1.7612091302871704,0.0,143.8837890625,152.283806566993,8.779165923595428,,,,,,
3B,grpo,0,69,,,0.9365234375,1.775275707244873,0.0,132.00341796875,145.4343502559932,2.6660876274108887,,,,,,
3B,grpo,0,70,0.975,1.787038171105087,0.94140625,1.7898353338241577,0.0,135.95654296875,163.06972620300076,11.06874132156372,,,,,,
3B,grpo,0,71,,,0.94287109375,1.8079882860183716,0.0,138.3017578125,150.7839936389937,9.600078463554382,,,,,,
3B,grpo,0,72,,,0.94580078125,1.7394194602966309,0.0,136.61865234375,146.97830835000786,3.3441343307495117,,,,,,
3B,grpo,0,73,,,0.94921875,1.85029935836792,0.0,131.50439453125,147.3344807169924,6.52383828163147,,,,,,
3B,grpo,0,74,,,0.93408203125,1.7027382850646973,0.0,137.85009765625,153.75946519100398,6.296516478061676,,,,,,
3B,grpo,0,75,,,0.9375,1.7720837593078613,0.0,138.85009765625,147.7790614109981,2.5728824138641357,,,,,,
3B,grpo,0,76,,,0.9541015625,1.7529644966125488,0.0,137.76611328125,152.17324915000063,12.711828470230103,,,,,,
3B,grpo,0,77,,,0.95751953125,1.8631525039672852,0.0,136.55908203125,148.40830369900505,2.513239860534668,,,,,,
3B,grpo,0,78,,,0.966796875,1.9372367858886719,0.0,134.69873046875,145.9896421529993,2.6247349977493286,,,,,,
3B,grpo,0,79,,,0.94970703125,1.8732877969741821,0.0,141.42626953125,148.15340284000558,2.448496460914612,,,,,,
3B,grpo,0,80,0.9875,1.7637964133173227,0.95361328125,1.8441013097763062,0.0,140.10693359375,159.07195174400113,20.583849728107452,,,,,,
3B,grpo,0,81,,,0.94384765625,1.7376824617385864,0.0,137.080078125,148.736040393007,7.164096295833588,,,,,,
3B,grpo,0,82,,,0.93798828125,1.8472654819488525,0.0,138.05908203125,150.19625042300322,3.3836278319358826,,,,,,
3B,grpo,0,83,,,0.951171875,1.7391170263290405,0.0,129.3837890625,148.4395080760005,3.2761719822883606,,,,,,
3B,grpo,0,84,,,0.94384765625,1.8073060512542725,0.0,135.98046875,148.3120027870027,9.133073329925537,,,,,,
3B,grpo,0,85,,,0.94873046875,1.8370184898376465,0.0,135.62451171875,148.55745071099955,2.811460793018341,,,,,,
3B,grpo,0,86,,,0.95654296875,1.8512359857559204,0.0,137.30126953125,152.02112625500013,2.77067768573761,,,,,,
3B,grpo,0,87,,,0.94287109375,1.8417304754257202,0.0,134.01708984375,149.86111222099862,2.630059838294983,,,,,,
3B,grpo,0,88,,,0.951171875,1.8159700632095337,0.0,131.31201171875,137.73436058800144,6.218625843524933,,,,,,
3B,grpo,0,89,,,0.94775390625,1.7750670909881592,0.0,137.453125,146.96288799800095,15.217074811458588,,,,,,
3B,grpo,0,90,0.975,1.7473060278221966,0.951171875,1.8113473653793335,0.0,136.59375,160.96136501300498,2.534816086292267,,,,,,
3B,grpo,0,91,,,0.951171875,1.825096845626831,0.0,133.2314453125,141.52749188400048,2.7623343467712402,,,,,,
3B,grpo,0,92,,,0.94970703125,1.8567984104156494,0.0,133.5908203125,145.63971357500122,2.8060176372528076,,,,,,
3B,grpo,0,93,,,0.9501953125,1.8117696046829224,0.0,136.5263671875,149.61937484100054,4641.539591908455,,,,,,
3B,grpo,0,94,,,0.95068359375,1.877471685409546,0.0,134.46630859375,143.986793286007,10.348803579807281,,,,,,
3B,grpo,0,95,,,0.95263671875,1.829784870147705,0.0,138.8935546875,151.13824823399773,2.475767493247986,,,,,,
3B,grpo,0,96,,,0.962890625,1.789853572845459,0.0,138.98974609375,146.1505702209979,19.06465208530426,,,,,,
3B,grpo,0,97,,,0.95654296875,1.8557790517807007,0.0,138.93701171875,147.42292602999078,11.858465790748596,,,,,,
3B,grpo,0,98,,,0.94091796875,1.7829957008361816,0.0,138.70361328125,149.76356726199447,2.6969072818756104,,,,,,
3B,grpo,0,99,,,0.93798828125,1.8564280271530151,0.0,136.7373046875,146.18683751000208,19.535634338855743,,,,,,
3B,grpo,0,100,0.9875,1.8125761752948164,0.947265625,1.8110113143920898,0.0,139.42724609375,185.404354992992,3.1022477746009827,,,,,,
3B,grpo,1,0,0.1125,1.1212608203291894,,,,,,,,,,,,
3B,grpo,1,1,,,0.064453125,-0.4740299880504608,0.0,175.07763671875,172.43974180804798,31.910451650619507,,,,,,
3B,grpo,1,2,,,0.0546875,-0.7214980125427246,0.0,172.90625,166.863629148982,92.67099571228027,,,,,,
3B,grpo,1,3,,,0.07666015625,-0.2601849436759949,0.0,177.35791015625,166.46740890701767,42.94518995285034,,,,,,
3B,grpo,1,4,,,0.0830078125,0.24316644668579102,0.0,185.88720703125,169.85487162304344,64.3157821893692,,,,,,
3B,grpo,1,5,,,0.1279296875,0.5806770324707031,0.0,185.8486328125,166.05856821901398,58.578582763671875,,,,,,
3B,grpo,1,6,,,0.16650390625,0.9809548854827881,0.0,195.41162109375,171.2449234899832,116.2750654220581,,,,,,
3B,grpo,1,7,,,0.25,1.0128415822982788,0.0,186.671875,165.39430687297136,63.519500732421875,,,,,,
3B,grpo,1,8,,,0.3046875,1.1562745571136475,0.0,177.08984375,170.9089793729363,60.422178506851196,,,,,,
3B,grpo,1,9,,,0.353515625,1.1502745151519775,0.0,179.00927734375,165.24551462801173,32.760603845119476,,,,,,
3B,grpo,1,10,0.55,1.6661704953759908,0.462890625,1.3573148250579834,0.0,179.53076171875,179.1254704220919,98.28990173339844,,,,,,
3B,grpo,1,11,,,0.49609375,1.3018653392791748,0.0,166.17333984375,156.92530794802587,46.11829495429993,,,,,,
3B,grpo,1,12,,,0.568359375,1.3411592245101929,0.0,173.46044921875,163.80152436695062,33.09106206893921,,,,,,
3B,grpo,1,13,,,0.63037109375,1.3553640842437744,0.0,166.14013671875,160.31342993397266,21.86434268951416,,,,,,
3B,grpo,1,14,,,0.66162109375,1.376894235610962,0.0,158.3125,161.89352036605123,16.927821815013885,,,,,,
3B,grpo,1,15,,,0.71728515625,1.5152466297149658,0.0,157.8994140625,163.62129055301193,15.072256028652191,,,,,,
3B,grpo,1,16,,,0.73828125,1.3707996606826782,0.0,157.75048828125,161.7497626360273,40.36158263683319,,,,,,
3B,grpo,1,17,,,0.75146484375,1.4240866899490356,0.0,149.82373046875,158.5390333830146,15.72526890039444,,,,,,
3B,grpo,1,18,,,0.78466796875,1.4684556722640991,0.0,161.24267578125,167.18822590599302,6.812378704547882,,,,,,
3B,grpo,1,19,,,0.82421875,1.4561914205551147,0.0,145.3271484375,158.77635709301103,16.918501675128937,,,,,,
3B,grpo,1,20,0.95,1.7985568599775434,0.849609375,1.4941215515136719,0.0,143.11328125,169.1304581000004,3.4440773129463196,,,,,,
3B,grpo,1,21,,,0.87451171875,1.5774579048156738,0.0,140.1171875,156.93716809898615,13.489420413970947,,,,,,
3B,grpo,1,22,,,0.87646484375,1.6050691604614258,0.0,145.46044921875,159.3430541130947,3.1263033747673035,,,,,,
3B,grpo,1,23,,,0.87939453125,1.551306128501892,0.0,146.77490234375,162.38684604899026,9.85760372877121,,,,,,
3B,grpo,1,24,,,0.88916015625,1.571901798248291,0.0,138.99365234375,154.29239637905266,40.440599381923676,,,,,,
3B,grpo,1,25,,,0.900390625,1.7292581796646118,0.0,137.06201171875,154.98943451605737,2.771996021270752,,,,,,
3B,grpo,1,26,,,0.91845703125,1.696395993232727,0.0,137.3115234375,155.95144071104005,2.683791697025299,,,,,,
3B,grpo,1,27,,,0.89208984375,1.5771148204803467,0.0,139.91455078125,154.1025196899427,3.2148804664611816,,,,,,
3B,grpo,1,28,,,0.89990234375,1.4909518957138062,0.0,143.3037109375,157.18231395806652,16.794578850269318,,,,,,
3B,grpo,1,29,,,0.92041015625,1.6863079071044922,0.0,135.3642578125,155.92127382592298,12.008720636367798,,,,,,
3B,grpo,1,30,0.95,1.8043901942670346,0.904296875,1.5925788879394531,0.0,144.7607421875,173.87622932798695,2.6783294677734375,,,,,,
3B,grpo,1,31,,,0.92724609375,1.716904878616333,0.0,135.384765625,152.20329223305453,4.747269153594971,,,,,,
3B,grpo,1,32,,,0.9150390625,1.6647571325302124,0.0,142.30224609375,160.92180275998544,4.162720680236816,,,,,,
3B,grpo,1,33,,,0.93017578125,1.6497151851654053,0.0,135.73583984375,157.28835963702295,16.489780604839325,,,,,,
3B,grpo,1,34,,,0.9296875,1.6832239627838135,0.0,139.89599609375,156.75102666800376,4.843123912811279,,,,,,
3B,grpo,1,35,,,0.9150390625,1.6743556261062622,0.0,139.62255859375,152.34680066700093,17.15358418226242,,,,,,
3B,grpo,1,36,,,0.91796875,1.6869653463363647,0.0,132.20849609375,151.77732179802842,7.582101881504059,,,,,,
3B,grpo,1,37,,,0.92431640625,1.5605665445327759,0.0,137.8837890625,154.86126739694737,2.765856444835663,,,,,,
3B,grpo,1,38,,,0.9169921875,1.7876992225646973,0.0,142.19775390625,158.86403758102097,2.83927845954895,,,,,,
3B,grpo,1,39,,,0.919921875,1.5082615613937378,0.0,137.13623046875,158.51017761102412,2.869393825531006,,,,,,
3B,grpo,1,40,0.975,1.8156768245622517,0.9326171875,1.7752424478530884,0.0,139.84716796875,164.89928829099517,3.133274495601654,,,,,,
3B,grpo,1,41,,,0.93115234375,1.7897164821624756,0.0,133.04541015625,150.09951154293958,2.6356937885284424,,,,,,
3B,grpo,1,42,,,0.93896484375,1.6492059230804443,0.0,144.0146484375,157.95645131799392,2.7729159593582153,,,,,,
3B,grpo,1,43,,,0.91357421875,1.6471624374389648,0.0,144.63134765625,156.77978410501964,2.644073188304901,,,,,,
3B,grpo,1,44,,,0.93017578125,1.6663752794265747,0.0,141.8359375,156.6261183359893,2.718025505542755,,,,,,
3B,grpo,1,45,,,0.92724609375,1.702150821685791,0.0,134.607421875,147.87855742301326,2.7578364610671997,,,,,,
3B,grpo,1,46,,,0.93310546875,1.8203245401382446,0.0,140.61279296875,158.2850825689966,15.251789093017578,,,,,,
3B,grpo,1,47,,,0.94677734375,1.7391594648361206,0.0,136.71240234375,155.56002976896707,2.8274620175361633,,,,,,
3B,grpo,1,48,,,0.9384765625,1.699273705482483,0.0,137.43896484375,157.42793922999408,2.8847026228904724,,,,,,
3B,grpo,1,49,,,0.94140625,1.7444589138031006,0.0,140.5595703125,156.70785047695972,5.545434832572937,,,,,,
3B,grpo,1,50,0.975,1.7906768230721355,0.94384765625,1.7530792951583862,0.0,138.27490234375,166.01698659395333,11.961325883865356,,,,,,
3B,grpo,1,51,,,0.9462890625,1.7751221656799316,0.0,136.26171875,153.9763980730204,13.890903055667877,,,,,,
3B,grpo,1,52,,,0.94873046875,1.7581838369369507,0.0,131.8310546875,155.04356067499612,2.5695226192474365,,,,,,
3B,grpo,1,53,,,0.93701171875,1.6929066181182861,0.0,136.95654296875,151.87390075810254,2.5541959404945374,,,,,,
3B,grpo,1,54,,,0.931640625,1.6789792776107788,0.0,140.40576171875,160.23545240599196,2.7497050166130066,,,,,,
3B,grpo,1,55,,,0.93017578125,1.7326867580413818,0.0,141.69140625,156.61407225998119,2.6875386834144592,,,,,,
3B,grpo,1,56,,,0.9345703125,1.8134753704071045,0.0,140.8564453125,152.21439253806602,3.420953094959259,,,,,,
3B,grpo,1,57,,,0.9326171875,1.667283058166504,0.0,137.5146484375,155.24600456596818,3.6164167523384094,,,,,,
3B,grpo,1,58,,,0.9404296875,1.8757249116897583,0.0,141.73291015625,154.87874672398902,2.851741313934326,,,,,,
3B,grpo,1,59,,,0.94482421875,1.77870774269104,0.0,133.5205078125,153.39192283106968,12.163294017314911,,,,,,
3B,grpo,1,60,0.975,1.814692391641438,0.93115234375,1.8073923587799072,0.0,140.25244140625,167.1985728800064,2.9716001749038696,,,,,,
3B,grpo,1,61,,,0.9541015625,1.7542784214019775,0.0,135.388671875,153.96433832496405,6.379484713077545,,,,,,
3B,grpo,1,62,,,0.92919921875,1.7818427085876465,0.0,136.94384765625,153.7725976469228,2.73311710357666,,,,,,
3B,grpo,1,63,,,0.935546875,1.628586769104004,0.0,137.67041015625,151.73196981300134,2.549080193042755,,,,,,
3B,grpo,1,64,,,0.931640625,1.7306435108184814,0.0,138.8662109375,157.72962220106274,2.83882600069046,,,,,,
3B,grpo,1,65,,,0.94677734375,1.6672768592834473,0.0,142.8896484375,159.28928885795176,2.9876086711883545,,,,,,
3B,grpo,1,66,,,0.94482421875,1.8576922416687012,0.0,132.34912109375,147.18844429997262,11.581161379814148,,,,,,
3B,grpo,1,67,,,0.95751953125,1.8220981359481812,0.0,130.677734375,142.7506178939948,3.0777244567871094,,,,,,
3B,grpo,1,68,,,0.9521484375,1.8284714221954346,0.0,139.47802734375,156.27563985006418,12.459552586078644,,,,,,
3B,grpo,1,69,,,0.93603515625,1.6529855728149414,0.0,141.72607421875,158.20333280507475,3.1337506771087646,,,,,,
3B,grpo,1,70,0.975,1.705341740883887,0.93310546875,1.7783386707305908,0.0,139.0673828125,167.09148773900233,11.586337149143219,,,,,,
3B,grpo,1,71,,,0.9404296875,1.7667790651321411,0.0,137.888671875,152.6212189020589,2.865730404853821,,,,,,
3B,grpo,1,72,,,0.9599609375,1.8938400745391846,0.0,133.44140625,145.96823370899074,19.210256695747375,,,,,,
3B,grpo,1,73,,,0.935546875,1.7811161279678345,0.0,138.84375,155.09120772301685,2.7489181756973267,,,,,,
3B,grpo,1,74,,,0.947265625,1.7381618022918701,0.0,143.5703125,159.39792790799402,2.6124889850616455,,,,,,
3B,grpo,1,75,,,0.931640625,1.74653959274292,0.0,141.97998046875,154.22145767800976,2.4722498655319214,,,,,,
3B,grpo,1,76,,,0.9521484375,1.7711912393569946,0.0,141.95361328125,155.32489802211057,2.687333047389984,,,,,,
3B,grpo,1,77,,,0.9580078125,1.8897521495819092,0.0,139.943359375,156.8012030730024,2.6251067519187927,,,,,,
3B,grpo,1,78,,,0.9580078125,1.907452940940857,0.0,141.53662109375,158.02414887095802,2.5801501274108887,,,,,,
3B,grpo,1,79,,,0.95703125,1.8036620616912842,0.0,138.1484375,157.82664093596395,2.6175514459609985,,,,,,
3B,grpo,1,80,0.975,1.6989154595881701,0.9345703125,1.6676357984542847,0.0,141.59716796875,170.56333357701078,2.9739089608192444,,,,,,
3B,grpo,1,81,,,0.9619140625,1.8879339694976807,0.0,134.11181640625,150.16922603105195,10.232906937599182,,,,,,
3B,grpo,1,82,,,0.955078125,1.8143213987350464,0.0,137.759765625,158.7814911219757,13.851388692855835,,,,,,
3B,grpo,1,83,,,0.951171875,1.7983179092407227,0.0,140.99072265625,150.7958774579456,2.6682422161102295,,,,,,
3B,grpo,1,84,,,0.9404296875,1.806533932685852,0.0,137.22509765625,155.96423515095375,3.213394284248352,,,,,,
3B,grpo,1,85,,,0.93896484375,1.7297507524490356,0.0,138.88427734375,156.68025862402283,2.8175929188728333,,,,,,
3B,grpo,1,86,,,0.9443359375,1.8543510437011719,0.0,140.7080078125,156.60859102301765,2.6643711924552917,,,,,,
3B,grpo,1,87,,,0.9384765625,1.8066991567611694,0.0,134.1611328125,143.27057682408486,2.478576362133026,,,,,,
3B,grpo,1,88,,,0.9453125,1.8664783239364624,0.0,141.25048828125,150.7917826420162,3.000919997692108,,,,,,
3B,grpo,1,89,,,0.95361328125,1.8342978954315186,0.0,136.7421875,153.83230205299333,2.7729340195655823,,,,,,
3B,grpo,1,90,0.975,1.7315322173759342,0.958984375,1.7542952299118042,0.0,139.6171875,162.89094652305357,24.66989427804947,,,,,,
3B,grpo,1,91,,,0.95849609375,1.8066349029541016,0.0,132.609375,149.28014538693242,6.819234132766724,,,,,,
3B,grpo,1,92,,,0.94873046875,1.8982797861099243,0.0,131.08203125,148.0903988389764,2.698957324028015,,,,,,
3B,grpo,1,93,,,0.95849609375,1.80983304977417,0.0,136.7783203125,154.95632550504524,2.7158217430114746,,,,,,
3B,grpo,1,94,,,0.95556640625,1.862838864326477,0.0,131.75341796875,151.4843296019826,2.930315136909485,,,,,,
3B,grpo,1,95,,,0.9462890625,1.8449028730392456,0.0,129.94580078125,149.77387430204544,2.8705186247825623,,,,,,
3B,grpo,1,96,,,0.94775390625,1.7387006282806396,0.0,135.1396484375,150.03702584293205,2.737580895423889,,,,,,
3B,grpo,1,97,,,0.953125,1.8476684093475342,0.0,132.517578125,143.3138048989931,2.4879984855651855,,,,,,
3B,grpo,1,98,,,0.95166015625,1.8629087209701538,0.0,140.01513671875,153.48406827100553,12.885572254657745,,,,,,
3B,grpo,1,99,,,0.94873046875,1.8027437925338745,0.0,141.94140625,153.8146685080137,5.075279355049133,,,,,,
3B,grpo,1,100,0.9875,1.7766215046867728,0.9453125,1.875916600227356,0.0,134.07861328125,195.15361419005785,3.4204792380332947,,,,,,
3B,grpo,2,0,0.0875,0.9742072492837905,,,,,,,,,,,,
3B,grpo,2,1,,,0.0458984375,-0.5698439478874207,0.0,175.69482421875,168.65992168697994,44.670440673828125,,,,,,
3B,grpo,2,2,,,0.060546875,-0.6476596593856812,0.0,175.5009765625,162.77288032404613,54.02179002761841,,,,,,
3B,grpo,2,3,,,0.06396484375,-0.383989542722702,0.0,188.52978515625,168.37334650801495,104.44515609741211,,,,,,
3B,grpo,2,4,,,0.06005859375,0.2595009207725525,0.0,187.04248046875,161.28346407297067,49.602532386779785,,,,,,
3B,grpo,2,5,,,0.09619140625,0.4809187948703766,0.0,197.28955078125,165.99530952400528,89.35711145401001,,,,,,
3B,grpo,2,6,,,0.1064453125,0.861043393611908,0.0,192.42529296875,164.72740327601787,109.28519821166992,,,,,,
3B,grpo,2,7,,,0.1435546875,0.93063884973526,0.0,188.453125,160.68429386394564,31.10543918609619,,,,,,
3B,grpo,2,8,,,0.23046875,1.1050643920898438,0.0,182.0849609375,162.69038028700743,62.101083755493164,,,,,,
3B,grpo,2,9,,,0.275390625,1.1281055212020874,0.0,186.88818359375,163.62195349100512,40.56795072555542,,,,,,
3B,grpo,2,10,0.575,1.5983166798949242,0.38134765625,1.2227351665496826,0.0,183.86328125,176.51220820797607,68.55753135681152,,,,,,
3B,grpo,2,11,,,0.4453125,1.1978440284729004,0.0,178.35400390625,160.5583631960908,50.77257823944092,,,,,,
3B,grpo,2,12,,,0.54931640625,1.2592092752456665,0.0,176.34814453125,162.88359852402937,67.30822277069092,,,,,,
3B,grpo,2,13,,,0.58056640625,1.3482927083969116,0.0,169.34228515625,157.7276132380357,49.59262180328369,,,,,,
3B,grpo,2,14,,,0.56494140625,1.2738697528839111,0.0,172.9775390625,159.04610180598684,60.44554901123047,,,,,,
3B,grpo,2,15,,,0.61572265625,1.448598027229309,0.0,167.359375,157.91764419805259,49.373692989349365,,,,,,
3B,grpo,2,16,,,0.66015625,1.3991094827651978,0.0,165.11865234375,157.23121720203198,58.30808997154236,,,,,,
3B,grpo,2,17,,,0.74462890625,1.4226804971694946,0.0,152.99853515625,154.3121300600469,30.113697052001953,,,,,,
3B,grpo,2,18,,,0.7548828125,1.3798800706863403,0.0,160.580078125,157.4797110200161,40.6112904548645,,,,,,
3B,grpo,2,19,,,0.79345703125,1.4696412086486816,0.0,156.853515625,155.0973569629714,26.330912947654724,,,,,,
3B,grpo,2,20,0.9375,1.7502235228195786,0.8056640625,1.482674241065979,0.0,147.8095703125,164.54465555399656,19.409332990646362,,,,,,
3B,grpo,2,21,,,0.81884765625,1.4763355255126953,0.0,156.4560546875,159.21373404294718,45.95487189292908,,,,,,
3B,grpo,2,22,,,0.8427734375,1.4405852556228638,0.0,151.224609375,155.99110156099778,6.829774796962738,,,,,,
3B,grpo,2,23,,,0.8232421875,1.5415985584259033,0.0,141.80419921875,153.32460531406105,7073.569505691528,,,,,,
3B,grpo,2,24,,,0.8564453125,1.5392075777053833,0.0,153.00634765625,156.73580928496085,35.416723012924194,,,,,,
3B,grpo,2,25,,,0.86669921875,1.445112943649292,0.0,144.28857421875,155.36933366802987,3.5746816396713257,,,,,,
3B,grpo,2,26,,,0.8642578125,1.5757914781570435,0.0,146.0107421875,155.19422527798451,23.848198652267456,,,,,,
3B,grpo,2,27,,,0.88427734375,1.577553153038025,0.0,138.2138671875,151.36632524000015,1174904.4198572636,,,,,,
3B,grpo,2,28,,,0.88037109375,1.6773350238800049,0.0,139.43798828125,153.71015436493326,10.79915338754654,,,,,,
3B,grpo,2,29,,,0.89697265625,1.6489561796188354,0.0,145.2802734375,151.61317009897903,11.595655858516693,,,,,,
3B,grpo,2,30,0.95,1.8210568593814969,0.86767578125,1.5435888767242432,0.0,144.390625,166.46966813597828,10.587897777557373,,,,,,
3B,grpo,2,31,,,0.88623046875,1.6374987363815308,0.0,138.443359375,155.08051090105437,16.00126451253891,,,,,,
3B,grpo,2,32,,,0.91943359375,1.70667564868927,0.0,134.673828125,151.6254366269568,3.0264830589294434,,,,,,
3B,grpo,2,33,,,0.88720703125,1.5443840026855469,0.0,144.4287109375,157.11643084394746,2.834429681301117,,,,,,
3B,grpo,2,34,,,0.88818359375,1.6720027923583984,0.0,134.83837890625,149.6172719039023,2.7445457577705383,,,,,,
3B,grpo,2,35,,,0.90673828125,1.5591670274734497,0.0,142.48388671875,151.25670811196323,2.619709551334381,,,,,,
3B,grpo,2,36,,,0.9208984375,1.6496622562408447,0.0,142.31298828125,153.5054874739144,19.178484082221985,,,,,,
3B,grpo,2,37,,,0.916015625,1.7113087177276611,0.0,136.91064453125,148.76998475391883,2.7746294736862183,,,,,,
3B,grpo,2,38,,,0.90966796875,1.5257809162139893,0.0,141.5390625,154.17166315799113,2.6823641061782837,,,,,,
3B,grpo,2,39,,,0.9130859375,1.7192105054855347,0.0,137.9892578125,152.35968559607863,2.8728890419006348,,,,,,
3B,grpo,2,40,0.95,1.7552601588889956,0.919921875,1.6939449310302734,0.0,137.80712890625,168.03922876901925,10.897948563098907,,,,,,
3B,grpo,2,41,,,0.9208984375,1.716076374053955,0.0,134.55126953125,147.6533665889874,16.36095029115677,,,,,,
3B,grpo,2,42,,,0.90771484375,1.6752127408981323,0.0,133.92529296875,149.3761303119827,3.14861398935318,,,,,,
3B,grpo,2,43,,,0.92236328125,1.7013664245605469,0.0,132.95263671875,146.01827877003234,2.513725519180298,,,,,,
3B,grpo,2,44,,,0.92529296875,1.7368786334991455,0.0,131.76953125,152.9878592819441,3.052883505821228,,,,,,
3B,grpo,2,45,,,0.92724609375,1.6910065412521362,0.0,141.5390625,155.2923768189503,2.8335177898406982,,,,,,
3B,grpo,2,46,,,0.92138671875,1.7496145963668823,0.0,141.08447265625,159.89518320804927,3.0843796133995056,,,,,,
3B,grpo,2,47,,,0.93505859375,1.7734606266021729,0.0,134.1904296875,149.16938069998287,3.616367995738983,,,,,,
3B,grpo,2,48,,,0.91748046875,1.7127282619476318,0.0,142.4560546875,154.0526602860773,3.2710083723068237,,,,,,
3B,grpo,2,49,,,0.93017578125,1.6092846393585205,0.0,138.7685546875,157.01744929503184,2.683797240257263,,,,,,
3B,grpo,2,50,0.9625,1.7654928412288426,0.93310546875,1.764825701713562,0.0,139.26171875,158.01536004897207,15.783154964447021,,,,,,
3B,grpo,2,51,,,0.927734375,1.6427738666534424,0.0,138.765625,151.3871609820053,7.554021954536438,,,,,,
3B,grpo,2,52,,,0.93017578125,1.8289486169815063,0.0,131.40625,146.19943091005553,3.141999661922455,,,,,,
3B,grpo,2,53,,,0.92138671875,1.6719348430633545,0.0,140.57177734375,153.9886218260508,3.403999388217926,,,,,,
3B,grpo,2,54,,,0.93115234375,1.7564921379089355,0.0,136.56494140625,153.06399513001088,2.81455796957016,,,,,,
3B,grpo,2,55,,,0.94580078125,1.7114289999008179,0.0,138.6376953125,154.74359116901178,2.895972967147827,,,,,,
3B,grpo,2,56,,,0.94775390625,1.819501280784607,0.0,136.89306640625,152.99606055405457,3.0582029819488525,,,,,,
3B,grpo,2,57,,,0.9365234375,1.7314677238464355,0.0,134.41259765625,151.28508544992656,2.6140663623809814,,,,,,
3B,grpo,2,58,,,0.93603515625,1.8222264051437378,0.0,137.587890625,152.12439018301666,2.95729398727417,,,,,,
3B,grpo,2,59,,,0.919921875,1.7142201662063599,0.0,140.162109375,154.98646428796928,3.056902050971985,,,,,,
3B,grpo,2,60,0.975,1.810790461115539,0.9384765625,1.7744317054748535,0.0,143.107421875,163.07501373498235,2.6578944325447083,,,,,,
3B,grpo,2,61,,,0.94140625,1.707092046737671,0.0,138.38916015625,152.74313740001526,17.322240710258484,,,,,,
3B,grpo,2,62,,,0.93603515625,1.7718627452850342,0.0,144.5751953125,156.71796224697027,9.686401963233948,,,,,,
3B,grpo,2,63,,,0.94921875,1.8548284769058228,0.0,130.5048828125,150.3325214710785,2.9191505312919617,,,,,,
3B,grpo,2,64,,,0.9423828125,1.66251540184021,0.0,140.8271484375,153.25797869695816,5.301669418811798,,,,,,
3B,grpo,2,65,,,0.947265625,1.8353254795074463,0.0,139.4404296875,154.6575607630657,3.757815718650818,,,,,,
3B,grpo,2,66,,,0.9345703125,1.7989919185638428,0.0,139.41650390625,154.37027233396657,11.998262465000153,,,,,,
3B,grpo,2,67,,,0.939453125,1.807202935218811,0.0,141.90380859375,152.6657356619835,2.5894868969917297,,,,,,
3B,grpo,2,68,,,0.92578125,1.7579551935195923,0.0,134.74658203125,151.60434987093322,2.779040038585663,,,,,,
3B,grpo,2,69,,,0.94580078125,1.7329961061477661,0.0,132.5751953125,153.37582107796334,2.8462281227111816,,,,,,
3B,grpo,2,70,0.9625,1.769121502712369,0.9375,1.851301908493042,0.0,135.27783203125,163.0644380239537,3.271148443222046,,,,,,
3B,grpo,2,71,,,0.92822265625,1.729331374168396,0.0,138.798828125,151.08512570499443,2.740040123462677,,,,,,
3B,grpo,2,72,,,0.95751953125,1.8870034217834473,0.0,133.380859375,152.4545471839374,11.167296051979065,,,,,,
3B,grpo,2,73,,,0.93115234375,1.7611123323440552,0.0,135.58984375,154.36068175698165,2.631767690181732,,,,,,
3B,grpo,2,74,,,0.95947265625,1.8633557558059692,0.0,128.90087890625,146.44384220510256,3.2214081287384033,,,,,,
3B,grpo,2,75,,,0.94140625,1.7983754873275757,0.0,127.59765625,142.35440480697434,2.923416018486023,,,,,,
3B,grpo,2,76,,,0.9560546875,1.83743417263031,0.0,133.0810546875,144.33694213198032,8.389636933803558,,,,,,
3B,grpo,2,77,,,0.94775390625,1.792097806930542,0.0,132.9375,149.6738640529802,2.9587716460227966,,,,,,
3B,grpo,2,78,,,0.94873046875,1.7875066995620728,0.0,129.04296875,150.56086135504302,2.746619164943695,,,,,,
3B,grpo,2,79,,,0.9619140625,1.7943035364151,0.0,133.5009765625,153.41671198501717,2.6836149096488953,,,,,,
3B,grpo,2,80,0.9875,1.767040461115539,0.94775390625,1.7993650436401367,0.0,134.68994140625,168.77087830705568,10.50407063961029,,,,,,
3B,grpo,2,81,,,0.9541015625,1.7761508226394653,0.0,138.57421875,153.8766676610103,3.050639271736145,,,,,,
3B,grpo,2,82,,,0.94873046875,1.8254406452178955,0.0,134.6708984375,146.7538033099845,25.33807796239853,,,,,,
3B,grpo,2,83,,,0.9501953125,1.8539522886276245,0.0,133.4560546875,154.97249332698993,3.7087844610214233,,,,,,
3B,grpo,2,84,,,0.95703125,1.8052005767822266,0.0,133.76025390625,147.55574012803845,2.558516800403595,,,,,,
3B,grpo,2,85,,,0.9619140625,1.9308255910873413,0.0,131.380859375,149.62215772399213,2.2662519812583923,,,,,,
3B,grpo,2,86,,,0.9404296875,1.6124627590179443,0.0,136.30908203125,151.20835016004276,2.8779019713401794,,,,,,
3B,grpo,2,87,,,0.95556640625,1.7929903268814087,0.0,134.6064453125,150.87081671401393,5.116742551326752,,,,,,
3B,grpo,2,88,,,0.953125,1.8271880149841309,0.0,135.54833984375,151.17902116803452,18.92852145433426,,,,,,
3B,grpo,2,89,,,0.947265625,1.8173856735229492,0.0,145.806640625,156.53893925901502,3.179502308368683,,,,,,
3B,grpo,2,90,0.9875,1.798290461115539,0.93603515625,1.7650011777877808,0.0,133.52392578125,161.3164216040168,2.5562459230422974,,,,,,
3B,grpo,2,91,,,0.96533203125,1.8845117092132568,0.0,137.658203125,149.4022432700731,2.4690504670143127,,,,,,
3B,grpo,2,92,,,0.94921875,1.8197823762893677,0.0,139.1552734375,151.11490845598746,2.3915985822677612,,,,,,
3B,grpo,2,93,,,0.9521484375,1.7677035331726074,0.0,140.63623046875,156.00602699106093,12.059956312179565,,,,,,
3B,grpo,2,94,,,0.9599609375,1.9209489822387695,0.0,139.17431640625,150.62221181800123,2.680491030216217,,,,,,
3B,grpo,2,95,,,0.9521484375,1.8031405210494995,0.0,132.22021484375,154.900199634023,2.8081461787223816,,,,,,
3B,grpo,2,96,,,0.94384765625,1.8459978103637695,0.0,135.69287109375,155.60020995803643,2.922139823436737,,,,,,
3B,grpo,2,97,,,0.9501953125,1.9012796878814697,0.0,131.896484375,150.99696609401144,2.594284474849701,,,,,,
3B,grpo,2,98,,,0.95556640625,1.7771430015563965,0.0,136.8017578125,144.4966002999572,2.8533130288124084,,,,,,
3B,grpo,2,99,,,0.955078125,1.83872652053833,0.0,134.2646484375,150.49732315004803,10.596447587013245,,,,,,
3B,grpo,2,100,0.9875,1.6806988840922714,0.94921875,1.8214759826660156,0.0,135.63330078125,193.3724599829875,2.3574258685112,,,,,,
3B,grpo,4,0,0.1,0.9654572501778602,,,,,,,,,,,,
3B,grpo,4,1,,,0.05517578125,-0.6906631588935852,0.0,177.34521484375,169.06961000399315,76.17118549346924,,,,,,
3B,grpo,4,2,,,0.05908203125,-0.6277730464935303,0.0,180.76806640625,161.72496117799892,58.364107608795166,,,,,,
3B,grpo,4,3,,,0.0654296875,-0.40573009848594666,0.0,177.3662109375,155.99124086499796,57.2843337059021,,,,,,
3B,grpo,4,4,,,0.0869140625,0.09157563000917435,0.0,188.43017578125,160.98559573598322,30.374643087387085,,,,,,
3B,grpo,4,5,,,0.111328125,0.5655967593193054,0.0,191.06884765625,160.35066245900816,68.22701835632324,,,,,,
3B,grpo,4,6,,,0.16259765625,0.9049892425537109,0.0,186.5009765625,161.5362998950004,96.66810065507889,,,,,,
3B,grpo,4,7,,,0.224609375,1.0853585004806519,0.0,185.4013671875,161.53662118699867,64.7067461013794,,,,,,
3B,grpo,4,8,,,0.2939453125,1.1839302778244019,0.0,187.1982421875,158.62831400998402,103.72313976287842,,,,,,
3B,grpo,4,9,,,0.41015625,1.1650408506393433,0.0,176.69873046875,160.25007429698599,55.528252601623535,,,,,,
3B,grpo,4,10,0.675,1.723670492321253,0.513671875,1.2946702241897583,0.0,178.837890625,172.3855196289951,77.61960911750793,,,,,,
3B,grpo,4,11,,,0.5419921875,1.1955676078796387,0.0,167.41357421875,156.56355338700814,114.84024012088776,,,,,,
3B,grpo,4,12,,,0.58447265625,1.3303264379501343,0.0,180.13232421875,161.86864759700256,73.93157196044922,,,,,,
3B,grpo,4,13,,,0.65087890625,1.3846988677978516,0.0,165.94921875,158.87723864600412,51.269779682159424,,,,,,
3B,grpo,4,14,,,0.658203125,1.2878894805908203,0.0,168.240234375,157.68797055701725,65.30569982528687,,,,,,
3B,grpo,4,15,,,0.69873046875,1.3980536460876465,0.0,170.6162109375,157.74800441600382,74.33769178390503,,,,,,
3B,grpo,4,16,,,0.73583984375,1.3977241516113281,0.0,162.578125,154.7792729710054,50.037166118621826,,,,,,
3B,grpo,4,17,,,0.7578125,1.4289582967758179,0.0,155.07666015625,152.15979910598253,72.28298330307007,,,,,,
3B,grpo,4,18,,,0.76220703125,1.5090744495391846,0.0,161.71044921875,152.37674598701415,61.94586819410324,,,,,,
3B,grpo,4,19,,,0.78857421875,1.4400558471679688,0.0,154.48291015625,151.19807578800828,25.07832181453705,,,,,,
3B,grpo,4,20,0.9125,1.7746553430333734,0.7802734375,1.4706531763076782,0.0,155.9189453125,166.26040560100228,43.31853532791138,,,,,,
3B,grpo,4,21,,,0.830078125,1.4570770263671875,0.0,142.775390625,150.22978724297718,26.726533830165863,,,,,,
3B,grpo,4,22,,,0.8076171875,1.360095500946045,0.0,154.3798828125,155.01126662100432,20.782830834388733,,,,,,
3B,grpo,4,23,,,0.8505859375,1.6208422183990479,0.0,140.5263671875,148.9999784080137,21.152215719223022,,,,,,
3B,grpo,4,24,,,0.86572265625,1.6049882173538208,0.0,137.47119140625,148.3623535099905,5.872083485126495,,,,,,
3B,grpo,4,25,,,0.87548828125,1.5941709280014038,0.0,146.28466796875,152.34475416800706,11.125220775604248,,,,,,
3B,grpo,4,26,,,0.865234375,1.5995672941207886,0.0,144.97509765625,152.44871180399787,6.7656115889549255,,,,,,
3B,grpo,4,27,,,0.8583984375,1.517708659172058,0.0,147.98193359375,154.21766128498712,3.1522942781448364,,,,,,
3B,grpo,4,28,,,0.87109375,1.5637640953063965,0.0,140.4130859375,151.26295355902403,3.0134469866752625,,,,,,
3B,grpo,4,29,,,0.87890625,1.5082615613937378,0.0,144.79150390625,153.24873635498807,3.189211905002594,,,,,,
3B,grpo,4,30,0.9375,1.7067386785522103,0.87744140625,1.6601321697235107,0.0,142.716796875,163.5835879110091,9.419818878173828,,,,,,
3B,grpo,4,31,,,0.90380859375,1.6630229949951172,0.0,139.490234375,150.00567115598824,3.3726192712783813,,,,,,
3B,grpo,4,32,,,0.90087890625,1.7145721912384033,0.0,136.33447265625,151.80697579399566,2.9902541041374207,,,,,,
3B,grpo,4,33,,,0.9091796875,1.6897903680801392,0.0,141.064453125,151.03234254999552,2.7975438833236694,,,,,,
3B,grpo,4,34,,,0.9169921875,1.595829725265503,0.0,146.90478515625,151.61233637400437,3.0129798650741577,,,,,,
3B,grpo,4,35,,,0.90771484375,1.7745375633239746,0.0,137.97265625,148.97213543200633,10.036542177200317,,,,,,
3B,grpo,4,36,,,0.92333984375,1.7450555562973022,0.0,138.80029296875,150.88067065400537,14.561478972434998,,,,,,
3B,grpo,4,37,,,0.91845703125,1.7207764387130737,0.0,143.50390625,150.34153386499383,3.150866985321045,,,,,,
3B,grpo,4,38,,,0.90625,1.6326954364776611,0.0,140.0478515625,149.0433739380096,12.288273215293884,,,,,,
3B,grpo,4,39,,,0.91015625,1.6875600814819336,0.0,140.310546875,150.6877257390006,16.36964786052704,,,,,,
3B,grpo,4,40,0.95,1.8102222779765724,0.92041015625,1.699038028717041,0.0,144.43701171875,165.23199543499504,21.966939508914948,,,,,,
3B,grpo,4,41,,,0.91162109375,1.6450669765472412,0.0,146.38037109375,148.09476393501973,4.135185718536377,,,,,,
3B,grpo,4,42,,,0.916015625,1.7310490608215332,0.0,142.72021484375,151.02754110298702,14.36056661605835,,,,,,
3B,grpo,4,43,,,0.92529296875,1.6900476217269897,0.0,145.31396484375,148.7041661310068,10.115846931934357,,,,,,
3B,grpo,4,44,,,0.92578125,1.6704754829406738,0.0,143.24853515625,154.25091860699467,3.0884594917297363,,,,,,
3B,grpo,4,45,,,0.93115234375,1.733726143836975,0.0,142.2646484375,152.32915605101152,17.89032691717148,,,,,,
3B,grpo,4,46,,,0.92236328125,1.6998945474624634,0.0,142.33056640625,152.89346248400398,3.6976189017295837,,,,,,
3B,grpo,4,47,,,0.92333984375,1.731730580329895,0.0,139.06689453125,150.50848361401586,10.40320909023285,,,,,,
3B,grpo,4,48,,,0.90869140625,1.6213276386260986,0.0,140.0263671875,150.38102064098348,46975.16651827097,,,,,,
3B,grpo,4,49,,,0.92138671875,1.8573049306869507,0.0,138.90478515625,151.0875129630149,3.6484721302986145,,,,,,
3B,grpo,4,50,0.9375,1.7248056123033166,0.91455078125,1.7781449556350708,0.0,145.26806640625,157.92455087898998,12.883993983268738,,,,,,
3B,grpo,4,51,,,0.9150390625,1.6779037714004517,0.0,147.63671875,150.22116550200735,2.516222655773163,,,,,,
3B,grpo,4,52,,,0.9208984375,1.6740401983261108,0.0,145.9326171875,152.45217427497846,11.31584632396698,,,,,,
3B,grpo,4,53,,,0.9326171875,1.7778425216674805,0.0,138.4208984375,146.21975551199284,2.600807845592499,,,,,,
3B,grpo,4,54,,,0.93115234375,1.841661810874939,0.0,139.88525390625,152.61352256900864,2.792820453643799,,,,,,
3B,grpo,4,55,,,0.9384765625,1.8459575176239014,0.0,134.5439453125,144.01680079000653,11.661645114421844,,,,,,
3B,grpo,4,56,,,0.93994140625,1.6548618078231812,0.0,138.16796875,147.4128417809843,18.486505150794983,,,,,,
3B,grpo,4,57,,,0.93896484375,1.816002607345581,0.0,141.1884765625,150.1068275809812,2.5720250606536865,,,,,,
3B,grpo,4,58,,,0.935546875,1.7011637687683105,0.0,138.076171875,146.45427729800576,2.5473164319992065,,,,,,
3B,grpo,4,59,,,0.9384765625,1.800716757774353,0.0,136.7705078125,148.97319489499205,2.7931002974510193,,,,,,
3B,grpo,4,60,0.9625,1.8014997512102127,0.9228515625,1.74296236038208,0.0,143.18896484375,164.0918463319831,2.7207340002059937,,,,,,
3B,grpo,4,61,,,0.91748046875,1.7416666746139526,0.0,141.5888671875,151.2559498490009,2.9266123175621033,,,,,,
3B,grpo,4,62,,,0.93798828125,1.7700878381729126,0.0,140.65625,152.6094373849919,2.6928513646125793,,,,,,
3B,grpo,4,63,,,0.92724609375,1.7181528806686401,0.0,138.900390625,154.65940920999856,2.738862991333008,,,,,,
3B,grpo,4,64,,,0.9443359375,1.7563440799713135,0.0,135.06982421875,158.9354889500246,2.816748023033142,,,,,,
3B,grpo,4,65,,,0.94140625,1.8569812774658203,0.0,136.6572265625,150.27228690200718,2.6686558723449707,,,,,,
3B,grpo,4,66,,,0.93994140625,1.752711534500122,0.0,144.93115234375,162.32424825400813,2.881357192993164,,,,,,
3B,grpo,4,67,,,0.93115234375,1.7076420783996582,0.0,142.251953125,155.92341673802002,12.857529878616333,,,,,,
3B,grpo,4,68,,,0.94287109375,1.7533217668533325,0.0,136.6298828125,153.95110927100177,2.6313130259513855,,,,,,
3B,grpo,4,69,,,0.939453125,1.780068039894104,0.0,147.1220703125,151.2160554289876,2.2755072116851807,,,,,,
3B,grpo,4,70,0.975,1.81962475143373,0.93359375,1.7460803985595703,0.0,146.337890625,167.41052773498814,2.790270686149597,,,,,,
3B,grpo,4,71,,,0.94775390625,1.747938632965088,0.0,142.1279296875,149.30924245802453,6.237330317497253,,,,,,
3B,grpo,4,72,,,0.943359375,1.8620481491088867,0.0,134.904296875,147.93040888698306,2.5855894088745117,,,,,,
3B,grpo,4,73,,,0.93505859375,1.7840617895126343,0.0,137.48291015625,147.1160755349847,2.441412329673767,,,,,,
3B,grpo,4,74,,,0.93212890625,1.7828353643417358,0.0,143.50244140625,150.14031566001358,19.637906849384308,,,,,,
3B,grpo,4,75,,,0.94287109375,1.7862712144851685,0.0,146.25830078125,157.51306188499439,3.52825665473938,,,,,,
3B,grpo,4,76,,,0.94384765625,1.7747750282287598,0.0,141.49658203125,150.88522050899337,2.657537281513214,,,,,,
3B,grpo,4,77,,,0.96142578125,1.8377788066864014,0.0,138.6640625,149.78402347900555,3.0731518268585205,,,,,,
3B,grpo,4,78,,,0.94287109375,1.73628568649292,0.0,139.1953125,150.9444473819749,9.22470498085022,,,,,,
3B,grpo,4,79,,,0.95068359375,1.7754863500595093,0.0,138.75732421875,147.18988675100263,10.491284489631653,,,,,,
3B,grpo,4,80,0.975,1.7828985614702106,0.95556640625,1.8526860475540161,0.0,132.98193359375,148.28705705702305,3.3190243244171143,,,,,,
3B,grpo,4,81,,,0.95068359375,1.8024258613586426,0.0,134.7724609375,148.63508259001537,10.87018996477127,,,,,,
3B,grpo,4,82,,,0.95166015625,1.88693368434906,0.0,136.85595703125,154.63784929501708,4.70321798324585,,,,,,
3B,grpo,4,83,,,0.947265625,1.7578670978546143,0.0,140.18896484375,151.83768636500463,2.5347983837127686,,,,,,
3B,grpo,4,84,,,0.93994140625,1.8377273082733154,0.0,135.90625,150.15807602801942,11.692357659339905,,,,,,
3B,grpo,4,85,,,0.95751953125,1.8407220840454102,0.0,135.865234375,146.2177080270194,2.636751651763916,,,,,,
3B,grpo,4,86,,,0.95751953125,1.8826428651809692,0.0,134.51708984375,147.97738571898662,2.4525066614151,,,,,,
3B,grpo,4,87,,,0.931640625,1.7193435430526733,0.0,133.65283203125,144.03231099099503,8.39818400144577,,,,,,
3B,grpo,4,88,,,0.9375,1.8559306859970093,0.0,135.8955078125,149.36365162901348,3.531484544277191,,,,,,
3B,grpo,4,89,,,0.95263671875,1.9361366033554077,0.0,136.00537109375,150.85092570399866,2.5549442768096924,,,,,,
3B,grpo,4,90,0.9875,1.8404580835253,0.947265625,1.7839505672454834,0.0,137.603515625,161.20696293798392,3.519050419330597,,,,,,
3B,grpo,4,91,,,0.93994140625,1.66416597366333,0.0,137.38232421875,147.62117364699952,2.484639346599579,,,,,,
3B,grpo,4,92,,,0.95849609375,1.8133060932159424,0.0,135.5341796875,141.37143266102066,5.847600877285004,,,,,,
3B,grpo,4,93,,,0.96240234375,1.8553792238235474,0.0,131.01220703125,142.11574591198587,2.8538179993629456,,,,,,
3B,grpo,4,94,,,0.9560546875,1.7271369695663452,0.0,130.39111328125,143.84596430201782,3.301849365234375,,,,,,
3B,grpo,4,95,,,0.95849609375,1.8155909776687622,0.0,135.98388671875,147.28857778399833,13.2181316614151,,,,,,
3B,grpo,4,96,,,0.92724609375,1.8930225372314453,0.0,136.06103515625,148.76155835800455,2.604031562805176,,,,,,
3B,grpo,4,97,,,0.94580078125,1.7195768356323242,0.0,134.79931640625,152.33039848698536,2.75963431596756,,,,,,
3B,grpo,4,98,,,0.95166015625,1.9362772703170776,0.0,136.29443359375,150.54368360998342,2.482579827308655,,,,,,
3B,grpo,4,99,,,0.95556640625,1.7642415761947632,0.0,132.716796875,145.00159273997997,3.0613189935684204,,,,,,
3B,grpo,4,100,0.9875,1.7682881707325577,0.953125,2.0400032997131348,0.0,134.53857421875,194.46783917001449,2.8493112325668335,,,,,,
3B,grpo,5,0,0.1,1.0712608203291893,,,,,,,,,,,,
3B,grpo,5,1,,,0.0517578125,-0.5674481391906738,0.0,174.71484375,185.63879347092006,78.07015609741211,,,,,,
3B,grpo,5,2,,,0.06103515625,-0.6443885564804077,0.0,173.86328125,182.9034957709955,73.10252952575684,,,,,,
3B,grpo,5,3,,,0.060546875,-0.37737786769866943,0.0,184.6591796875,186.7707583110314,69.6685254573822,,,,,,
3B,grpo,5,4,,,0.0771484375,0.061165351420640945,0.0,190.81787109375,185.72303663298953,56.49960660934448,,,,,,
3B,grpo,5,5,,,0.10107421875,0.5170089602470398,0.0,183.50244140625,183.9159682720201,80.04785537719727,,,,,,
3B,grpo,5,6,,,0.11376953125,0.7731916308403015,0.0,189.37158203125,178.6652678430546,65.63710021972656,,,,,,
3B,grpo,5,7,,,0.1259765625,0.9395791888237,0.0,189.7421875,185.1009121000534,30.540900230407715,,,,,,
3B,grpo,5,8,,,0.2265625,1.2182062864303589,0.0,184.83251953125,183.53133611101657,59.217517375946045,,,,,,
3B,grpo,5,9,,,0.34716796875,1.1470584869384766,0.0,179.3359375,184.242886160966,51.35259675979614,,,,,,
3B,grpo,5,10,0.6125,1.5975807489827276,0.40380859375,1.2497903108596802,0.0,174.4931640625,211.0837303600274,53.395023822784424,,,,,,
3B,grpo,5,11,,,0.55224609375,1.2750434875488281,0.0,163.404296875,178.17474306095392,32.12390470504761,,,,,,
3B,grpo,5,12,,,0.560546875,1.2142308950424194,0.0,174.01513671875,183.10922477499116,42.36159420013428,,,,,,
3B,grpo,5,13,,,0.63525390625,1.2322585582733154,0.0,164.5966796875,179.80446770403069,20.8690664768219,,,,,,
3B,grpo,5,14,,,0.6591796875,1.3277052640914917,0.0,175.05712890625,181.61295982601587,31.133967876434326,,,,,,
3B,grpo,5,15,,,0.69775390625,1.3071461915969849,0.0,164.3759765625,179.82820835802704,41.86373972892761,,,,,,
3B,grpo,5,16,,,0.75341796875,1.438357949256897,0.0,156.046875,174.74179051199462,50.01630115509033,,,,,,
3B,grpo,5,17,,,0.78173828125,1.4733736515045166,0.0,154.05517578125,175.94082769402303,46.44166088104248,,,,,,
3B,grpo,5,18,,,0.8056640625,1.3918416500091553,0.0,147.5791015625,176.46648227702826,18.219826698303223,,,,,,
3B,grpo,5,19,,,0.81884765625,1.4983071088790894,0.0,142.521484375,173.3200882759411,13.357159614562988,,,,,,
3B,grpo,5,20,0.95,1.7648636773228645,0.818359375,1.4910956621170044,0.0,149.59033203125,210.8927878739778,7.102431893348694,,,,,,
3B,grpo,5,21,,,0.8701171875,1.5862247943878174,0.0,146.11083984375,177.7682138979435,20.72953164577484,,,,,,
3B,grpo,5,22,,,0.845703125,1.4031047821044922,0.0,148.25048828125,174.90337541000918,6.37624192237854,,,,,,
3B,grpo,5,23,,,0.8828125,1.495111107826233,0.0,140.38037109375,179.38540776993614,3.679110586643219,,,,,,
3B,grpo,5,24,,,0.87890625,1.6529273986816406,0.0,140.06396484375,169.47192802105565,9.702177941799164,,,,,,
3B,grpo,5,25,,,0.896484375,1.4824875593185425,0.0,140.45751953125,175.61481510289013,14.691641092300415,,,,,,
3B,grpo,5,26,,,0.88134765625,1.5163664817810059,0.0,139.26708984375,176.58465603203513,5.877695798873901,,,,,,
3B,grpo,5,27,,,0.912109375,1.7813889980316162,0.0,139.5869140625,175.19342007499654,3.26140820980072,,,,,,
3B,grpo,5,28,,,0.8955078125,1.6877949237823486,0.0,139.43359375,177.64419153798372,4.2817864418029785,,,,,,
3B,grpo,5,29,,,0.91552734375,1.6125280857086182,0.0,137.1796875,173.0591510119848,3.3152997493743896,,,,,,
3B,grpo,5,30,0.9375,1.7705848341807724,0.88671875,1.6287832260131836,0.0,138.5927734375,209.47100638598204,2.9219082593917847,,,,,,
3B,grpo,5,31,,,0.8935546875,1.6378928422927856,0.0,141.3759765625,176.16501381190028,16.450124740600586,,,,,,
3B,grpo,5,32,,,0.919921875,1.6210769414901733,0.0,139.93896484375,174.80176178901456,3.6772148609161377,,,,,,
3B,grpo,5,33,,,0.9033203125,1.6672155857086182,0.0,138.9033203125,178.35289033700246,4.138461947441101,,,,,,
3B,grpo,5,34,,,0.91455078125,1.6391340494155884,0.0,143.5830078125,171.2410385479452,3.2092071771621704,,,,,,
3B,grpo,5,35,,,0.91015625,1.7046451568603516,0.0,133.37255859375,171.87484090600628,3.556769013404846,,,,,,
3B,grpo,5,36,,,0.9130859375,1.5827158689498901,0.0,134.4765625,175.57196180394385,3.126254379749298,,,,,,
3B,grpo,5,37,,,0.92236328125,1.6606565713882446,0.0,143.77001953125,174.61060923605692,14.454982697963715,,,,,,
3B,grpo,5,38,,,0.912109375,1.6265493631362915,0.0,141.11181640625,176.76261829596478,3.7064199447631836,,,,,,
3B,grpo,5,39,,,0.9013671875,1.6740615367889404,0.0,135.56298828125,176.7130282470025,3.230374574661255,,,,,,
3B,grpo,5,40,0.95,1.8103196831420063,0.92919921875,1.6957404613494873,0.0,143.75048828125,212.27028755599167,7.2494054436683655,,,,,,
3B,grpo,5,41,,,0.9326171875,1.739760160446167,0.0,147.400390625,176.1933370679617,14.236858606338501,,,,,,
3B,grpo,5,42,,,0.92626953125,1.696906328201294,0.0,136.0654296875,172.52890219399706,2.554208755493164,,,,,,
3B,grpo,5,43,,,0.91650390625,1.6888771057128906,0.0,136.267578125,173.79041895095725,3.1566332578659058,,,,,,
3B,grpo,5,44,,,0.92431640625,1.7061501741409302,0.0,140.72021484375,176.54594806802925,2.689580738544464,,,,,,
3B,grpo,5,45,,,0.93603515625,1.7472951412200928,0.0,140.265625,177.04036877595354,16.74110221862793,,,,,,
3B,grpo,5,46,,,0.94091796875,1.7199949026107788,0.0,143.26904296875,172.14862488105427,2.896779239177704,,,,,,
3B,grpo,5,47,,,0.9296875,1.792517066001892,0.0,143.7138671875,178.13767479395028,3.3324263095855713,,,,,,
3B,grpo,5,48,,,0.9306640625,1.535253882408142,0.0,140.23046875,175.92797096900176,2.6959019899368286,,,,,,
3B,grpo,5,49,,,0.9462890625,1.8658568859100342,0.0,142.8955078125,181.14938220498152,2.4328718185424805,,,,,,
3B,grpo,5,50,0.9875,1.8408499849960207,0.9404296875,1.7604718208312988,0.0,141.826171875,203.47182435099967,2.4938547015190125,,,,,,
3B,grpo,5,51,,,0.9501953125,1.6905685663223267,0.0,141.04345703125,175.93685488204937,3.0465734601020813,,,,,,
3B,grpo,5,52,,,0.9541015625,1.7828471660614014,0.0,133.1005859375,168.92780701094307,13.592695415019989,,,,,,
3B,grpo,5,53,,,0.9462890625,1.740551471710205,0.0,138.1494140625,180.70063255692367,4.73993194103241,,,,,,
3B,grpo,5,54,,,0.9326171875,1.6858139038085938,0.0,140.439453125,175.63727029401343,2.7216588854789734,,,,,,
3B,grpo,5,55,,,0.91455078125,1.6383793354034424,0.0,139.08056640625,176.40114961296786,3.07917320728302,,,,,,
3B,grpo,5,56,,,0.9140625,1.777881145477295,0.0,145.59912109375,176.9701615429949,2.8646472692489624,,,,,,
3B,grpo,5,57,,,0.92041015625,1.7772425413131714,0.0,139.80908203125,175.99556995090097,2.9455726146698,,,,,,
3B,grpo,5,58,,,0.9443359375,1.7858028411865234,0.0,136.98095703125,173.52693512907717,2.5662108659744263,,,,,,
3B,grpo,5,59,,,0.9521484375,1.726439356803894,0.0,141.640625,177.13842817698605,2.865816593170166,,,,,,
3B,grpo,5,60,0.9875,1.7450437078252434,0.95361328125,1.7481034994125366,0.0,141.18603515625,209.29936213605106,2.7747583985328674,,,,,,
3B,grpo,5,61,,,0.94580078125,1.6939709186553955,0.0,141.5244140625,176.38018170010764,2.721229374408722,,,,,,
3B,grpo,5,62,,,0.9326171875,1.7975654602050781,0.0,147.12841796875,178.24705329199787,2.670019567012787,,,,,,
3B,grpo,5,63,,,0.94091796875,1.823502779006958,0.0,136.28759765625,173.3512903120136,11.440908372402191,,,,,,
3B,grpo,5,64,,,0.92822265625,1.9040021896362305,0.0,141.16015625,174.5775717489887,7.901975870132446,,,,,,
3B,grpo,5,65,,,0.9482421875,1.7033016681671143,0.0,141.39404296875,171.68948675098363,3.1190443634986877,,,,,,
3B,grpo,5,66,,,0.9482421875,1.713504433631897,0.0,140.24609375,170.02967470593285,2.893589735031128,,,,,,
3B,grpo,5,67,,,0.939453125,1.7761701345443726,0.0,138.4599609375,173.056607016013,3.1691253185272217,,,,,,
3B,grpo,5,68,,,0.94189453125,1.7727631330490112,0.0,137.75,172.91418206191156,9.809890389442444,,,,,,
3B,grpo,5,69,,,0.93310546875,1.7409292459487915,0.0,146.73046875,185.10756249795668,3.25234717130661,,,,,,
3B,grpo,5,70,0.9875,1.8377222798764705,0.955078125,1.8194763660430908,0.0,136.41748046875,203.18550009501632,3.2544896602630615,,,,,,
3B,grpo,5,71,,,0.951171875,1.806147575378418,0.0,136.95849609375,175.2760945709888,2.746024966239929,,,,,,
3B,grpo,5,72,,,0.92578125,1.7801655530929565,0.0,140.04833984375,175.8341978249373,2.504003643989563,,,,,,
3B,grpo,5,73,,,0.9580078125,1.7460241317749023,0.0,139.35595703125,173.74127123202197,2.6364001035690308,,,,,,
3B,grpo,5,74,,,0.943359375,1.8360340595245361,0.0,142.2314453125,177.0618664410431,2.7642692923545837,,,,,,
3B,grpo,5,75,,,0.94287109375,1.870601773262024,0.0,135.9140625,187.50827685603872,2.524635076522827,,,,,,
3B,grpo,5,76,,,0.95947265625,1.8108123540878296,0.0,143.09765625,176.0549758700654,2.6391809582710266,,,,,,
3B,grpo,5,77,,,0.94091796875,1.782511830329895,0.0,137.99462890625,171.28407776309177,2.942436158657074,,,,,,
3B,grpo,5,78,,,0.9453125,1.7681063413619995,0.0,136.74755859375,177.27711134497076,3.304822087287903,,,,,,
3B,grpo,5,79,,,0.95947265625,1.7134066820144653,0.0,142.982421875,176.82418610202149,2.5029407143592834,,,,,,
3B,grpo,5,80,0.975,1.8094511752948166,0.94189453125,1.7953912019729614,0.0,140.28515625,205.8007871459704,2.8443447947502136,,,,,,
3B,grpo,5,81,,,0.92724609375,1.8678865432739258,0.0,141.76025390625,180.92877500504255,3.5115692019462585,,,,,,
3B,grpo,5,82,,,0.94384765625,1.851319670677185,0.0,133.48974609375,171.94911431509536,3.149004340171814,,,,,,
3B,grpo,5,83,,,0.96142578125,1.8662841320037842,0.0,137.2900390625,172.8180204090895,3.3957682847976685,,,,,,
3B,grpo,5,84,,,0.93408203125,1.9040573835372925,0.0,138.5537109375,174.49380763503723,2.517454206943512,,,,,,
3B,grpo,5,85,,,0.9482421875,1.9093797206878662,0.0,139.04443359375,172.12349952501245,2.539843738079071,,,,,,
3B,grpo,5,86,,,0.9501953125,1.849198579788208,0.0,142.14892578125,176.95777221408207,2.6408227682113647,,,,,,
3B,grpo,5,87,,,0.9462890625,1.8340834379196167,0.0,139.9208984375,175.07454201602377,3.5208388566970825,,,,,,
3B,grpo,5,88,,,0.9453125,1.8742209672927856,0.0,136.71337890625,175.15836675092578,2.8391022086143494,,,,,,
3B,grpo,5,89,,,0.951171875,1.8093042373657227,0.0,137.1923828125,170.05937680089846,2.6742920875549316,,,,,,
3B,grpo,5,90,0.9875,1.8273083185777068,0.95751953125,1.742716670036316,0.0,134.68017578125,204.09412045008503,2.9563045501708984,,,,,,
3B,grpo,5,91,,,0.9345703125,1.7150933742523193,0.0,135.50927734375,174.42922509892378,2.6009987592697144,,,,,,
3B,grpo,5,92,,,0.9609375,1.7770949602127075,0.0,140.16015625,173.33093946799636,2.647332727909088,,,,,,
3B,grpo,5,93,,,0.9560546875,1.8420538902282715,0.0,135.27978515625,175.70760542200878,3.315463900566101,,,,,,
3B,grpo,5,94,,,0.94482421875,1.8328591585159302,0.0,139.26513671875,173.09573067200836,2.7039008736610413,,,,,,
3B,grpo,5,95,,,0.953125,1.8774654865264893,0.0,137.37646484375,173.13503266894259,2.814948558807373,,,,,,
3B,grpo,5,96,,,0.94482421875,1.8168498277664185,0.0,143.67919921875,177.352359096054,10.918265581130981,,,,,,
3B,grpo,5,97,,,0.93896484375,1.8522093296051025,0.0,141.47900390625,174.37936673790682,2.7412206530570984,,,,,,
3B,grpo,5,98,,,0.9375,1.875585675239563,0.0,143.01123046875,174.4306785609806,2.293237626552582,,,,,,
3B,grpo,5,99,,,0.9541015625,1.973880648612976,0.0,134.076171875,171.61571244697552,2.686722993850708,,,,,,
3B,grpo,5,100,0.9875,1.844478646479547,0.95751953125,1.833194613456726,0.0,135.14697265625,230.76208895503078,2.7702125906944275,,,,,,
3B,gdpo,0,0,0.1125,1.1467072501778603,,,,,,,,,,,,
3B,gdpo,0,1,,,0.05712890625,-0.6657857894897461,0.0,178.0087890625,163.14677117299289,53.89786911010742,,,,,,
3B,gdpo,0,2,,,0.052734375,-0.5497599840164185,0.0,175.046875,167.06538961303886,47.681214332580566,,,,,,
3B,gdpo,0,3,,,0.091796875,-0.32534727454185486,0.0,173.6650390625,163.73710068198852,44.46952438354492,,,,,,
3B,gdpo,0,4,,,0.1201171875,0.1900690197944641,0.0,181.609375,158.75824868795462,32.53976821899414,,,,,,
3B,gdpo,0,5,,,0.20068359375,0.7220107316970825,0.0,189.18017578125,167.6021671689814,29.535671949386597,,,,,,
3B,gdpo,0,6,,,0.30810546875,0.9965982437133789,0.0,181.63623046875,156.67309646803187,75.69657129049301,,,,,,
3B,gdpo,0,7,,,0.40673828125,1.0781524181365967,0.0,186.5322265625,164.434881070978,57.65928292274475,,,,,,
3B,gdpo,0,8,,,0.515625,1.2657561302185059,0.0,172.7734375,158.43179377098568,26.116784811019897,,,,,,
3B,gdpo,0,9,,,0.62353515625,1.2191615104675293,0.0,171.18115234375,161.14033485902473,109.36581754684448,,,,,,
3B,gdpo,0,10,0.8375,1.6828371614217759,0.7158203125,1.4706677198410034,0.0,156.80126953125,173.45727689901832,36.92011845111847,,,,,,
3B,gdpo,0,11,,,0.7412109375,1.50658118724823,0.0,156.6435546875,154.4136589700356,43.89910912513733,,,,,,
3B,gdpo,0,12,,,0.75390625,1.3950518369674683,0.0,166.98193359375,160.0785859930329,1053.4596257209778,,,,,,
3B,gdpo,0,13,,,0.78369140625,1.4184150695800781,0.0,149.14013671875,156.30339007498696,169.82012313604355,,,,,,
3B,gdpo,0,14,,,0.8212890625,1.456074833869934,0.0,148.548828125,156.53977145202225,33.67632341384888,,,,,,
3B,gdpo,0,15,,,0.84716796875,1.4549849033355713,0.0,143.55517578125,152.7185713800136,54.36585396528244,,,,,,
3B,gdpo,0,16,,,0.85302734375,1.5909241437911987,0.0,138.474609375,151.70097762200749,7.214051187038422,,,,,,
3B,gdpo,0,17,,,0.89306640625,1.699270486831665,0.0,139.607421875,149.63479589205235,31.051612675189972,,,,,,
3B,gdpo,0,18,,,0.9013671875,1.559718132019043,0.0,138.423828125,152.73380967997946,3.460881233215332,,,,,,
3B,gdpo,0,19,,,0.86181640625,1.7008802890777588,0.0,137.31494140625,152.96760904300027,3.6658844351768494,,,,,,
3B,gdpo,0,20,0.95,1.6961434409022331,0.884765625,1.620774507522583,0.0,138.06103515625,163.55156767898006,3.2512556314468384,,,,,,
3B,gdpo,0,21,,,0.8701171875,1.6613152027130127,0.0,137.173828125,157.11549148900667,11.845243215560913,,,,,,
3B,gdpo,0,22,,,0.91162109375,1.7548813819885254,0.0,136.208984375,150.73939825297566,3.3838672637939453,,,,,,
3B,gdpo,0,23,,,0.90771484375,1.71493661403656,0.0,130.44677734375,147.74266177404206,3.085187017917633,,,,,,
3B,gdpo,0,24,,,0.89013671875,1.7305173873901367,0.0,129.017578125,153.77327391004656,3.658370018005371,,,,,,
3B,gdpo,0,25,,,0.9189453125,1.6788607835769653,0.0,129.65625,153.7751873260131,147.59449005126953,,,,,,
3B,gdpo,0,26,,,0.919921875,1.7474714517593384,0.0,122.4912109375,144.509064509999,3.184993088245392,,,,,,
3B,gdpo,0,27,,,0.89697265625,1.5758681297302246,0.0,131.7900390625,152.41037035000045,20.349088072776794,,,,,,
3B,gdpo,0,28,,,0.9140625,1.786133050918579,0.0,121.67041015625,144.4125860860222,3.9085628390312195,,,,,,
3B,gdpo,0,29,,,0.92236328125,1.770470380783081,0.0,130.03759765625,148.39007774699712,3.158238708972931,,,,,,
3B,gdpo,0,30,0.95,1.7465561540797352,0.923828125,1.7898344993591309,0.0,127.0009765625,160.61589892499615,3.3630797266960144,,,,,,
3B,gdpo,0,31,,,0.9267578125,1.8324416875839233,0.0,125.4404296875,148.48378392495215,134.2860131263733,,,,,,
3B,gdpo,0,32,,,0.92529296875,1.651349663734436,0.0,126.845703125,151.40694422798697,3.4956871271133423,,,,,,
3B,gdpo,0,33,,,0.93115234375,1.8073300123214722,0.0,124.25390625,153.58423468802357,3.4788284301757812,,,,,,
3B,gdpo,0,34,,,0.958984375,1.7814967632293701,0.0,124.31494140625,143.6306716169929,4.941825211048126,,,,,,
3B,gdpo,0,35,,,0.91796875,1.799259066581726,0.0,123.37939453125,150.87742813001387,4.014356195926666,,,,,,
3B,gdpo,0,36,,,0.9521484375,1.934782862663269,0.0,121.73193359375,144.69791713904124,3.7616936564445496,,,,,,
3B,gdpo,0,37,,,0.93603515625,1.8704789876937866,0.0,128.921875,153.19072494498687,3.982082724571228,,,,,,
3B,gdpo,0,38,,,0.92919921875,1.7440241575241089,0.0,124.25732421875,148.4226498240023,3.765303611755371,,,,,,
3B,gdpo,0,39,,,0.94970703125,1.748908281326294,0.0,122.228515625,144.23476759099867,3.9016709327697754,,,,,,
3B,gdpo,0,40,0.975,1.721139487810433,0.953125,1.814367413520813,0.0,122.41552734375,153.6803624369786,92.01326560974121,,,,,,
3B,gdpo,0,41,,,0.94873046875,1.8570654392242432,0.0,117.60595703125,148.19647475500824,3.68047171831131,,,,,,
3B,gdpo,0,42,,,0.95654296875,1.7193328142166138,0.0,122.71728515625,144.73492872196948,3.455155372619629,,,,,,
3B,gdpo,0,43,,,0.9541015625,1.8947778940200806,0.0,123.05517578125,147.05681441299384,3.617544114589691,,,,,,
3B,gdpo,0,44,,,0.943359375,1.8306528329849243,0.0,118.1162109375,151.42695240897592,4.003990173339844,,,,,,
3B,gdpo,0,45,,,0.9453125,1.8238823413848877,0.0,118.5849609375,146.17612399999052,3.6424211859703064,,,,,,
3B,gdpo,0,46,,,0.96142578125,1.8620699644088745,0.0,120.6484375,143.40657718700822,11.979548394680023,,,,,,
3B,gdpo,0,47,,,0.95458984375,1.834702968597412,0.0,122.77099609375,143.79282716300804,3.4908206462860107,,,,,,
3B,gdpo,0,48,,,0.96240234375,1.8154046535491943,0.0,118.7890625,148.60174775804626,3.951262354850769,,,,,,
3B,gdpo,0,49,,,0.947265625,1.9342780113220215,0.0,115.2041015625,149.0932778120041,4.44644695520401,,,,,,
3B,gdpo,0,50,0.975,1.69477585144341,0.9619140625,1.9101698398590088,0.0,118.8359375,156.85429459897568,115.89580649137497,,,,,,
3B,gdpo,0,51,,,0.96142578125,1.839743971824646,0.0,116.85595703125,151.8713648209814,3.6986972093582153,,,,,,
3B,gdpo,0,52,,,0.95751953125,1.9073433876037598,0.0,116.09423828125,145.91156437102472,4.111032128334045,,,,,,
3B,gdpo,0,53,,,0.95947265625,1.915320873260498,0.0,119.96142578125,151.15739103103988,3.1199870109558105,,,,,,
3B,gdpo,0,54,,,0.95458984375,1.885467290878296,0.0,121.82666015625,152.96716271498008,3.8394883275032043,,,,,,
3B,gdpo,0,55,,,0.94287109375,1.8787214756011963,0.0,119.703125,147.12286111700814,3.330228567123413,,,,,,
3B,gdpo,0,56,,,0.9560546875,1.874506950378418,0.0,120.18310546875,150.86730703600915,3.5694947242736816,,,,,,
3B,gdpo,0,57,,,0.95849609375,1.89203941822052,0.0,118.1376953125,146.67564423300792,3.1961135864257812,,,,,,
3B,gdpo,0,58,,,0.9462890625,1.8708851337432861,0.0,122.84375,148.40817036904627,4.086082816123962,,,,,,
3B,gdpo,0,59,,,0.95849609375,1.9935190677642822,0.0,120.21728515625,150.7352163940086,84.76270008087158,,,,,,
3B,gdpo,0,60,0.975,1.768406803905964,0.96142578125,1.8659881353378296,0.0,116.87939453125,164.17858252499718,3.5073111057281494,,,,,,
3B,gdpo,0,61,,,0.96923828125,2.000086784362793,0.0,118.44384765625,148.64334668201627,236.28347200155258,,,,,,
3B,gdpo,0,62,,,0.95703125,1.7873908281326294,0.0,118.6005859375,145.956802582019,3.4794456362724304,,,,,,
3B,gdpo,0,63,,,0.95751953125,2.0055816173553467,0.0,117.04736328125,145.33862673700787,26.367511451244354,,,,,,
3B,gdpo,0,64,,,0.96533203125,1.8719552755355835,0.0,121.87158203125,151.02536913502263,2.9458901286125183,,,,,,
3B,gdpo,0,65,,,0.9619140625,2.0302681922912598,0.0,117.45068359375,144.32729570299853,4.482259809970856,,,,,,
3B,gdpo,0,66,,,0.966796875,1.8831419944763184,0.0,119.84814453125,148.80893421900691,3.512244373559952,,,,,,
3B,gdpo,0,67,,,0.95556640625,1.9176760911941528,0.0,119.44482421875,148.62670019897632,224.96032625436783,,,,,,
3B,gdpo,0,68,,,0.97265625,1.9371391534805298,0.0,120.228515625,152.19848165800795,131.9959487915039,,,,,,
3B,gdpo,0,69,,,0.9521484375,1.8873679637908936,0.0,115.1865234375,139.67234284000006,4.090528964996338,,,,,,
3B,gdpo,0,70,0.975,1.7166215041652322,0.95166015625,1.9626597166061401,0.0,117.5078125,155.1689699360286,3.4165619611740112,,,,,,
3B,gdpo,0,71,,,0.958984375,1.9949005842208862,0.0,118.09619140625,140.95074997196207,3.711526334285736,,,,,,
3B,gdpo,0,72,,,0.95361328125,1.9174727201461792,0.0,118.20849609375,146.71727856702637,4.014401376247406,,,,,,
3B,gdpo,0,73,,,0.9658203125,2.00494384765625,0.0,114.125,149.6028268810478,5323.482363283634,,,,,,
3B,gdpo,0,74,,,0.943359375,1.834862470626831,0.0,121.06103515625,154.15218150400324,464.6293832063675,,,,,,
3B,gdpo,0,75,,,0.9462890625,1.8824304342269897,0.0,116.23486328125,146.91245357395383,15339.323931992054,,,,,,
3B,gdpo,0,76,,,0.97216796875,1.9267709255218506,0.0,117.40576171875,145.8693896639743,3.6575114130973816,,,,,,
3B,gdpo,0,77,,,0.97412109375,1.9986555576324463,0.0,118.9912109375,152.9536471759784,3.572120785713196,,,,,,
3B,gdpo,0,78,,,0.98291015625,2.049375295639038,0.0,117.05615234375,139.27327553898795,806.65700507164,,,,,,
3B,gdpo,0,79,,,0.96826171875,2.0199837684631348,0.0,123.107421875,153.57742772001075,86.20259094238281,,,,,,
3B,gdpo,0,80,0.975,1.7570760496892035,0.9677734375,2.0029990673065186,0.0,122.75732421875,155.0739174670307,123.98651659488678,,,,,,
3B,gdpo,0,81,,,0.96142578125,1.8847472667694092,0.0,119.2744140625,148.91947730799438,4.228025794029236,,,,,,
3B,gdpo,0,82,,,0.94873046875,1.9988389015197754,0.0,119.5498046875,146.6305803299765,210.3163230419159,,,,,,
3B,gdpo,0,83,,,0.966796875,1.894712209701538,0.0,112.7294921875,141.31081977201393,4.07587730884552,,,,,,
3B,gdpo,0,84,,,0.95556640625,1.915175437927246,0.0,120.31884765625,150.02871146902908,5.467753171920776,,,,,,
3B,gdpo,0,85,,,0.96826171875,1.9712295532226562,0.0,115.7529296875,147.29811363801127,3.6445128321647644,,,,,,
3B,gdpo,0,86,,,0.96240234375,1.9658820629119873,0.0,122.13818359375,154.2531269339961,145.22834527492523,,,,,,
3B,gdpo,0,87,,,0.97216796875,1.9848003387451172,0.0,119.94873046875,147.37729131802917,3.8023760318756104,,,,,,
3B,gdpo,0,88,,,0.9580078125,1.9682127237319946,0.0,116.451171875,138.81232033798005,5.617374539375305,,,,,,
3B,gdpo,0,89,,,0.9638671875,1.9621165990829468,0.0,119.43212890625,142.59530630300287,286.9539396762848,,,,,,
3B,gdpo,0,90,0.975,1.8650576511397958,0.9619140625,1.9269700050354004,0.0,116.806640625,161.3794794549467,16.10919612646103,,,,,,
3B,gdpo,0,91,,,0.9677734375,1.9814029932022095,0.0,118.80517578125,140.2755584010156,4.964457333087921,,,,,,
3B,gdpo,0,92,,,0.96533203125,1.9486942291259766,0.0,116.23974609375,140.0596390759456,3.649342358112335,,,,,,
3B,gdpo,0,93,,,0.9580078125,1.96240234375,0.0,119.26416015625,143.9627373710391,3.6903286576271057,,,,,,
3B,gdpo,0,94,,,0.95947265625,2.0153627395629883,0.0,116.04443359375,150.24638279696228,3.9266565442085266,,,,,,
3B,gdpo,0,95,,,0.96630859375,1.9635770320892334,0.0,117.01806640625,142.5073711659643,4.509575664997101,,,,,,
3B,gdpo,0,96,,,0.97900390625,1.9743696451187134,0.0,120.17626953125,147.35911404603394,2.8419385850429535,,,,,,
3B,gdpo,0,97,,,0.9716796875,2.012847900390625,0.0,116.89208984375,140.5974486519699,6.1390863955020905,,,,,,
3B,gdpo,0,98,,,0.95458984375,1.9251978397369385,0.0,118.701171875,150.49655552499462,285.26271545886993,,,,,,
3B,gdpo,0,99,,,0.95166015625,2.014392614364624,0.0,112.6123046875,144.79068175697466,3.3918067812919617,,,,,,
3B,gdpo,0,100,0.975,1.793807651102543,0.96337890625,1.943642258644104,0.0,113.57568359375,189.0111221310217,1217.3689711093903,,,,,,
3B,gdpo,1,0,0.1125,1.1212608203291894,,,,,,,,,,,,
3B,gdpo,1,1,,,0.064453125,-0.4740299880504608,0.0,175.07763671875,165.6262970629905,55.96729755401611,,,,,,
3B,gdpo,1,2,,,0.0546875,-0.7214980125427246,0.0,172.90625,160.56103017799614,34.73364067077637,,,,,,
3B,gdpo,1,3,,,0.09716796875,-0.230103000998497,0.0,178.640625,156.899661346004,63.24157953262329,,,,,,
3B,gdpo,1,4,,,0.14208984375,0.33555272221565247,0.0,188.41845703125,163.5632556519995,37.59264922142029,,,,,,
3B,gdpo,1,5,,,0.28369140625,0.7553824782371521,0.0,175.5888671875,156.80813209500047,9.426048755645752,,,,,,
3B,gdpo,1,6,,,0.41552734375,0.9910464286804199,0.0,180.6240234375,158.04738673499378,62.865705251693726,,,,,,
3B,gdpo,1,7,,,0.50341796875,1.0845959186553955,0.0,180.13525390625,155.28909939200094,56.10509181022644,,,,,,
3B,gdpo,1,8,,,0.60107421875,1.2755221128463745,0.0,166.04833984375,158.51087633699353,70.6714973449707,,,,,,
3B,gdpo,1,9,,,0.66650390625,1.289985179901123,0.0,167.32666015625,153.69848442800867,47.4606848359108,,,,,,
3B,gdpo,1,10,0.95,1.6809053426608442,0.763671875,1.4294058084487915,0.0,152.3701171875,163.52867126300407,7.7634828090667725,,,,,,
3B,gdpo,1,11,,,0.82080078125,1.4786100387573242,0.0,139.9248046875,147.36156077799387,3.6972954869270325,,,,,,
3B,gdpo,1,12,,,0.8701171875,1.5084761381149292,0.0,143.40380859375,149.18122631299775,11.795700907707214,,,,,,
3B,gdpo,1,13,,,0.87451171875,1.5810327529907227,0.0,141.79931640625,151.61139771300077,59.3196958899498,,,,,,
3B,gdpo,1,14,,,0.8623046875,1.5105583667755127,0.0,139.01318359375,150.77016127000388,4.060399532318115,,,,,,
3B,gdpo,1,15,,,0.86279296875,1.6494090557098389,0.0,137.3203125,151.14802808398963,3.1850351691246033,,,,,,
3B,gdpo,1,16,,,0.9130859375,1.5743651390075684,0.0,132.93115234375,147.8589363570063,4.364314913749695,,,,,,
3B,gdpo,1,17,,,0.87939453125,1.6600509881973267,0.0,133.47705078125,148.55861990401172,3.084570050239563,,,,,,
3B,gdpo,1,18,,,0.88330078125,1.550917387008667,0.0,143.49267578125,154.67434271000093,12.250322163105011,,,,,,
3B,gdpo,1,19,,,0.90380859375,1.582615852355957,0.0,133.1650390625,148.91346063300443,3.375918924808502,,,,,,
3B,gdpo,1,20,0.9375,1.6534744443371892,0.9150390625,1.6640126705169678,0.0,132.15478515625,157.74508182200952,3.9586732387542725,,,,,,
3B,gdpo,1,21,,,0.9326171875,1.655794620513916,0.0,135.59912109375,145.76647117100947,3.7788612246513367,,,,,,
3B,gdpo,1,22,,,0.9248046875,1.7357938289642334,0.0,137.25830078125,149.95885233000445,3.964922070503235,,,,,,
3B,gdpo,1,23,,,0.94140625,1.726192831993103,0.0,136.390625,153.19165828099358,35.3369979262352,,,,,,
3B,gdpo,1,24,,,0.935546875,1.7236624956130981,0.0,133.015625,142.79117255599704,3.717148780822754,,,,,,
3B,gdpo,1,25,,,0.94140625,1.7920973300933838,0.0,131.28173828125,146.26932638899598,3.5451629161834717,,,,,,
3B,gdpo,1,26,,,0.95068359375,1.7890123128890991,0.0,130.97900390625,146.60154033999424,3.248051345348358,,,,,,
3B,gdpo,1,27,,,0.91943359375,1.676270604133606,0.0,131.9580078125,146.80765069799963,21.62720012664795,,,,,,
3B,gdpo,1,28,,,0.92431640625,1.6152212619781494,0.0,135.9580078125,149.57816024200292,3.374504029750824,,,,,,
3B,gdpo,1,29,,,0.951171875,1.8264634609222412,0.0,130.26953125,146.99230537499534,3.4405080676078796,,,,,,
3B,gdpo,1,30,0.975,1.7490197294391692,0.93310546875,1.7193721532821655,0.0,132.53369140625,162.23628802000894,3.2329984307289124,,,,,,
3B,gdpo,1,31,,,0.94580078125,1.8498222827911377,0.0,130.171875,143.60324278198823,1052.5984326601028,,,,,,
3B,gdpo,1,32,,,0.9501953125,1.7960294485092163,0.0,129.63818359375,146.71185261799837,3.328287720680237,,,,,,
3B,gdpo,1,33,,,0.95849609375,1.7523629665374756,0.0,131.52734375,148.6894153769972,3.2095827460289,,,,,,
3B,gdpo,1,34,,,0.94873046875,1.7775774002075195,0.0,133.86669921875,148.25043716598884,3.1455023288726807,,,,,,
3B,gdpo,1,35,,,0.95263671875,1.8202515840530396,0.0,130.1865234375,139.09627595799975,3.3348163962364197,,,,,,
3B,gdpo,1,36,,,0.9501953125,1.7959370613098145,0.0,125.7958984375,140.17944586199883,3.486754059791565,,,,,,
3B,gdpo,1,37,,,0.9453125,1.701241374015808,0.0,130.3603515625,141.689555570003,26.50410032272339,,,,,,
3B,gdpo,1,38,,,0.94970703125,1.8944337368011475,0.0,130.736328125,150.2921784390055,3.408610701560974,,,,,,
3B,gdpo,1,39,,,0.9482421875,1.674952507019043,0.0,131.65380859375,139.82230513400282,3.4189483523368835,,,,,,
3B,gdpo,1,40,0.975,1.838650725595653,0.95361328125,1.8585772514343262,0.0,126.927734375,154.09228359100234,2.9124714136123657,,,,,,
3B,gdpo,1,41,,,0.9560546875,1.9428536891937256,0.0,125.39404296875,141.7540743300051,182.55328220129013,,,,,,
3B,gdpo,1,42,,,0.96142578125,1.7758179903030396,0.0,129.15185546875,147.55522557299992,3.2427120208740234,,,,,,
3B,gdpo,1,43,,,0.94970703125,1.8244291543960571,0.0,129.5029296875,144.591981081001,9.997418522834778,,,,,,
3B,gdpo,1,44,,,0.9560546875,1.805927038192749,0.0,123.18505859375,142.17067651599064,3.5435720682144165,,,,,,
3B,gdpo,1,45,,,0.95703125,1.8292453289031982,0.0,121.103515625,134.92275347400573,3.153083622455597,,,,,,
3B,gdpo,1,46,,,0.9453125,1.9173684120178223,0.0,120.3974609375,146.90563527299673,3.382547616958618,,,,,,
3B,gdpo,1,47,,,0.97265625,1.8649399280548096,0.0,123.435546875,140.35107810499903,3.7221394777297974,,,,,,
3B,gdpo,1,48,,,0.9560546875,1.8251166343688965,0.0,116.29052734375,142.2687315380026,4.755181193351746,,,,,,
3B,gdpo,1,49,,,0.96142578125,1.8829909563064575,0.0,120.853515625,142.24296855198918,86.34866946935654,,,,,,
3B,gdpo,1,50,0.975,1.6851117639802395,0.95703125,1.8644105195999146,0.0,120.90576171875,158.91043511799944,408.9875099658966,,,,,,
3B,gdpo,1,51,,,0.95654296875,1.9032096862792969,0.0,117.09619140625,135.40901891300746,150.44545358419418,,,,,,
3B,gdpo,1,52,,,0.96875,1.9094030857086182,0.0,116.39404296875,139.58726547600236,5.23792827129364,,,,,,
3B,gdpo,1,53,,,0.962890625,1.8152439594268799,0.0,117.45703125,134.71322525999858,3.606573164463043,,,,,,
3B,gdpo,1,54,,,0.9560546875,1.817212700843811,0.0,117.685546875,137.35920829200768,3.7606452107429504,,,,,,
3B,gdpo,1,55,,,0.95458984375,1.8585293292999268,0.0,118.1005859375,140.86567439799546,3.489466667175293,,,,,,
3B,gdpo,1,56,,,0.962890625,1.9428972005844116,0.0,122.271484375,138.50350116399932,5.2510204911231995,,,,,,
3B,gdpo,1,57,,,0.94482421875,1.787322998046875,0.0,118.19189453125,146.48489543299365,82.17382621765137,,,,,,
3B,gdpo,1,58,,,0.96826171875,1.9655470848083496,0.0,118.9345703125,141.87556178799423,4.248297333717346,,,,,,
3B,gdpo,1,59,,,0.958984375,1.9180065393447876,0.0,114.880859375,139.02998216099513,4.003951966762543,,,,,,
3B,gdpo,1,60,0.975,1.7291352402418851,0.96533203125,1.9880857467651367,0.0,116.19287109375,149.00004450698907,3.250347852706909,,,,,,
3B,gdpo,1,61,,,0.96923828125,1.8980876207351685,0.0,115.46826171875,146.30478220499936,47.543207347393036,,,,,,
3B,gdpo,1,62,,,0.94970703125,1.9098646640777588,0.0,120.69921875,139.95664348101127,478.15253615379333,,,,,,
3B,gdpo,1,63,,,0.95751953125,1.7801384925842285,0.0,120.74609375,138.18513136199908,3.566509962081909,,,,,,
3B,gdpo,1,64,,,0.95166015625,1.8143296241760254,0.0,117.076171875,139.74394788099744,3.852339744567871,,,,,,
3B,gdpo,1,65,,,0.96923828125,1.8190281391143799,0.0,122.4619140625,148.48745215099188,4.517837047576904,,,,,,
3B,gdpo,1,66,,,0.962890625,1.9670462608337402,0.0,115.14111328125,135.24794280000788,4.389121472835541,,,,,,
3B,gdpo,1,67,,,0.98193359375,1.9943084716796875,0.0,116.3798828125,136.06274766399292,3.4994218349456787,,,,,,
3B,gdpo,1,68,,,0.96875,1.9836702346801758,0.0,113.7509765625,135.82173377199797,3.963873505592346,,,,,,
3B,gdpo,1,69,,,0.96044921875,1.818238615989685,0.0,119.41162109375,145.172963110992,3.858471095561981,,,,,,
3B,gdpo,1,70,0.9875,1.8343138121068479,0.947265625,1.8971898555755615,0.0,118.4619140625,144.6532831700024,5.102901756763458,,,,,,
3B,gdpo,1,71,,,0.9580078125,1.9394333362579346,0.0,117.48876953125,144.1434234890039,4.089205265045166,,,,,,
3B,gdpo,1,72,,,0.96484375,2.003180980682373,0.0,116.90771484375,133.2636474739993,4.137120425701141,,,,,,
3B,gdpo,1,73,,,0.9609375,1.9393351078033447,0.0,118.6474609375,139.8031089409924,4.382854163646698,,,,,,
3B,gdpo,1,74,,,0.96875,1.8784619569778442,0.0,120.7626953125,145.23971000699385,4.207678198814392,,,,,,
3B,gdpo,1,75,,,0.96728515625,1.9077348709106445,0.0,120.01220703125,134.72954023900093,4.169946551322937,,,,,,
3B,gdpo,1,76,,,0.97216796875,1.9524564743041992,0.0,122.90185546875,143.98526768299052,8.559528648853302,,,,,,
3B,gdpo,1,77,,,0.95849609375,1.9727219343185425,0.0,119.73046875,145.17048286899808,4.334732413291931,,,,,,
3B,gdpo,1,78,,,0.9755859375,2.058406114578247,0.0,123.99365234375,147.09713466200628,3.6613463759422302,,,,,,
3B,gdpo,1,79,,,0.97607421875,1.9513440132141113,0.0,121.423828125,140.1184944250126,3.3253400325775146,,,,,,
3B,gdpo,1,80,0.9875,1.7946203786879777,0.96044921875,1.837948203086853,0.0,120.09228515625,155.50713288999395,367.7857396006584,,,,,,
3B,gdpo,1,81,,,0.97412109375,2.027245044708252,0.0,118.10791015625,141.1384127969941,5.193812310695648,,,,,,
3B,gdpo,1,82,,,0.96533203125,1.943359375,0.0,121.47607421875,145.10196588801045,2.8447126150131226,,,,,,
3B,gdpo,1,83,,,0.97021484375,1.9133557081222534,0.0,124.80419921875,136.4331592949893,3.528241991996765,,,,,,
3B,gdpo,1,84,,,0.95556640625,2.0045504570007324,0.0,121.01953125,145.69338803600112,4.8841018080711365,,,,,,
3B,gdpo,1,85,,,0.9677734375,1.9339609146118164,0.0,122.2626953125,139.0372376479936,3.9869080185890198,,,,,,
3B,gdpo,1,86,,,0.96435546875,2.016679525375366,0.0,122.7109375,146.29656593500113,3.3348700404167175,,,,,,
3B,gdpo,1,87,,,0.9609375,1.9762864112854004,0.0,120.76904296875,135.4017797520064,4.290921747684479,,,,,,
3B,gdpo,1,88,,,0.97119140625,2.020977020263672,0.0,124.3076171875,138.14640673500253,4.02977055311203,,,,,,
3B,gdpo,1,89,,,0.97900390625,2.003354549407959,0.0,120.43212890625,140.42021635000128,3.8399888277053833,,,,,,
3B,gdpo,1,90,0.9875,1.8135408330708742,0.9736328125,1.889350175857544,0.0,123.48779296875,154.17234162800014,3.3837356567382812,,,,,,
3B,gdpo,1,91,,,0.974609375,1.9949924945831299,0.0,121.48779296875,137.0132717929955,3.891284704208374,,,,,,
3B,gdpo,1,92,,,0.97607421875,2.036661148071289,0.0,118.91357421875,141.40282206099073,4.578168570995331,,,,,,
3B,gdpo,1,93,,,0.97900390625,1.9583438634872437,0.0,124.96435546875,146.8381474350026,166.72876024246216,,,,,,
3B,gdpo,1,94,,,0.9697265625,2.0182688236236572,0.0,120.359375,135.00253156399413,5.3472612500190735,,,,,,
3B,gdpo,1,95,,,0.96484375,1.9163882732391357,0.0,118.48388671875,136.05505537799036,4.457509160041809,,,,,,
3B,gdpo,1,96,,,0.95849609375,1.8769290447235107,0.0,124.57666015625,141.73042690601142,94.19558048248291,,,,,,
3B,gdpo,1,97,,,0.97265625,1.9715678691864014,0.0,120.0751953125,143.5797293259966,142.43078285455704,,,,,,
3B,gdpo,1,98,,,0.9736328125,1.9838706254959106,0.0,122.7978515625,147.1276563010033,4.485059976577759,,,,,,
3B,gdpo,1,99,,,0.96435546875,1.9428435564041138,0.0,125.41162109375,139.55432192400622,4.166109144687653,,,,,,
3B,gdpo,1,100,0.9875,1.8115777973085643,0.9619140625,2.0239460468292236,0.0,116.623046875,187.90797608499997,7.1305952072143555,,,,,,
3B,gdpo,2,0,0.0875,0.9742072492837905,,,,,,,,,,,,
3B,gdpo,2,1,,,0.0458984375,-0.5698439478874207,0.0,175.69482421875,168.87264972610865,41.604371070861816,,,,,,
3B,gdpo,2,2,,,0.060546875,-0.6476596593856812,0.0,175.5009765625,165.84628435899504,60.00337505340576,,,,,,
3B,gdpo,2,3,,,0.07666015625,-0.26189401745796204,0.0,185.91796875,168.66717810207047,26.039363384246826,,,,,,
3B,gdpo,2,4,,,0.1484375,0.4575808346271515,0.0,183.3291015625,167.9344638249604,48.343146562576294,,,,,,
3B,gdpo,2,5,,,0.28271484375,0.763332724571228,0.0,192.3369140625,173.33510686305817,32.05309855937958,,,,,,
3B,gdpo,2,6,,,0.50146484375,1.116805911064148,0.0,172.3427734375,160.1261645440245,23.580921173095703,,,,,,
3B,gdpo,2,7,,,0.56787109375,1.1560721397399902,0.0,167.859375,160.85838041000534,14.218043327331543,,,,,,
3B,gdpo,2,8,,,0.7275390625,1.343871831893921,0.0,147.466796875,157.36325338098686,14.504741251468658,,,,,,
3B,gdpo,2,9,,,0.80419921875,1.3640785217285156,0.0,151.33056640625,155.97667145903688,23.387347161769867,,,,,,
3B,gdpo,2,10,0.95,1.7542386779561638,0.841796875,1.5036277770996094,0.0,145.791015625,170.57495716202538,5.915145814418793,,,,,,
3B,gdpo,2,11,,,0.8447265625,1.4173157215118408,0.0,141.89599609375,158.43944646092132,3.464499592781067,,,,,,
3B,gdpo,2,12,,,0.8759765625,1.4751839637756348,0.0,140.626953125,157.2805425840197,19.00376331806183,,,,,,
3B,gdpo,2,13,,,0.87841796875,1.6379538774490356,0.0,137.7900390625,152.93241204996593,3.384559690952301,,,,,,
3B,gdpo,2,14,,,0.86962890625,1.5533883571624756,0.0,138.62255859375,155.63868551899213,3.19896799325943,,,,,,
3B,gdpo,2,15,,,0.88427734375,1.703786849975586,0.0,140.26708984375,155.78578808694147,3.4544360041618347,,,,,,
3B,gdpo,2,16,,,0.88330078125,1.648959994316101,0.0,136.978515625,156.86383735202253,3.4590710401535034,,,,,,
3B,gdpo,2,17,,,0.90625,1.6284728050231934,0.0,130.90673828125,154.00891309708823,3.6855249404907227,,,,,,
3B,gdpo,2,18,,,0.9130859375,1.5890856981277466,0.0,141.892578125,160.47805005603004,5.187548518180847,,,,,,
3B,gdpo,2,19,,,0.91845703125,1.7050107717514038,0.0,140.2333984375,155.4913531850325,2.87670636177063,,,,,,
3B,gdpo,2,20,0.9375,1.7068901933729648,0.919921875,1.7104313373565674,0.0,132.2373046875,168.82161159603857,3.435276746749878,,,,,,
3B,gdpo,2,21,,,0.92822265625,1.677138090133667,0.0,137.59619140625,157.38100832002237,3.2813117504119873,,,,,,
3B,gdpo,2,22,,,0.921875,1.6505354642868042,0.0,139.06494140625,156.2781509939814,3.4850480556488037,,,,,,
3B,gdpo,2,23,,,0.90185546875,1.6800732612609863,0.0,134.59375,152.47458590497263,3.9808492064476013,,,,,,
3B,gdpo,2,24,,,0.93505859375,1.7556066513061523,0.0,140.4072265625,154.42564108700026,3.0909679532051086,,,,,,
3B,gdpo,2,25,,,0.9462890625,1.6443774700164795,0.0,135.67236328125,155.87091914797202,3.3517441749572754,,,,,,
3B,gdpo,2,26,,,0.9365234375,1.7872356176376343,0.0,135.15185546875,153.6653649880318,3.1702234148979187,,,,,,
3B,gdpo,2,27,,,0.9443359375,1.7986176013946533,0.0,130.63623046875,150.86876439198386,4.471225678920746,,,,,,
3B,gdpo,2,28,,,0.94140625,1.8759818077087402,0.0,133.24951171875,155.77602158894297,3.2932248711586,,,,,,
3B,gdpo,2,29,,,0.9443359375,1.831274390220642,0.0,135.52392578125,156.21764574409463,3.377670466899872,,,,,,
3B,gdpo,2,30,0.975,1.7737056685611605,0.92919921875,1.7301194667816162,0.0,137.0771484375,170.70258761697914,3.2791993021965027,,,,,,
3B,gdpo,2,31,,,0.9326171875,1.7465280294418335,0.0,132.22607421875,155.66978571296204,3.242159068584442,,,,,,
3B,gdpo,2,32,,,0.95263671875,1.8316843509674072,0.0,128.01708984375,153.27099123306107,3.119475841522217,,,,,,
3B,gdpo,2,33,,,0.947265625,1.6800696849822998,0.0,135.2626953125,153.4086290000705,41.293648302555084,,,,,,
3B,gdpo,2,34,,,0.9375,1.8345892429351807,0.0,125.123046875,149.10499754408374,3.0474783182144165,,,,,,
3B,gdpo,2,35,,,0.947265625,1.7260953187942505,0.0,131.06298828125,150.01561334799044,3.267774283885956,,,,,,
3B,gdpo,2,36,,,0.9443359375,1.836430311203003,0.0,132.470703125,150.05127674899995,3.193902015686035,,,,,,
3B,gdpo,2,37,,,0.95166015625,1.9151850938796997,0.0,124.7421875,151.16792241297662,99.47096955776215,,,,,,
3B,gdpo,2,38,,,0.9580078125,1.7006255388259888,0.0,131.61376953125,153.2702095209388,2.9748260974884033,,,,,,
3B,gdpo,2,39,,,0.94287109375,1.8378249406814575,0.0,127.244140625,152.39249281701632,3.2824591398239136,,,,,,
3B,gdpo,2,40,0.975,1.8114831021986901,0.95166015625,1.8612490892410278,0.0,123.0263671875,168.68041915190406,2.9754638075828552,,,,,,
3B,gdpo,2,41,,,0.958984375,1.8402674198150635,0.0,125.71533203125,148.71174432698172,65.52646607160568,,,,,,
3B,gdpo,2,42,,,0.93505859375,1.8308255672454834,0.0,123.8046875,142.46260699699633,2.9566040635108948,,,,,,
3B,gdpo,2,43,,,0.95654296875,1.8486398458480835,0.0,123.314453125,144.8985196109861,3.097577452659607,,,,,,
3B,gdpo,2,44,,,0.95947265625,1.8782665729522705,0.0,118.8896484375,143.26394185598474,3.993579924106598,,,,,,
3B,gdpo,2,45,,,0.95263671875,1.8646337985992432,0.0,126.13720703125,154.29389886499848,3.825231373310089,,,,,,
3B,gdpo,2,46,,,0.939453125,1.8605495691299438,0.0,126.03662109375,157.66939446504693,148.26922625303268,,,,,,
3B,gdpo,2,47,,,0.958984375,1.9688804149627686,0.0,119.49169921875,139.4209118670551,4.567084610462189,,,,,,
3B,gdpo,2,48,,,0.9443359375,1.8681795597076416,0.0,122.87109375,148.60557467502076,170.29224342107773,,,,,,
3B,gdpo,2,49,,,0.955078125,1.7647995948791504,0.0,122.7080078125,150.5141208480345,3.738987922668457,,,,,,
3B,gdpo,2,50,0.975,1.7407823445275425,0.9609375,1.910339593887329,0.0,120.98828125,153.489900777,3.5512399077415466,,,,,,
3B,gdpo,2,51,,,0.953125,1.836916446685791,0.0,120.81591796875,145.44371861300897,3.3583162426948547,,,,,,
3B,gdpo,2,52,,,0.947265625,1.9412987232208252,0.0,119.169921875,148.67317096691113,3.523202061653137,,,,,,
3B,gdpo,2,53,,,0.94287109375,1.8053922653198242,0.0,126.43359375,154.01165353599936,7.121055066585541,,,,,,
3B,gdpo,2,54,,,0.96533203125,1.850351333618164,0.0,120.6845703125,149.84377154393587,5.065629780292511,,,,,,
3B,gdpo,2,55,,,0.95947265625,1.8289858102798462,0.0,122.41162109375,154.28884852700867,150.0165582895279,,,,,,
3B,gdpo,2,56,,,0.9599609375,1.9394642114639282,0.0,123.32568359375,150.67186180502176,3.6453136801719666,,,,,,
3B,gdpo,2,57,,,0.9638671875,1.9249824285507202,0.0,119.85302734375,150.80945972900372,4.1952478885650635,,,,,,
3B,gdpo,2,58,,,0.955078125,1.9728038311004639,0.0,123.40771484375,149.93177886202466,4.336502850055695,,,,,,
3B,gdpo,2,59,,,0.95654296875,1.8574748039245605,0.0,115.24853515625,149.66002540790942,4.05037647485733,,,,,,
3B,gdpo,2,60,0.975,1.726691435929388,0.962890625,1.8686047792434692,0.0,122.86181640625,156.09680595889222,89.31083858013153,,,,,,
3B,gdpo,2,61,,,0.9599609375,1.8852049112319946,0.0,119.50341796875,153.50622925302014,3.745066285133362,,,,,,
3B,gdpo,2,62,,,0.9541015625,1.9117556810379028,0.0,125.99853515625,152.99611297994852,3.8206787109375,,,,,,
3B,gdpo,2,63,,,0.96435546875,2.0067033767700195,0.0,113.51171875,139.99913768295664,4.1867804527282715,,,,,,
3B,gdpo,2,64,,,0.97314453125,1.8648098707199097,0.0,124.5869140625,149.8331620770041,11.012773633003235,,,,,,
3B,gdpo,2,65,,,0.96435546875,1.9631400108337402,0.0,123.80810546875,147.7493738209596,3.715614974498749,,,,,,
3B,gdpo,2,66,,,0.96142578125,1.9131364822387695,0.0,120.04833984375,147.5225550440373,4.30270391702652,,,,,,
3B,gdpo,2,67,,,0.95849609375,1.9256176948547363,0.0,123.28466796875,153.58189103705809,3.947522759437561,,,,,,
3B,gdpo,2,68,,,0.95068359375,1.909320592880249,0.0,114.50830078125,142.15073275088798,472.6423391699791,,,,,,
3B,gdpo,2,69,,,0.96484375,1.8697298765182495,0.0,115.83056640625,149.18783706100658,5.268395960330963,,,,,,
3B,gdpo,2,70,0.975,1.6754093832336365,0.95703125,2.0127320289611816,0.0,114.05126953125,158.8476084920112,771.8081523180008,,,,,,
3B,gdpo,2,71,,,0.95703125,1.8886231184005737,0.0,116.2216796875,147.99780776409898,4.5104451179504395,,,,,,
3B,gdpo,2,72,,,0.97607421875,2.018786907196045,0.0,117.69384765625,150.44357159605715,244.7695316672325,,,,,,
3B,gdpo,2,73,,,0.94677734375,1.9110956192016602,0.0,114.7587890625,147.4364711609669,5.909765362739563,,,,,,
3B,gdpo,2,74,,,0.97021484375,2.011683702468872,0.0,113.94287109375,139.27900872798637,1155.33713722229,,,,,,
3B,gdpo,2,75,,,0.95849609375,1.956395149230957,0.0,110.5810546875,142.38618112390395,3.9399229288101196,,,,,,
3B,gdpo,2,76,,,0.97705078125,1.9720797538757324,0.0,114.62255859375,146.27479367598426,4.301974058151245,,,,,,
3B,gdpo,2,77,,,0.9541015625,1.9255554676055908,0.0,113.67236328125,144.87995789805427,5.460667014122009,,,,,,
3B,gdpo,2,78,,,0.962890625,1.9564762115478516,0.0,110.93408203125,142.52656581706833,240.99134904146194,,,,,,
3B,gdpo,2,79,,,0.96826171875,1.9767277240753174,0.0,116.16796875,143.93826756603085,253.64696621894836,,,,,,
3B,gdpo,2,80,0.9875,1.7829414351843298,0.96142578125,2.002824306488037,0.0,117.2197265625,163.07705962006003,4.674183428287506,,,,,,
3B,gdpo,2,81,,,0.96728515625,1.8777958154678345,0.0,119.5517578125,146.1186918669846,3.658669352531433,,,,,,
3B,gdpo,2,82,,,0.9599609375,1.995460867881775,0.0,113.880859375,140.17744985292666,4.229762613773346,,,,,,
3B,gdpo,2,83,,,0.9677734375,1.9625487327575684,0.0,112.68701171875,150.17008397495374,4.509047508239746,,,,,,
3B,gdpo,2,84,,,0.97509765625,1.9519896507263184,0.0,114.669921875,138.1246570859803,3.9191929697990417,,,,,,
3B,gdpo,2,85,,,0.97314453125,2.0600037574768066,0.0,116.3515625,141.83462852297816,3.6212260127067566,,,,,,
3B,gdpo,2,86,,,0.96142578125,1.8077361583709717,0.0,117.97705078125,150.3545128069818,4.024703800678253,,,,,,
3B,gdpo,2,87,,,0.96875,1.9232971668243408,0.0,115.89111328125,148.4603821290657,4.192921578884125,,,,,,
3B,gdpo,2,88,,,0.9697265625,2.004295825958252,0.0,116.85791015625,143.82247148710303,3.8008612990379333,,,,,,
3B,gdpo,2,89,,,0.958984375,1.9776355028152466,0.0,124.73876953125,154.41916408902034,3.5075648427009583,,,,,,
3B,gdpo,2,90,0.9875,1.70296890726313,0.95458984375,1.9408273696899414,0.0,110.6572265625,149.5527115360601,4.168296933174133,,,,,,
3B,gdpo,2,91,,,0.98193359375,2.0280263423919678,0.0,114.9716796875,139.21034541598056,4.430106997489929,,,,,,
3B,gdpo,2,92,,,0.966796875,1.9472650289535522,0.0,118.95849609375,148.45768457301892,297.8764025568962,,,,,,
3B,gdpo,2,93,,,0.9658203125,1.8527215719223022,0.0,113.80615234375,145.4086612550309,5.415485262870789,,,,,,
3B,gdpo,2,94,,,0.9736328125,2.0703420639038086,0.0,120.724609375,148.5993049830431,3551.860988378525,,,,,,
3B,gdpo,2,95,,,0.96728515625,1.9565848112106323,0.0,111.0908203125,152.43484447605442,193.78597259521484,,,,,,
3B,gdpo,2,96,,,0.9580078125,1.9960139989852905,0.0,118.56396484375,154.20958562998567,8.601535677909851,,,,,,
3B,gdpo,2,97,,,0.9658203125,2.0685648918151855,0.0,115.52294921875,140.33189230505377,5.567662596702576,,,,,,
3B,gdpo,2,98,,,0.974609375,1.938395619392395,0.0,117.896484375,141.6774796579266,4.2476619482040405,,,,,,
3B,gdpo,2,99,,,0.97509765625,1.9911561012268066,0.0,116.35302734375,144.04566427494865,4.109908282756805,,,,,,
3B,gdpo,2,100,0.975,1.745771937072277,0.9638671875,1.938338041305542,0.0,117.46044921875,183.5598887669621,4.771931529045105,,,,,,
3B,gdpo,4,0,0.1,0.9654572501778602,,,,,,,,,,,,
3B,gdpo,4,1,,,0.05517578125,-0.6906631588935852,0.0,177.34521484375,163.16041131698876,82.43049049377441,,,,,,
3B,gdpo,4,2,,,0.05908203125,-0.6277730464935303,0.0,180.76806640625,160.5624092760263,70.43575477600098,,,,,,
3B,gdpo,4,3,,,0.07373046875,-0.38433822989463806,0.0,184.6669921875,157.08150788900093,105.4270887374878,,,,,,
3B,gdpo,4,4,,,0.142578125,0.05533519387245178,0.0,185.9267578125,160.07447355700424,34.414870738983154,,,,,,
3B,gdpo,4,5,,,0.22998046875,0.5830375552177429,0.0,186.98974609375,161.96055290897493,55.49368095397949,,,,,,
3B,gdpo,4,6,,,0.34130859375,0.9756479263305664,0.0,179.3076171875,157.85189942500438,33.24965476989746,,,,,,
3B,gdpo,4,7,,,0.4736328125,1.0963134765625,0.0,168.71630859375,155.41225011099596,54.07292020320892,,,,,,
3B,gdpo,4,8,,,0.6328125,1.2121411561965942,0.0,168.08935546875,157.05736196698854,29.13482093811035,,,,,,
3B,gdpo,4,9,,,0.7451171875,1.3602643013000488,0.0,155.29541015625,152.6449817130051,37.396379590034485,,,,,,
3B,gdpo,4,10,0.925,1.603762486577034,0.76953125,1.4014294147491455,0.0,156.455078125,163.3388131580141,61.398025810718536,,,,,,
3B,gdpo,4,11,,,0.79541015625,1.3997724056243896,0.0,147.38037109375,152.74374923901632,58.45962357521057,,,,,,
3B,gdpo,4,12,,,0.8046875,1.4271470308303833,0.0,148.89306640625,152.6265390930057,29.053795218467712,,,,,,
3B,gdpo,4,13,,,0.85302734375,1.5255966186523438,0.0,136.9716796875,148.84958422998898,4.146348834037781,,,,,,
3B,gdpo,4,14,,,0.8544921875,1.4590777158737183,0.0,137.49853515625,153.09084249701118,15.635336756706238,,,,,,
3B,gdpo,4,15,,,0.8779296875,1.5446687936782837,0.0,144.3779296875,151.8204364120029,187.8008581995964,,,,,,
3B,gdpo,4,16,,,0.89208984375,1.567429542541504,0.0,139.39453125,146.8711645739968,24.428388357162476,,,,,,
3B,gdpo,4,17,,,0.88916015625,1.6462836265563965,0.0,137.99462890625,149.48717114600004,3.303764522075653,,,,,,
3B,gdpo,4,18,,,0.8916015625,1.6753315925598145,0.0,140.47705078125,146.31195150199346,3.628367066383362,,,,,,
3B,gdpo,4,19,,,0.9072265625,1.6440215110778809,0.0,135.52490234375,146.6822617680009,3.0326170921325684,,,,,,
3B,gdpo,4,20,0.95,1.8100151957944035,0.89208984375,1.6707502603530884,0.0,137.80908203125,162.73940593600855,3.256441652774811,,,,,,
3B,gdpo,4,21,,,0.9189453125,1.7649096250534058,0.0,132.962890625,147.1303634889773,3.293283700942993,,,,,,
3B,gdpo,4,22,,,0.92578125,1.593216896057129,0.0,139.119140625,150.46917123999447,48.56176817417145,,,,,,
3B,gdpo,4,23,,,0.9189453125,1.7964274883270264,0.0,131.6435546875,146.22115105198463,3.7111226320266724,,,,,,
3B,gdpo,4,24,,,0.92431640625,1.8168445825576782,0.0,128.9208984375,147.86988103800104,5.164997935295105,,,,,,
3B,gdpo,4,25,,,0.94091796875,1.7485085725784302,0.0,140.04345703125,148.4008067889954,2.828437566757202,,,,,,
3B,gdpo,4,26,,,0.921875,1.7401206493377686,0.0,136.9619140625,147.8920665330079,22.785262405872345,,,,,,
3B,gdpo,4,27,,,0.923828125,1.6593393087387085,0.0,141.376953125,151.39720763699734,10.033257722854614,,,,,,
3B,gdpo,4,28,,,0.9404296875,1.6840741634368896,0.0,132.0341796875,150.7811034740007,3.612052619457245,,,,,,
3B,gdpo,4,29,,,0.931640625,1.668135166168213,0.0,140.33154296875,152.7993114530109,6.331023931503296,,,,,,
3B,gdpo,4,30,0.975,1.8200522419996559,0.94384765625,1.7918400764465332,0.0,132.11572265625,158.75388162600575,4.9671454429626465,,,,,,
3B,gdpo,4,31,,,0.94677734375,1.7843358516693115,0.0,127.814453125,146.79363301800913,3.0318447947502136,,,,,,
3B,gdpo,4,32,,,0.9345703125,1.8796508312225342,0.0,124.22802734375,145.2692317129986,3.1895610690116882,,,,,,
3B,gdpo,4,33,,,0.94091796875,1.8243690729141235,0.0,132.50244140625,152.1008930609969,35.38359296321869,,,,,,
3B,gdpo,4,34,,,0.9375,1.7352828979492188,0.0,137.890625,151.53284988200176,3.4202953577041626,,,,,,
3B,gdpo,4,35,,,0.93603515625,1.8859446048736572,0.0,126.8701171875,141.15270003999467,3.5317437648773193,,,,,,
3B,gdpo,4,36,,,0.95458984375,1.8452978134155273,0.0,124.47900390625,148.3964676540054,3.240144908428192,,,,,,
3B,gdpo,4,37,,,0.9501953125,1.8532952070236206,0.0,127.80419921875,144.63066136397538,216.3027241230011,,,,,,
3B,gdpo,4,38,,,0.9404296875,1.7905710935592651,0.0,124.23046875,142.95678928497364,93.42514371871948,,,,,,
3B,gdpo,4,39,,,0.94189453125,1.830572247505188,0.0,122.97314453125,145.03464497000095,3.8504680395126343,,,,,,
3B,gdpo,4,40,0.975,1.7757282316684724,0.94921875,1.8266503810882568,0.0,124.197265625,160.10051157098496,123.60726684331894,,,,,,
3B,gdpo,4,41,,,0.94091796875,1.7772456407546997,0.0,128.43359375,143.73956558998907,3.3475592136383057,,,,,,
3B,gdpo,4,42,,,0.95849609375,1.9004387855529785,0.0,122.70068359375,146.4794460220146,3.7949951887130737,,,,,,
3B,gdpo,4,43,,,0.95458984375,1.8344385623931885,0.0,125.5693359375,144.429259919998,3.5730984210968018,,,,,,
3B,gdpo,4,44,,,0.94970703125,1.8124638795852661,0.0,122.89013671875,149.11413122000522,8.826765477657318,,,,,,
3B,gdpo,4,45,,,0.95849609375,1.8483834266662598,0.0,122.53759765625,149.14341755901114,3.634332060813904,,,,,,
3B,gdpo,4,46,,,0.94970703125,1.8436483144760132,0.0,122.255859375,145.95000252197497,62.168714582920074,,,,,,
3B,gdpo,4,47,,,0.94580078125,1.8302817344665527,0.0,121.98193359375,143.6270961870032,67.76080971956253,,,,,,
3B,gdpo,4,48,,,0.9482421875,1.7327513694763184,0.0,120.1904296875,143.62281543697463,3.5145450830459595,,,,,,
3B,gdpo,4,49,,,0.9462890625,2.001281499862671,0.0,118.29443359375,142.351180697995,3.318633019924164,,,,,,
3B,gdpo,4,50,0.975,1.7337264824658631,0.94921875,1.8880760669708252,0.0,119.36767578125,154.54906050901627,3.3763192296028137,,,,,,
3B,gdpo,4,51,,,0.9521484375,1.8233078718185425,0.0,119.6201171875,146.71523651498137,5.18603652715683,,,,,,
3B,gdpo,4,52,,,0.95849609375,1.8742852210998535,0.0,120.1767578125,143.84796534001362,3.53759104013443,,,,,,
3B,gdpo,4,53,,,0.9521484375,1.9397461414337158,0.0,116.2822265625,137.68650693600648,140.14757192134857,,,,,,
3B,gdpo,4,54,,,0.96337890625,1.927314281463623,0.0,115.91357421875,148.58403735700995,4.121807634830475,,,,,,
3B,gdpo,4,55,,,0.962890625,1.9620633125305176,0.0,114.205078125,141.1956416349858,3.192055404186249,,,,,,
3B,gdpo,4,56,,,0.9580078125,1.7967031002044678,0.0,115.24658203125,137.84481631297967,4.100029528141022,,,,,,
3B,gdpo,4,57,,,0.9580078125,1.9362108707427979,0.0,116.263671875,138.53049398597796,3.579430639743805,,,,,,
3B,gdpo,4,58,,,0.9541015625,1.841246485710144,0.0,113.4072265625,142.14403742502327,4.076627254486084,,,,,,
3B,gdpo,4,59,,,0.9619140625,1.9376239776611328,0.0,115.609375,138.42257144098403,386.09609562158585,,,,,,
3B,gdpo,4,60,0.975,1.7846880186349154,0.96484375,1.9129579067230225,0.0,120.287109375,156.21247578898328,3.6407371759414673,,,,,,
3B,gdpo,4,61,,,0.947265625,1.9015846252441406,0.0,117.6044921875,149.53124586099875,5.3376593589782715,,,,,,
3B,gdpo,4,62,,,0.96533203125,1.9135279655456543,0.0,117.63427734375,145.99350623498322,376.88161462545395,,,,,,
3B,gdpo,4,63,,,0.95068359375,1.8658322095870972,0.0,117.0908203125,137.5605662720045,328.16797959804535,,,,,,
3B,gdpo,4,64,,,0.970703125,1.9266526699066162,0.0,115.09716796875,148.4535417399893,4.847517251968384,,,,,,
3B,gdpo,4,65,,,0.9619140625,1.9952596426010132,0.0,114.99267578125,138.2835656850075,3.412478983402252,,,,,,
3B,gdpo,4,66,,,0.95703125,1.9103062152862549,0.0,117.89892578125,145.91273003199603,3.2648890018463135,,,,,,
3B,gdpo,4,67,,,0.95361328125,1.877713680267334,0.0,114.48486328125,140.15901909201057,3.6937252283096313,,,,,,
3B,gdpo,4,68,,,0.95849609375,1.9272996187210083,0.0,109.87158203125,142.9794935779937,687.9565968513489,,,,,,
3B,gdpo,4,69,,,0.96337890625,1.937087059020996,0.0,121.09912109375,143.85203165499843,3.660197138786316,,,,,,
3B,gdpo,4,70,0.975,1.7850231014192104,0.9619140625,1.9102458953857422,0.0,116.0380859375,158.23227289799252,3.5891658067703247,,,,,,
3B,gdpo,4,71,,,0.9677734375,1.9193572998046875,0.0,118.28173828125,147.14401727399672,3.483641505241394,,,,,,
3B,gdpo,4,72,,,0.96044921875,1.9814200401306152,0.0,111.890625,137.34138443300617,4.202940583229065,,,,,,
3B,gdpo,4,73,,,0.95703125,1.9545495510101318,0.0,113.33642578125,141.45086379599525,237.42325711250305,,,,,,
3B,gdpo,4,74,,,0.94677734375,1.9150524139404297,0.0,114.59375,143.29356916897814,3.427642285823822,,,,,,
3B,gdpo,4,75,,,0.96875,1.975832462310791,0.0,117.08740234375,143.10554451099597,3.473089635372162,,,,,,
3B,gdpo,4,76,,,0.97216796875,1.9295613765716553,0.0,113.35400390625,139.6845443439961,3.8130606412887573,,,,,,
3B,gdpo,4,77,,,0.96875,1.9785672426223755,0.0,112.6650390625,136.18415507601458,3.8164287209510803,,,,,,
3B,gdpo,4,78,,,0.96240234375,1.8481084108352661,0.0,113.13037109375,141.4405676360184,122.08123207092285,,,,,,
3B,gdpo,4,79,,,0.9609375,1.9389723539352417,0.0,111.3916015625,145.4917116650031,4.3404741287231445,,,,,,
3B,gdpo,4,80,0.975,1.7945743832737207,0.9638671875,2.043919563293457,0.0,110.55224609375,142.4299230070028,994.282419025898,,,,,,
3B,gdpo,4,81,,,0.9609375,1.9261871576309204,0.0,111.609375,137.4120792610047,10967.131304204464,,,,,,
3B,gdpo,4,82,,,0.9599609375,1.9960522651672363,0.0,113.8720703125,137.3614778049814,3.5827354788780212,,,,,,
3B,gdpo,4,83,,,0.96923828125,1.893608808517456,0.0,114.09619140625,143.6787340870069,3.562857687473297,,,,,,
3B,gdpo,4,84,,,0.96240234375,1.988264560699463,0.0,112.59130859375,138.95149540700368,5.141432762145996,,,,,,
3B,gdpo,4,85,,,0.97607421875,1.9978835582733154,0.0,118.05224609375,145.53447366101318,110.82324486970901,,,,,,
3B,gdpo,4,86,,,0.97119140625,2.0047898292541504,0.0,113.265625,137.41904925901326,4.514235615730286,,,,,,
3B,gdpo,4,87,,,0.94921875,1.8776800632476807,0.0,113.3857421875,138.74281679699197,3.361214756965637,,,,,,
3B,gdpo,4,88,,,0.955078125,2.019996166229248,0.0,111.7021484375,141.18095305998577,4.555941164493561,,,,,,
3B,gdpo,4,89,,,0.9736328125,2.078446626663208,0.0,110.32861328125,139.1800587280013,4.93110978603363,,,,,,
3B,gdpo,4,90,0.975,1.7888168063014747,0.95849609375,1.930943489074707,0.0,112.0419921875,153.29801904098713,187.82185631990433,,,,,,
3B,gdpo,4,91,,,0.953125,1.8307524919509888,0.0,110.13427734375,134.81195566800307,80.43095451593399,,,,,,
3B,gdpo,4,92,,,0.9716796875,1.9253932237625122,0.0,111.3173828125,133.86732476900215,4.867530286312103,,,,,,
3B,gdpo,4,93,,,0.97314453125,2.027164936065674,0.0,112.07568359375,134.0685250890092,3.337428092956543,,,,,,
3B,gdpo,4,94,,,0.97021484375,1.9198108911514282,0.0,111.9423828125,138.5550281990145,4.087110698223114,,,,,,
3B,gdpo,4,95,,,0.9775390625,2.0021448135375977,0.0,112.79345703125,143.6522614019923,3.9915719032287598,,,,,,
3B,gdpo,4,96,,,0.94189453125,2.022935390472412,0.0,111.18603515625,138.4614133790019,22.843778431415558,,,,,,
3B,gdpo,4,97,,,0.95703125,1.8834365606307983,0.0,109.6142578125,137.1933491800155,5684.445372462273,,,,,,
3B,gdpo,4,98,,,0.953125,2.0526089668273926,0.0,111.28076171875,140.3234776490135,4.064633548259735,,,,,,
3B,gdpo,4,99,,,0.96728515625,1.9335899353027344,0.0,112.81884765625,140.3738768119947,304.45500379800797,,,,,,
3B,gdpo,4,100,0.975,1.830098858103156,0.9638671875,2.1534223556518555,0.0,112.5751953125,184.5967733010184,188.70376908779144,,,,,,
3B,gdpo,5,0,0.1,1.0712608203291893,,,,,,,,,,,,
3B,gdpo,5,1,,,0.0517578125,-0.5674481391906738,0.0,174.71484375,189.08778617100324,44.65467643737793,,,,,,
3B,gdpo,5,2,,,0.06103515625,-0.6443885564804077,0.0,173.86328125,177.03271477902308,50.73914861679077,,,,,,
3B,gdpo,5,3,,,0.0869140625,-0.31338560581207275,0.0,180.56787109375,177.4426743920194,30.970548152923584,,,,,,
3B,gdpo,5,4,,,0.12744140625,0.22452357411384583,0.0,187.7998046875,182.5010661019478,29.257906436920166,,,,,,
3B,gdpo,5,5,,,0.24365234375,0.5820472240447998,0.0,176.05078125,176.37976897403132,27.416120052337646,,,,,,
3B,gdpo,5,6,,,0.3310546875,1.037229061126709,0.0,180.5224609375,172.96177981002256,64.81392097473145,,,,,,
3B,gdpo,5,7,,,0.44873046875,1.1245038509368896,0.0,173.85400390625,178.21606781694572,42.41994607448578,,,,,,
3B,gdpo,5,8,,,0.53271484375,1.347296953201294,0.0,167.58642578125,170.12369140202645,69.96163988113403,,,,,,
3B,gdpo,5,9,,,0.70703125,1.3678439855575562,0.0,153.4814453125,172.3416128490353,18.196529805660248,,,,,,
3B,gdpo,5,10,0.8375,1.7199204940348864,0.7119140625,1.4377949237823486,0.0,151.11083984375,193.32849134900607,46.73635756969452,,,,,,
3B,gdpo,5,11,,,0.72216796875,1.437051773071289,0.0,150.2509765625,167.42515763198026,83.67622494697571,,,,,,
3B,gdpo,5,12,,,0.81005859375,1.3920478820800781,0.0,149.12548828125,170.4431052650325,32.200125217437744,,,,,,
3B,gdpo,5,13,,,0.82861328125,1.3988995552062988,0.0,142.09765625,167.10040379106067,22.83035433292389,,,,,,
3B,gdpo,5,14,,,0.8662109375,1.5393507480621338,0.0,147.84228515625,168.86455607891548,21.395135045051575,,,,,,
3B,gdpo,5,15,,,0.85888671875,1.5328733921051025,0.0,137.857421875,167.63758816593327,17.682869613170624,,,,,,
3B,gdpo,5,16,,,0.861328125,1.6052178144454956,0.0,138.474609375,165.69348636409268,10.584955513477325,,,,,,
3B,gdpo,5,17,,,0.875,1.635514259338379,0.0,136.7236328125,164.07912556699011,3.607986867427826,,,,,,
3B,gdpo,5,18,,,0.89453125,1.5506523847579956,0.0,130.70654296875,162.6688886960037,3.612373650074005,,,,,,
3B,gdpo,5,19,,,0.873046875,1.5837308168411255,0.0,130.53955078125,159.8928940789774,4.071382522583008,,,,,,
3B,gdpo,5,20,0.95,1.8097515011206269,0.8720703125,1.6069828271865845,0.0,136.08251953125,189.55042520200368,12.632513880729675,,,,,,
3B,gdpo,5,21,,,0.90966796875,1.7205504179000854,0.0,130.66845703125,160.1156566790305,6.443950414657593,,,,,,
3B,gdpo,5,22,,,0.880859375,1.617355465888977,0.0,131.32958984375,166.21703306294512,3.380274713039398,,,,,,
3B,gdpo,5,23,,,0.9208984375,1.6937594413757324,0.0,128.30224609375,163.81782117800321,4.015123724937439,,,,,,
3B,gdpo,5,24,,,0.91259765625,1.7721456289291382,0.0,129.19970703125,162.1789285360137,3.0319055914878845,,,,,,
3B,gdpo,5,25,,,0.921875,1.632711410522461,0.0,127.75634765625,162.85512439301237,3.2783448100090027,,,,,,
3B,gdpo,5,26,,,0.8984375,1.6782397031784058,0.0,123.001953125,160.9232708979398,3.528228998184204,,,,,,
3B,gdpo,5,27,,,0.931640625,1.9075868129730225,0.0,125.96142578125,158.39057657506783,4.76090669631958,,,,,,
3B,gdpo,5,28,,,0.92626953125,1.8271757364273071,0.0,123.47119140625,161.4899599950295,3.4937195777893066,,,,,,
3B,gdpo,5,29,,,0.92578125,1.7679390907287598,0.0,121.18359375,160.70975812303368,62.936008989810944,,,,,,
3B,gdpo,5,30,0.975,1.827787628956139,0.91552734375,1.7357227802276611,0.0,120.60400390625,185.5051484029973,3.6021798849105835,,,,,,
3B,gdpo,5,31,,,0.93505859375,1.7744832038879395,0.0,120.04931640625,161.2685938240029,28.356609284877777,,,,,,
3B,gdpo,5,32,,,0.9404296875,1.7609033584594727,0.0,120.00048828125,162.76506283297203,5.129025459289551,,,,,,
3B,gdpo,5,33,,,0.93359375,1.8464900255203247,0.0,115.4990234375,156.6243865690194,3.595298111438751,,,,,,
3B,gdpo,5,34,,,0.927734375,1.7662875652313232,0.0,121.45703125,156.58891298808157,3.6872140765190125,,,,,,
3B,gdpo,5,35,,,0.93505859375,1.8116282224655151,0.0,115.56005859375,154.88710593502037,3.985975980758667,,,,,,
3B,gdpo,5,36,,,0.93994140625,1.7170823812484741,0.0,111.84521484375,154.15795757097658,25.805597603321075,,,,,,
3B,gdpo,5,37,,,0.947265625,1.7975085973739624,0.0,120.60986328125,154.79467137006577,64.23462301492691,,,,,,
3B,gdpo,5,38,,,0.9501953125,1.7803089618682861,0.0,116.51416015625,155.88943769107573,3.7181436419487,,,,,,
3B,gdpo,5,39,,,0.94140625,1.7972328662872314,0.0,111.02294921875,159.26741518592462,3.66031414270401,,,,,,
3B,gdpo,5,40,0.975,1.6949169592931868,0.94775390625,1.80066978931427,0.0,115.85400390625,180.51367202191614,3.521868050098419,,,,,,
3B,gdpo,5,41,,,0.9658203125,1.8954881429672241,0.0,118.81298828125,162.28253687394317,3.299009144306183,,,,,,
3B,gdpo,5,42,,,0.95556640625,1.8759409189224243,0.0,108.9619140625,151.80981554393657,3.4536734223365784,,,,,,
3B,gdpo,5,43,,,0.95849609375,1.8913354873657227,0.0,108.990234375,147.8565214750124,3.1481133103370667,,,,,,
3B,gdpo,5,44,,,0.9443359375,1.816357970237732,0.0,111.720703125,155.63584043295123,427.155488550663,,,,,,
3B,gdpo,5,45,,,0.962890625,1.8818883895874023,0.0,110.970703125,154.6104245900642,3.8501932621002197,,,,,,
3B,gdpo,5,46,,,0.9580078125,1.8421316146850586,0.0,113.52099609375,157.1305390469497,3.3230746388435364,,,,,,
3B,gdpo,5,47,,,0.94189453125,1.8928415775299072,0.0,112.654296875,148.1066941859899,4.1586891412734985,,,,,,
3B,gdpo,5,48,,,0.94921875,1.710489273071289,0.0,114.7255859375,153.73200404108502,112.69893330335617,,,,,,
3B,gdpo,5,49,,,0.96826171875,1.9576820135116577,0.0,117.45166015625,161.35447421309073,3.6193331480026245,,,,,,
3B,gdpo,5,50,0.975,1.7037356372922658,0.95068359375,1.9032793045043945,0.0,114.1396484375,179.42273550096434,3.088903307914734,,,,,,
3B,gdpo,5,51,,,0.96630859375,1.826751470565796,0.0,114.71484375,156.03643219103105,3.405334174633026,,,,,,
3B,gdpo,5,52,,,0.9658203125,1.9527649879455566,0.0,112.123046875,157.1337230380159,3.4006011486053467,,,,,,
3B,gdpo,5,53,,,0.95751953125,1.8734679222106934,0.0,113.19189453125,161.89893071597908,3.666512370109558,,,,,,
3B,gdpo,5,54,,,0.9501953125,1.8274142742156982,0.0,115.82958984375,157.7748765529832,3.302691698074341,,,,,,
3B,gdpo,5,55,,,0.95068359375,1.8002879619598389,0.0,112.84375,158.76488873898052,3.644309163093567,,,,,,
3B,gdpo,5,56,,,0.9423828125,1.974198341369629,0.0,114.2548828125,149.69111806398723,3.4436315298080444,,,,,,
3B,gdpo,5,57,,,0.95166015625,1.836360216140747,0.0,111.40380859375,150.5373185109347,3.4844472408294678,,,,,,
3B,gdpo,5,58,,,0.96142578125,1.9147257804870605,0.0,110.6279296875,148.15753263398074,3.538446605205536,,,,,,
3B,gdpo,5,59,,,0.9541015625,1.859692931175232,0.0,112.072265625,155.19813675491605,3.2161259055137634,,,,,,
3B,gdpo,5,60,0.975,1.726120963320136,0.97802734375,1.9280322790145874,0.0,111.2900390625,177.0386592040304,226.21863782405853,,,,,,
3B,gdpo,5,61,,,0.95361328125,1.846032977104187,0.0,108.59130859375,149.51221484900452,3.673524856567383,,,,,,
3B,gdpo,5,62,,,0.951171875,1.9327033758163452,0.0,109.31298828125,150.41564928996377,5.057855606079102,,,,,,
3B,gdpo,5,63,,,0.96435546875,1.9598554372787476,0.0,106.2998046875,146.6808535429882,4.237647712230682,,,,,,
3B,gdpo,5,64,,,0.94970703125,2.0171117782592773,0.0,108.326171875,146.92681903997436,3.5317625999450684,,,,,,
3B,gdpo,5,65,,,0.962890625,1.8376774787902832,0.0,110.9892578125,147.59404357906897,4.871906578540802,,,,,,
3B,gdpo,5,66,,,0.9638671875,1.8422939777374268,0.0,110.41845703125,151.31729515607003,4.3378124833106995,,,,,,
3B,gdpo,5,67,,,0.953125,1.92805016040802,0.0,106.99365234375,147.86053283000365,4.141812264919281,,,,,,
3B,gdpo,5,68,,,0.96728515625,1.9187955856323242,0.0,105.80859375,148.61472538905218,4.186350882053375,,,,,,
3B,gdpo,5,69,,,0.96484375,1.9015698432922363,0.0,109.76611328125,164.7885342289228,242.22570949792862,,,,,,
3B,gdpo,5,70,0.975,1.7664104647934438,0.9736328125,1.9794745445251465,0.0,106.37646484375,165.81408138689585,5.2177428007125854,,,,,,
3B,gdpo,5,71,,,0.9638671875,1.973989486694336,0.0,108.4951171875,156.35776800301392,4.102281033992767,,,,,,
3B,gdpo,5,72,,,0.951171875,1.935831904411316,0.0,110.26318359375,152.5919778009411,4.8333752155303955,,,,,,
3B,gdpo,5,73,,,0.9677734375,1.8689966201782227,0.0,112.8544921875,149.23946840898134,4.211487174034119,,,,,,
3B,gdpo,5,74,,,0.966796875,1.9485058784484863,0.0,106.77099609375,146.97790443093982,4.721536755561829,,,,,,
3B,gdpo,5,75,,,0.9580078125,1.9699091911315918,0.0,106.72412109375,149.33506377902813,4.228344202041626,,,,,,
3B,gdpo,5,76,,,0.9765625,1.9522385597229004,0.0,111.34130859375,154.40688012400642,5.477883696556091,,,,,,
3B,gdpo,5,77,,,0.966796875,1.9166412353515625,0.0,110.15966796875,150.57783911796287,431.4293142557144,,,,,,
3B,gdpo,5,78,,,0.9716796875,1.931591272354126,0.0,110.5009765625,151.81079099909402,4.761693716049194,,,,,,
3B,gdpo,5,79,,,0.978515625,1.9095338582992554,0.0,114.08349609375,154.6481179239927,4.1592987179756165,,,,,,
3B,gdpo,5,80,0.975,1.7664104647934438,0.9580078125,1.9135541915893555,0.0,109.6396484375,163.3325437399326,3.918281078338623,,,,,,
3B,gdpo,5,81,,,0.94775390625,2.0238096714019775,0.0,111.65380859375,160.47348416398745,5.628863513469696,,,,,,
3B,gdpo,5,82,,,0.97216796875,1.935603141784668,0.0,106.3671875,148.90705485397484,4.757426977157593,,,,,,
3B,gdpo,5,83,,,0.978515625,2.000110626220703,0.0,109.26025390625,144.18211234395858,3.6002580523490906,,,,,,
3B,gdpo,5,84,,,0.9560546875,2.000049591064453,0.0,111.76171875,155.4865045370534,4.69585907459259,,,,,,
3B,gdpo,5,85,,,0.9677734375,2.0422539710998535,0.0,109.857421875,154.59681060898583,4.064404904842377,,,,,,
3B,gdpo,5,86,,,0.96044921875,1.9639878273010254,0.0,114.49609375,150.94533926201984,5.06358927488327,,,,,,
3B,gdpo,5,87,,,0.96337890625,1.9683541059494019,0.0,116.17919921875,161.08792025095318,3.952561676502228,,,,,,
3B,gdpo,5,88,,,0.96923828125,1.993711233139038,0.0,111.44287109375,150.9422417449532,4.948187053203583,,,,,,
3B,gdpo,5,89,,,0.9775390625,2.0165939331054688,0.0,109.548828125,150.23752857302316,4.388971447944641,,,,,,
3B,gdpo,5,90,0.975,1.7570354647934436,0.96923828125,1.9005132913589478,0.0,110.47265625,166.1969489400508,6.010920286178589,,,,,,
3B,gdpo,5,91,,,0.95556640625,1.8711086511611938,0.0,107.4296875,153.97266423003748,3.874162018299103,,,,,,
3B,gdpo,5,92,,,0.9697265625,1.9134163856506348,0.0,111.998046875,157.0832316200249,4.803445279598236,,,,,,
3B,gdpo,5,93,,,0.9736328125,1.9692630767822266,0.0,107.63720703125,151.31116127595305,5.247875869274139,,,,,,
3B,gdpo,5,94,,,0.97216796875,1.9617269039154053,0.0,110.08251953125,160.26788652304094,5.28603321313858,,,,,,
3B,gdpo,5,95,,,0.9638671875,1.9952315092086792,0.0,110.541015625,159.9896246199496,4.816805720329285,,,,,,
3B,gdpo,5,96,,,0.97509765625,1.9701225757598877,0.0,111.90771484375,152.00068726704922,29.487653255462646,,,,,,
3B,gdpo,5,97,,,0.9658203125,1.9527603387832642,0.0,108.93115234375,147.6005469309166,5.392962336540222,,,,,,
3B,gdpo,5,98,,,0.96142578125,2.0491766929626465,0.0,110.890625,156.60670636792202,4.182355046272278,,,,,,
3B,gdpo,5,99,,,0.98291015625,2.1103293895721436,0.0,105.53076171875,154.9662575230468,4.534280955791473,,,,,,
3B,gdpo,5,100,1.0,1.7570354647934436,0.97509765625,1.9444544315338135,0.0,107.47216796875,202.61980487406254,4.188229262828827,,,,,,
3B,dara,0,0,0.1125,1.1467072501778603,,,,,,,,,,,,
3B,dara,0,1,,,0.05712890625,-0.6657857894897461,0.0,178.0087890625,159.94364092499745,50.866116523742676,0.73828125,1.0,378.0,0.1640625,2.1213203435596424,84.0
3B,dara,0,2,,,0.052734375,-0.5497599840164185,0.0,175.046875,163.35410577899893,44.45717811584473,0.759765625,1.0,389.0,0.14453125,2.2927618185840317,74.0
3B,dara,0,3,,,0.09765625,-0.33430182933807373,0.0,174.30517578125,161.3236160910019,57.23081684112549,0.73046875,1.0,374.0,0.23046875,1.780306581862722,118.0
3B,dara,0,4,,,0.19482421875,0.23456400632858276,0.0,179.1552734375,156.99756618200627,41.284037351608276,0.70703125,1.0,362.0,0.3828125,1.359021256460032,196.0
3B,dara,0,5,,,0.26513671875,0.6068852543830872,0.0,187.76806640625,160.81306316299742,37.488656520843506,0.681640625,1.0,349.0,0.4453125,1.237215322563524,228.0
3B,dara,0,6,,,0.39306640625,0.9988687634468079,0.0,169.2607421875,153.20373931599897,36.04832947254181,0.56640625,1.0,290.0,0.46484375,1.1038511652201954,238.0
3B,dara,0,7,,,0.53076171875,1.05402672290802,0.0,172.58837890625,158.35598149499856,44.46463632583618,0.49609375,1.0,254.0,0.416015625,1.0920111093348812,213.0
3B,dara,0,8,,,0.705078125,1.222604513168335,0.0,150.94873046875,150.28135337799904,41.823254108428955,0.541015625,1.0,277.0,0.3671875,1.2138386446802347,188.0
3B,dara,0,9,,,0.7666015625,1.2305923700332642,0.0,159.0849609375,154.86174191299506,27.396048665046692,0.4609375,1.0,236.0,0.3046875,1.2299676877139956,156.0
3B,dara,0,10,0.95,1.7246553426608444,0.84228515625,1.466589331626892,0.0,141.24853515625,160.4595239390037,21.88233494758606,0.462890625,1.0,237.0,0.236328125,1.3995276653036957,121.0
3B,dara,0,11,,,0.83837890625,1.4631067514419556,0.0,137.10595703125,145.5319675530045,6.030016303062439,0.4296875,1.0,220.0,0.16796875,1.5994184989813396,86.0
3B,dara,0,12,,,0.84619140625,1.455440878868103,0.0,145.75634765625,152.9609672890001,3.3605825901031494,0.359375,1.0,184.0,0.146484375,1.5663120165960973,75.0
3B,dara,0,13,,,0.8466796875,1.4677096605300903,0.0,139.986328125,153.22709765299805,4.796763896942139,0.349609375,1.0,179.0,0.1015625,1.8553457069526673,52.0
3B,dara,0,14,,,0.8759765625,1.5187873840332031,0.0,141.6494140625,153.77953062199958,3.2104971408843994,0.390625,1.0,200.0,0.072265625,2.3249527748763854,37.0
3B,dara,0,15,,,0.8876953125,1.5199730396270752,0.0,137.41357421875,149.079146778,3.9147388339042664,0.380859375,1.0,195.0,0.060546875,2.508051550635505,31.0
3B,dara,0,16,,,0.8798828125,1.641932487487793,0.0,130.44775390625,146.08041926199803,3.6707605719566345,0.337890625,1.0,173.0,0.064453125,2.2896340848319503,33.0
3B,dara,0,17,,,0.90185546875,1.7092890739440918,0.0,132.265625,147.42324983899744,3.4870343804359436,0.322265625,1.0,165.0,0.060546875,2.307071876895319,31.0
3B,dara,0,18,,,0.9208984375,1.565077304840088,0.0,130.61328125,149.22921957200015,3.6299933195114136,0.333984375,1.0,171.0,0.0625,2.311655251113366,32.0
3B,dara,0,19,,,0.888671875,1.7244340181350708,0.0,126.123046875,145.5363379460032,3.825467050075531,0.26953125,1.0,138.0,0.06640625,2.014652210534554,34.0
3B,dara,0,20,0.95,1.75156968254596,0.91064453125,1.5964579582214355,0.0,127.70947265625,156.34692691400414,3.539790987968445,0.322265625,1.0,165.0,0.107421875,1.7320508075688772,55.0
3B,dara,0,21,,,0.91357421875,1.6546169519424438,0.0,127.65625,151.70021709799767,100.44690877199173,0.26171875,1.0,134.0,0.0703125,1.9293061504650375,36.0
3B,dara,0,22,,,0.93994140625,1.7488658428192139,0.0,127.55224609375,146.96403580399783,3.3138861060142517,0.275390625,1.0,141.0,0.052734375,2.2852182001336816,27.0
3B,dara,0,23,,,0.93603515625,1.6672111749649048,0.0,122.8642578125,144.76203594599792,94.26026248931885,0.298828125,1.0,153.0,0.060546875,2.221594893532064,31.0
3B,dara,0,24,,,0.92529296875,1.7230360507965088,0.0,127.01953125,149.69088581100368,91.95306479930878,0.259765625,1.0,133.0,0.056640625,2.141543111065412,29.0
3B,dara,0,25,,,0.9443359375,1.6702009439468384,0.0,124.8515625,149.83709569300117,3.376569926738739,0.248046875,1.0,127.0,0.056640625,2.092680182165346,29.0
3B,dara,0,26,,,0.94921875,1.7707151174545288,0.0,119.50439453125,143.78263714999775,4.4120665192604065,0.2421875,1.0,124.0,0.046875,2.273030282830976,24.0
3B,dara,0,27,,,0.931640625,1.5920939445495605,0.0,128.341796875,152.90232364700205,3.6065268516540527,0.2421875,1.0,124.0,0.048828125,2.227105745132009,25.0
3B,dara,0,28,,,0.94775390625,1.7632896900177002,0.0,117.76123046875,143.07613603900245,3.1627683639526367,0.236328125,1.0,121.0,0.048828125,2.2,25.0
3B,dara,0,29,,,0.94873046875,1.7782049179077148,0.0,121.31591796875,143.37583792900114,3.660764217376709,0.212890625,1.0,109.0,0.037109375,2.3951705795753164,19.0
3B,dara,0,30,0.975,1.7016021504066885,0.9365234375,1.7771620750427246,0.0,119.88427734375,153.7326340429936,3.643953323364258,0.244140625,1.0,125.0,0.0625,1.976423537605237,32.0
3B,dara,0,31,,,0.9541015625,1.8108174800872803,0.0,118.0576171875,145.04605050999817,3.3743607997894287,0.21484375,1.0,110.0,0.03515625,2.4720661623652207,18.0
3B,dara,0,32,,,0.95654296875,1.6355923414230347,0.0,123.56298828125,149.01289776500198,3.3951858282089233,0.228515625,1.0,117.0,0.044921875,2.255428234668337,23.0
3B,dara,0,33,,,0.9521484375,1.83441960811615,0.0,119.45751953125,148.56527590999758,3.7191538214683533,0.1796875,1.0,92.0,0.033203125,2.326319992151199,17.0
3B,dara,0,34,,,0.974609375,1.8073149919509888,0.0,119.80615234375,138.63112861599802,155.5361409187317,0.2265625,1.0,116.0,0.03125,2.692582403567252,16.0
3B,dara,0,35,,,0.94482421875,1.7957733869552612,0.0,117.54443359375,139.2034734609988,3.8778449296951294,0.21484375,1.0,110.0,0.0390625,2.345207879911715,20.0
3B,dara,0,36,,,0.95751953125,1.8842796087265015,0.0,117.3251953125,139.04166937399714,3.632469415664673,0.208984375,1.0,107.0,0.037109375,2.373094803704315,19.0
3B,dara,0,37,,,0.95068359375,1.8269774913787842,0.0,124.2744140625,145.24503933099913,3.5905104875564575,0.2265625,1.0,116.0,0.046875,2.1984843263788196,24.0
3B,dara,0,38,,,0.94482421875,1.7747657299041748,0.0,121.408203125,143.15633642100875,3.2061033844947815,0.162109375,1.0,83.0,0.03125,2.277608394786075,16.0
3B,dara,0,39,,,0.958984375,1.7410308122634888,0.0,118.142578125,138.7291993629915,177.62894958257675,0.208984375,1.0,107.0,0.0234375,2.9860788111948193,12.0
3B,dara,0,40,0.975,1.704022020380944,0.9560546875,1.7914451360702515,0.0,120.6162109375,151.15479992599285,4.303388714790344,0.19921875,1.0,102.0,0.029296875,2.6076809620810595,15.0
3B,dara,0,41,,,0.95849609375,1.872391939163208,0.0,113.0771484375,138.31482938300178,17578.82629442215,0.181640625,1.0,93.0,0.041015625,2.104417123236605,21.0
3B,dara,0,42,,,0.9619140625,1.7284280061721802,0.0,119.1357421875,137.72531345799507,73.09800833463669,0.177734375,1.0,91.0,0.025390625,2.6457513110645907,13.0
3B,dara,0,43,,,0.9580078125,1.835672378540039,0.0,118.8583984375,143.86016276899318,3.6761361360549927,0.193359375,1.0,99.0,0.033203125,2.413198999619531,17.0
3B,dara,0,44,,,0.94677734375,1.788495421409607,0.0,115.1123046875,146.95086971399724,4.058078706264496,0.16796875,1.0,86.0,0.044921875,1.933683126777138,23.0
3B,dara,0,45,,,0.95361328125,1.7931193113327026,0.0,117.01953125,144.9520547310094,3.6908262968063354,0.15625,1.0,80.0,0.029296875,2.309401076758503,15.0
3B,dara,0,46,,,0.9697265625,1.8673161268234253,0.0,116.0888671875,142.00215391999518,3.114591121673584,0.154296875,1.0,79.0,0.021484375,2.6798914496333954,11.0
3B,dara,0,47,,,0.95947265625,1.8109397888183594,0.0,116.34130859375,133.7666081089992,9.15116834640503,0.185546875,1.0,95.0,0.03125,2.436698586202241,16.0
3B,dara,0,48,,,0.96533203125,1.7970466613769531,0.0,114.75927734375,141.98389312799554,4.30173647403717,0.138671875,1.0,71.0,0.02734375,2.2519832529192065,14.0
3B,dara,0,49,,,0.955078125,1.924159288406372,0.0,112.7119140625,144.06469708800432,4.367099821567535,0.123046875,1.0,63.0,0.02734375,2.1213203435596424,14.0
3B,dara,0,50,0.975,1.714099860098213,0.97265625,1.920473337173462,0.0,115.92626953125,140.76081123700715,578.8953170180321,0.140625,1.0,72.0,0.021484375,2.5584085962673253,11.0
3B,dara,0,51,,,0.9765625,1.8315966129302979,0.0,110.75244140625,137.22704689799866,4.396202862262726,0.138671875,1.0,71.0,0.029296875,2.1756225162774294,15.0
3B,dara,0,52,,,0.9638671875,1.884405255317688,0.0,111.20654296875,138.95190391599317,4.079801082611084,0.1484375,1.0,76.0,0.01953125,2.756809750418044,10.0
3B,dara,0,53,,,0.96435546875,1.900320291519165,0.0,111.912109375,135.18653522300883,4.294053137302399,0.126953125,1.0,65.0,0.013671875,3.0472470011002204,7.0
3B,dara,0,54,,,0.95849609375,1.8626608848571777,0.0,113.0341796875,144.96922541499953,4.703119397163391,0.171875,1.0,88.0,0.0234375,2.70801280154532,12.0
3B,dara,0,55,,,0.9521484375,1.8600358963012695,0.0,113.73876953125,143.60476279399882,3.983649730682373,0.109375,1.0,56.0,0.01953125,2.3664319132398464,10.0
3B,dara,0,56,,,0.955078125,1.8488457202911377,0.0,115.78759765625,136.73729482600174,4.054586350917816,0.142578125,1.0,73.0,0.0390625,1.91049731745428,20.0
3B,dara,0,57,,,0.97021484375,1.85295832157135,0.0,113.31982421875,136.77797607399407,356.4948970079422,0.13671875,1.0,70.0,0.0234375,2.41522945769824,12.0
3B,dara,0,58,,,0.95751953125,1.8638858795166016,0.0,112.19921875,134.96865026200248,4.774494647979736,0.126953125,1.0,65.0,0.02734375,2.1547290184283368,14.0
3B,dara,0,59,,,0.95849609375,2.005760669708252,0.0,112.7275390625,142.51399917999515,998.6266859769821,0.10546875,1.0,54.0,0.021484375,2.215646837627989,11.0
3B,dara,0,60,0.975,1.6858098164200783,0.97802734375,1.8563249111175537,0.0,109.7880859375,144.3209728179936,252.53998589515686,0.10546875,1.0,54.0,0.015625,2.598076211353316,8.0
3B,dara,0,61,,,0.97412109375,1.9600856304168701,0.0,112.57666015625,138.81957131100353,3.865792155265808,0.1484375,1.0,76.0,0.015625,3.082207001484488,8.0
3B,dara,0,62,,,0.96826171875,1.791043758392334,0.0,113.70849609375,145.03295151500788,161.06899029016495,0.11328125,1.0,58.0,0.017578125,2.5385910352879693,9.0
3B,dara,0,63,,,0.958984375,1.9565839767456055,0.0,114.25732421875,135.46278730900667,5.6042985916137695,0.1328125,1.0,68.0,0.02734375,2.2038926600773587,14.0
3B,dara,0,64,,,0.96630859375,1.86178457736969,0.0,115.38623046875,141.18811882501177,454.5028468966484,0.10546875,1.0,54.0,0.01953125,2.32379000772445,10.0
3B,dara,0,65,,,0.9716796875,2.0030393600463867,0.0,109.63916015625,133.45949811801256,4.567163050174713,0.1015625,1.0,52.0,0.013671875,2.7255405754769875,7.0
3B,dara,0,66,,,0.978515625,1.860379934310913,0.0,111.92724609375,140.63663220099988,4.1285160183906555,0.107421875,1.0,55.0,0.033203125,1.7986923354612536,17.0
3B,dara,0,67,,,0.96533203125,1.865526556968689,0.0,110.41455078125,133.79553130900604,3.6908854246139526,0.115234375,1.0,59.0,0.01953125,2.4289915602982237,10.0
3B,dara,0,68,,,0.974609375,1.9022727012634277,0.0,114.0703125,147.92900612400263,3.9505653083324432,0.1328125,1.0,68.0,0.025390625,2.2870874995874626,13.0
3B,dara,0,69,,,0.96435546875,1.8839246034622192,0.0,110.09912109375,139.61780788601027,165.21527349948883,0.08984375,1.0,46.0,0.0234375,1.9578900207451218,12.0
3B,dara,0,70,0.9875,1.7400842933915555,0.9677734375,1.9488146305084229,0.0,109.111328125,146.18303050300165,4.620960235595703,0.095703125,1.0,49.0,0.0234375,2.0207259421636903,12.0
3B,dara,0,71,,,0.96923828125,1.9210776090621948,0.0,111.7666015625,132.37008725800843,3014.853372335434,0.1015625,1.0,52.0,0.029296875,1.8618986725025255,15.0
3B,dara,0,72,,,0.96484375,1.8887735605239868,0.0,112.56787109375,142.624239716999,3.588955581188202,0.10546875,1.0,54.0,0.01953125,2.32379000772445,10.0
3B,dara,0,73,,,0.97216796875,1.997829794883728,0.0,105.8798828125,135.16899751299934,733.0484212636948,0.09765625,1.0,50.0,0.025390625,1.9611613513818404,13.0
3B,dara,0,74,,,0.958984375,1.8247987031936646,0.0,110.89404296875,144.89932865800802,273.60772410035133,0.08984375,1.0,46.0,0.02734375,1.8126539343499315,14.0
3B,dara,0,75,,,0.9560546875,1.887855052947998,0.0,106.6220703125,133.3430430169974,4.071891009807587,0.0859375,1.0,44.0,0.01171875,2.70801280154532,6.0
3B,dara,0,76,,,0.9765625,1.888627052307129,0.0,106.1181640625,132.71776138301357,4.299026191234589,0.107421875,1.0,55.0,0.00390625,5.0,2.0
3B,dara,0,77,,,0.978515625,1.9878813028335571,0.0,107.49072265625,134.62243666598806,5.435282111167908,0.078125,1.0,40.0,0.015625,2.23606797749979,8.0
3B,dara,0,78,,,0.98486328125,2.038754940032959,0.0,106.43017578125,131.86334478900244,353.5267602801323,0.083984375,1.0,43.0,0.015625,2.318404623873926,8.0
3B,dara,0,79,,,0.96142578125,1.994469165802002,0.0,109.68017578125,140.05684437599848,3.7768648266792297,0.08984375,1.0,46.0,0.029296875,1.7511900715418263,15.0
3B,dara,0,80,0.9875,1.7479414350353182,0.97705078125,1.9820225238800049,0.0,111.27685546875,144.14680393699382,4.395716369152069,0.095703125,1.0,49.0,0.013671875,2.6457513110645907,7.0
3B,dara,0,81,,,0.9736328125,1.876462459564209,0.0,106.78564453125,140.2699224550015,4.13166880607605,0.09375,1.0,48.0,0.015625,2.449489742783178,8.0
3B,dara,0,82,,,0.97216796875,1.9896349906921387,0.0,109.166015625,139.19667678700353,335.8659187555313,0.08203125,1.0,42.0,0.017578125,2.160246899469287,9.0
3B,dara,0,83,,,0.97412109375,1.862687349319458,0.0,103.865234375,138.007982739,281.1989545226097,0.087890625,1.0,45.0,0.009765625,3.0,5.0
3B,dara,0,84,,,0.9677734375,1.9064157009124756,0.0,108.80615234375,143.98874128698662,4.318122506141663,0.10546875,1.0,54.0,0.0234375,2.1213203435596424,12.0
3B,dara,0,85,,,0.9755859375,1.953742504119873,0.0,105.99267578125,143.30187476199353,3.8255128264427185,0.06640625,1.0,34.0,0.01171875,2.3804761428476167,6.0
3B,dara,0,86,,,0.97314453125,1.9725384712219238,0.0,108.56787109375,139.41991366198636,4.981114149093628,0.0703125,1.0,36.0,0.01171875,2.449489742783178,6.0
3B,dara,0,87,,,0.97509765625,1.9819098711013794,0.0,109.4267578125,138.20435575699958,25.994028687477112,0.072265625,1.0,37.0,0.015625,2.1505813167606567,8.0
3B,dara,0,88,,,0.9677734375,1.9388712644577026,0.0,107.75927734375,130.25472828799684,4676.574057638645,0.078125,1.0,40.0,0.01953125,2.0,10.0
3B,dara,0,89,,,0.96240234375,1.9169753789901733,0.0,109.74658203125,133.071394522005,3.940813720226288,0.052734375,1.0,27.0,0.009765625,2.32379000772445,5.0
3B,dara,0,90,0.9875,1.7403277978301048,0.970703125,1.9314665794372559,0.0,110.40673828125,142.64979248099553,5.485780358314514,0.080078125,1.0,41.0,0.013671875,2.4201534780139164,7.0
3B,dara,0,91,,,0.97900390625,1.9839202165603638,0.0,110.58447265625,131.68844192101096,3.940524637699127,0.08203125,1.0,42.0,0.005859375,3.7416573867739413,3.0
3B,dara,0,92,,,0.9765625,1.9327623844146729,0.0,107.21435546875,134.2815395239886,5.131567865610123,0.0703125,1.0,36.0,0.01171875,2.449489742783178,6.0
3B,dara,0,93,,,0.96826171875,1.9288491010665894,0.0,110.63916015625,136.65706117999798,6.8152852058410645,0.083984375,1.0,43.0,0.013671875,2.4784787961282104,7.0
3B,dara,0,94,,,0.9638671875,1.9987200498580933,0.0,107.9541015625,140.1047429409955,4.3065773248672485,0.068359375,1.0,35.0,0.009765625,2.6457513110645907,5.0
3B,dara,0,95,,,0.974609375,1.964650273323059,0.0,109.154296875,135.91141180100385,4.2308719754219055,0.06640625,1.0,34.0,0.0078125,2.9154759474226504,4.0
3B,dara,0,96,,,0.9794921875,1.9464529752731323,0.0,111.38427734375,131.59189003800566,1103.1045078337193,0.060546875,1.0,31.0,0.0078125,2.7838821814150108,4.0
3B,dara,0,97,,,0.974609375,1.9820674657821655,0.0,110.2431640625,133.50666667699988,297.0965510606766,0.06640625,1.0,34.0,0.02734375,1.558387444947959,14.0
3B,dara,0,98,,,0.96240234375,1.8863074779510498,0.0,111.509765625,140.45763715700014,347711.48429977894,0.056640625,1.0,29.0,0.025390625,1.4935759876113537,13.0
3B,dara,0,99,,,0.9619140625,1.9836502075195312,0.0,109.048828125,139.3547628929955,4.910295248031616,0.056640625,1.0,29.0,0.01953125,1.70293863659264,10.0
3B,dara,0,100,1.0,1.761934942007065,0.9697265625,1.912608027458191,0.0,109.53125,194.57129323499976,4.425293743610382,0.072265625,1.0,37.0,0.017578125,2.0275875100994063,9.0
3B,dara,1,0,0.1125,1.1212608203291894,,,,,,,,,,,,
3B,dara,1,1,,,0.064453125,-0.4740299880504608,0.0,175.07763671875,173.33472518000053,56.05714654922485,0.78515625,1.0,402.0,0.154296875,2.2557942270820512,79.0
3B,dara,1,2,,,0.0546875,-0.7214980125427246,0.0,172.90625,167.30262135301018,27.185471773147583,0.751953125,1.0,385.0,0.150390625,2.23606797749979,77.0
3B,dara,1,3,,,0.115234375,-0.29876020550727844,0.0,175.1923828125,163.26442979398416,26.99174737930298,0.720703125,1.0,369.0,0.259765625,1.6656638587138655,133.0
3B,dara,1,4,,,0.236328125,0.3157699704170227,0.0,178.888671875,166.48953290103236,20.034645557403564,0.65625,1.0,336.0,0.41796875,1.2530337018388313,214.0
3B,dara,1,5,,,0.41455078125,0.7036799192428589,0.0,168.96630859375,161.11552152998047,36.534231662750244,0.609375,1.0,312.0,0.466796875,1.1425582394538727,239.0
3B,dara,1,6,,,0.49658203125,1.0277045965194702,0.0,176.5576171875,166.44068628997775,39.80638599395752,0.546875,1.0,280.0,0.470703125,1.0778802002732395,241.0
3B,dara,1,7,,,0.59765625,1.0602420568466187,0.0,163.6455078125,165.1562535999692,7.594327390193939,0.548828125,1.0,281.0,0.412109375,1.1540162713334547,211.0
3B,dara,1,8,,,0.75439453125,1.289616346359253,0.0,153.65771484375,165.3669831219595,54.56653046607971,0.484375,1.0,248.0,0.271484375,1.3357292621899484,139.0
3B,dara,1,9,,,0.8017578125,1.2556716203689575,0.0,155.73291015625,160.56425015901914,15.805904567241669,0.4765625,1.0,244.0,0.244140625,1.3971399357258385,125.0
3B,dara,1,10,0.95,1.6781943045556544,0.82958984375,1.423359751701355,0.0,146.28173828125,171.41579958202783,5.372887015342712,0.44140625,1.0,226.0,0.189453125,1.5263999827098056,97.0
3B,dara,1,11,,,0.85986328125,1.4795374870300293,0.0,139.34033203125,153.0087407020037,3.9507657885551453,0.3984375,1.0,204.0,0.146484375,1.6492422502470643,75.0
3B,dara,1,12,,,0.88623046875,1.5556279420852661,0.0,142.94287109375,159.2324458549847,3.740191698074341,0.337890625,1.0,173.0,0.09765625,1.8601075237738274,50.0
3B,dara,1,13,,,0.89306640625,1.4710882902145386,0.0,139.13330078125,156.48429707303876,3.613701641559601,0.41796875,1.0,214.0,0.12890625,1.80067327475704,66.0
3B,dara,1,14,,,0.89453125,1.512518286705017,0.0,137.64697265625,157.94679171202006,4.164795815944672,0.369140625,1.0,189.0,0.111328125,1.820930936000652,57.0
3B,dara,1,15,,,0.890625,1.6261683702468872,0.0,136.22265625,158.34326479100855,3.268592059612274,0.34375,1.0,176.0,0.099609375,1.857681456051296,51.0
3B,dara,1,16,,,0.93359375,1.5532033443450928,0.0,135.66259765625,154.16113691899227,47.665857791900635,0.3671875,1.0,188.0,0.08984375,2.0216222500108993,46.0
3B,dara,1,17,,,0.9052734375,1.6030908823013306,0.0,129.95849609375,155.02120570797706,3.362727403640747,0.3359375,1.0,172.0,0.078125,2.073644135332772,40.0
3B,dara,1,18,,,0.91796875,1.556761384010315,0.0,139.7685546875,161.84742835198995,3.578814685344696,0.361328125,1.0,185.0,0.091796875,1.983978380115559,47.0
3B,dara,1,19,,,0.9326171875,1.5784674882888794,0.0,131.65869140625,150.25622859300347,4.975322961807251,0.3046875,1.0,156.0,0.0625,2.207940216581962,32.0
3B,dara,1,20,0.95,1.7381401928141713,0.923828125,1.665094256401062,0.0,131.783203125,162.96815476100892,6.5020225048065186,0.302734375,1.0,155.0,0.0703125,2.074983266331455,36.0
3B,dara,1,21,,,0.94482421875,1.6695547103881836,0.0,132.1875,150.22787943598814,3.1950467824935913,0.275390625,1.0,141.0,0.05078125,2.3287500774185546,26.0
3B,dara,1,22,,,0.943359375,1.7501546144485474,0.0,135.1552734375,156.94996788800927,3.3172610998153687,0.283203125,1.0,145.0,0.052734375,2.3174059571793566,27.0
3B,dara,1,23,,,0.95361328125,1.7089124917984009,0.0,131.6611328125,155.21354259899817,3.7532596588134766,0.30859375,1.0,158.0,0.046875,2.565800719723442,24.0
3B,dara,1,24,,,0.94873046875,1.703104019165039,0.0,130.56640625,153.8158021880081,3.4221709966659546,0.2890625,1.0,148.0,0.060546875,2.1849928028227223,31.0
3B,dara,1,25,,,0.955078125,1.8075672388076782,0.0,126.6005859375,151.2334814859787,3.7943283319473267,0.263671875,1.0,135.0,0.037109375,2.665569949915916,19.0
3B,dara,1,26,,,0.95263671875,1.7683759927749634,0.0,129.46630859375,148.85580835602013,3.1220926642417908,0.26953125,1.0,138.0,0.0390625,2.6267851073127395,20.0
3B,dara,1,27,,,0.93896484375,1.6548868417739868,0.0,126.9501953125,153.6512453170144,3.318062961101532,0.2734375,1.0,140.0,0.0625,2.091650066335189,32.0
3B,dara,1,28,,,0.92919921875,1.5914347171783447,0.0,129.4189453125,156.32731643598527,2.983910620212555,0.265625,1.0,136.0,0.044921875,2.431675035497315,23.0
3B,dara,1,29,,,0.9541015625,1.8235479593276978,0.0,122.06640625,145.6917578119901,3.4392701387405396,0.255859375,1.0,131.0,0.0390625,2.5592967784139455,20.0
3B,dara,1,30,0.975,1.7210866220295429,0.94140625,1.7292821407318115,0.0,123.69775390625,168.87875217897817,3.510098397731781,0.21875,1.0,112.0,0.03125,2.6457513110645907,16.0
3B,dara,1,31,,,0.95068359375,1.7980842590332031,0.0,119.81591796875,144.87975396797992,3.3347461819648743,0.208984375,1.0,107.0,0.02734375,2.7645717829090897,14.0
3B,dara,1,32,,,0.9599609375,1.777734637260437,0.0,119.779296875,146.93011287599802,3.8315981030464172,0.2265625,1.0,116.0,0.04296875,2.2962419891481978,22.0
3B,dara,1,33,,,0.96240234375,1.7354680299758911,0.0,123.0546875,153.40249145001872,2.9042762517929077,0.234375,1.0,120.0,0.044921875,2.284160962880643,23.0
3B,dara,1,34,,,0.95361328125,1.7514160871505737,0.0,122.55859375,147.45181772101205,3.461269974708557,0.2421875,1.0,124.0,0.03125,2.7838821814150108,16.0
3B,dara,1,35,,,0.95654296875,1.7822567224502563,0.0,121.8701171875,149.3784299219842,93.96939843893051,0.23828125,1.0,122.0,0.05859375,2.016597794967223,30.0
3B,dara,1,36,,,0.95849609375,1.829828143119812,0.0,114.22021484375,141.66966336703626,3.709385097026825,0.205078125,1.0,105.0,0.013671875,3.872983346207417,7.0
3B,dara,1,37,,,0.95068359375,1.6779546737670898,0.0,118.4853515625,145.4983465700061,3.512980282306671,0.20703125,1.0,106.0,0.029296875,2.6583202716502514,15.0
3B,dara,1,38,,,0.95556640625,1.905901551246643,0.0,117.35009765625,150.10908447700785,3.9399808645248413,0.20703125,1.0,106.0,0.0234375,2.972092416687835,12.0
3B,dara,1,39,,,0.95263671875,1.6709909439086914,0.0,118.791015625,144.72053700400284,5.852802932262421,0.21484375,1.0,110.0,0.025390625,2.908872369413698,13.0
3B,dara,1,40,0.975,1.6863779982551932,0.9658203125,1.8484631776809692,0.0,115.3935546875,159.10966929100687,3.7022879123687744,0.20703125,1.0,106.0,0.03515625,2.4267032964268394,18.0
3B,dara,1,41,,,0.9609375,1.9390337467193604,0.0,113.3427734375,148.37789813097334,5.0105841755867,0.1640625,1.0,84.0,0.0234375,2.6457513110645907,12.0
3B,dara,1,42,,,0.96533203125,1.755144476890564,0.0,121.31494140625,155.06957924098242,4.281528115272522,0.181640625,1.0,93.0,0.03515625,2.273030282830976,18.0
3B,dara,1,43,,,0.9501953125,1.826143503189087,0.0,119.67724609375,151.91503426601412,3.752641975879669,0.166015625,1.0,85.0,0.02734375,2.4640269015229057,14.0
3B,dara,1,44,,,0.958984375,1.7998645305633545,0.0,115.80712890625,150.02222954900935,77.20116299390793,0.177734375,1.0,91.0,0.052734375,1.8358568490953673,27.0
3B,dara,1,45,,,0.95556640625,1.8106485605239868,0.0,115.71826171875,145.0392742290278,3.6319181323051453,0.1796875,1.0,92.0,0.041015625,2.0930724738891344,21.0
3B,dara,1,46,,,0.9501953125,1.9088894128799438,0.0,114.5859375,154.70375282899477,3.751651346683502,0.1640625,1.0,84.0,0.037109375,2.1026299321513875,19.0
3B,dara,1,47,,,0.96875,1.8449207544326782,0.0,117.140625,142.7184903479647,6.227890491485596,0.189453125,1.0,97.0,0.037109375,2.2594829403858614,19.0
3B,dara,1,48,,,0.96142578125,1.8394097089767456,0.0,112.66162109375,151.19178110302892,3.5756401419639587,0.177734375,1.0,91.0,0.01953125,3.0166206257996713,10.0
3B,dara,1,49,,,0.9619140625,1.8513784408569336,0.0,115.0458984375,143.91376954701263,3.5160868167877197,0.177734375,1.0,91.0,0.025390625,2.6457513110645907,13.0
3B,dara,1,50,0.975,1.678499211370945,0.96044921875,1.8564342260360718,0.0,115.3818359375,163.99866928701522,4.011537253856659,0.150390625,1.0,77.0,0.0234375,2.533114025595111,12.0
3B,dara,1,51,,,0.96044921875,1.89278244972229,0.0,114.37158203125,146.3030455489643,101.72386354207993,0.150390625,1.0,77.0,0.02734375,2.345207879911715,14.0
3B,dara,1,52,,,0.97119140625,1.8981401920318604,0.0,112.28173828125,141.92036860698136,3.58914452791214,0.177734375,1.0,91.0,0.017578125,3.1797973380564852,9.0
3B,dara,1,53,,,0.9638671875,1.8099143505096436,0.0,115.0126953125,148.50007005303632,3.148144543170929,0.154296875,1.0,79.0,0.015625,3.142451272494134,8.0
3B,dara,1,54,,,0.955078125,1.773566484451294,0.0,117.39599609375,143.1280274419696,3.8032644391059875,0.154296875,1.0,79.0,0.033203125,2.155703788448082,17.0
3B,dara,1,55,,,0.96142578125,1.8558157682418823,0.0,114.76904296875,142.93590045598103,3.887966811656952,0.150390625,1.0,77.0,0.025390625,2.433737233777904,13.0
3B,dara,1,56,,,0.96337890625,1.9312448501586914,0.0,118.67138671875,145.32763687794795,3.6357539296150208,0.177734375,1.0,91.0,0.0234375,2.753785273643051,12.0
3B,dara,1,57,,,0.9482421875,1.7603522539138794,0.0,113.95361328125,147.42731076601194,5.653255760669708,0.150390625,1.0,77.0,0.0390625,1.9621416870348585,20.0
3B,dara,1,58,,,0.9599609375,1.915597677230835,0.0,118.64208984375,145.5028568439884,5.97549444437027,0.15625,1.0,80.0,0.0390625,2.0,20.0
3B,dara,1,59,,,0.96435546875,1.902964472770691,0.0,113.19677734375,140.32603398698848,3.8023977279663086,0.1484375,1.0,76.0,0.03515625,2.0548046676563256,18.0
3B,dara,1,60,0.975,1.747627998702228,0.9697265625,1.9449381828308105,0.0,117.39453125,158.0793673810549,5.859685897827148,0.142578125,1.0,73.0,0.021484375,2.5761140573281374,11.0
3B,dara,1,61,,,0.97119140625,1.9048837423324585,0.0,115.61669921875,145.6859772419557,4.739777863025665,0.146484375,1.0,75.0,0.021484375,2.6111648393354674,11.0
3B,dara,1,62,,,0.95556640625,1.8956595659255981,0.0,118.66748046875,143.96050030802144,6.19180828332901,0.140625,1.0,72.0,0.0078125,4.242640687119285,4.0
3B,dara,1,63,,,0.96875,1.7695975303649902,0.0,118.6865234375,141.93515548098367,119.3176856637001,0.13671875,1.0,70.0,0.015625,2.958039891549808,8.0
3B,dara,1,64,,,0.958984375,1.83621084690094,0.0,113.46044921875,145.40015405399026,4.730679929256439,0.09375,1.0,48.0,0.009765625,3.0983866769659336,5.0
3B,dara,1,65,,,0.9755859375,1.815996766090393,0.0,119.17578125,154.32183198304847,3.388326048851013,0.123046875,1.0,63.0,0.021484375,2.393172105652397,11.0
3B,dara,1,66,,,0.96728515625,1.9473457336425781,0.0,113.189453125,140.77991909300908,3.5025747418403625,0.09765625,1.0,50.0,0.009765625,3.1622776601683795,5.0
3B,dara,1,67,,,0.98095703125,1.957153558731079,0.0,113.9638671875,141.36257176700747,6.452065885066986,0.126953125,1.0,65.0,0.017578125,2.6874192494328497,9.0
3B,dara,1,68,,,0.970703125,1.9619550704956055,0.0,112.0400390625,142.89445107098436,4.313767611980438,0.115234375,1.0,59.0,0.017578125,2.560381915956203,9.0
3B,dara,1,69,,,0.962890625,1.7867438793182373,0.0,117.40234375,156.0102482039947,3.087721824645996,0.1484375,1.0,76.0,0.01953125,2.756809750418044,10.0
3B,dara,1,70,0.975,1.7117189078591764,0.95263671875,1.9057037830352783,0.0,113.71240234375,155.11747548094718,3.783952474594116,0.115234375,1.0,59.0,0.021484375,2.3159525823376357,11.0
3B,dara,1,71,,,0.96923828125,1.9216331243515015,0.0,114.54736328125,144.22153767902637,4.484059154987335,0.119140625,1.0,61.0,0.015625,2.7613402542968153,8.0
3B,dara,1,72,,,0.9716796875,2.0099592208862305,0.0,112.82763671875,139.41240973898675,4.17662912607193,0.10546875,1.0,54.0,0.013671875,2.7774602993176543,7.0
3B,dara,1,73,,,0.96435546875,1.9122364521026611,0.0,113.03515625,143.9464136059978,5.105590343475342,0.10546875,1.0,54.0,0.013671875,2.7774602993176543,7.0
3B,dara,1,74,,,0.9677734375,1.8563435077667236,0.0,113.40869140625,144.7139297729591,4.46693080663681,0.09375,1.0,48.0,0.021484375,2.088931871468374,11.0
3B,dara,1,75,,,0.97412109375,1.8937017917633057,0.0,114.46337890625,141.80399980698712,5.240720450878143,0.091796875,1.0,47.0,0.009765625,3.0659419433511785,5.0
3B,dara,1,76,,,0.96875,1.9025033712387085,0.0,117.55615234375,152.78802887303755,539.4867360591888,0.103515625,1.0,53.0,0.029296875,1.879716290649558,15.0
3B,dara,1,77,,,0.96142578125,1.9563751220703125,0.0,111.4326171875,139.92417711595772,3.850192368030548,0.080078125,1.0,41.0,0.021484375,1.9306145983268455,11.0
3B,dara,1,78,,,0.9833984375,2.0343265533447266,0.0,115.470703125,153.06326650700066,482.7239841222763,0.09375,1.0,48.0,0.015625,2.449489742783178,8.0
3B,dara,1,79,,,0.97998046875,1.9346483945846558,0.0,115.53515625,144.67323871998815,4.123047173023224,0.087890625,1.0,45.0,0.015625,2.3717082451262845,8.0
3B,dara,1,80,1.0,1.7659758979454636,0.9619140625,1.7698615789413452,0.0,115.53076171875,164.7145295549999,3.714331865310669,0.091796875,1.0,47.0,0.009765625,3.0659419433511785,5.0
3B,dara,1,81,,,0.97509765625,2.0020689964294434,0.0,110.98193359375,152.51624853897374,3.8061371445655823,0.083984375,1.0,43.0,0.013671875,2.4784787961282104,7.0
3B,dara,1,82,,,0.97265625,1.9243634939193726,0.0,113.45556640625,140.6059870789759,5.605392873287201,0.08203125,1.0,42.0,0.015625,2.29128784747792,8.0
3B,dara,1,83,,,0.96923828125,1.8745040893554688,0.0,116.14111328125,142.31579301599413,4.738604962825775,0.1015625,1.0,52.0,0.017578125,2.4037008503093262,9.0
3B,dara,1,84,,,0.9560546875,1.9492636919021606,0.0,114.2919921875,142.59868317795917,4.400238811969757,0.10546875,1.0,54.0,0.0234375,2.1213203435596424,12.0
3B,dara,1,85,,,0.97607421875,1.9098132848739624,0.0,112.521484375,143.72671217197785,4.487418532371521,0.083984375,1.0,43.0,0.017578125,2.185812841434,9.0
3B,dara,1,86,,,0.966796875,1.9697431325912476,0.0,113.03857421875,145.5058653340093,10.700731754302979,0.091796875,1.0,47.0,0.015625,2.4238399287081647,8.0
3B,dara,1,87,,,0.97021484375,1.9360466003417969,0.0,112.185546875,140.00152067799354,6.4872859716415405,0.08984375,1.0,46.0,0.015625,2.3979157616563596,8.0
3B,dara,1,88,,,0.97607421875,1.980244517326355,0.0,115.466796875,144.70707926299656,4.90832793712616,0.06640625,1.0,34.0,0.013671875,2.2038926600773587,7.0
3B,dara,1,89,,,0.97607421875,1.9690918922424316,0.0,111.13623046875,143.20912200998282,5.079284727573395,0.076171875,1.0,39.0,0.013671875,2.3603873774083293,7.0
3B,dara,1,90,0.9875,1.7963925646618009,0.97705078125,1.8875012397766113,0.0,112.94189453125,150.7745314660133,7.128091871738434,0.080078125,1.0,41.0,0.017578125,2.1343747458109497,9.0
3B,dara,1,91,,,0.97802734375,1.9654805660247803,0.0,111.474609375,141.94028573000105,3.6599713563919067,0.0703125,1.0,36.0,0.005859375,3.4641016151377544,3.0
3B,dara,1,92,,,0.97412109375,1.9997286796569824,0.0,108.31884765625,140.41894656198565,4.785730063915253,0.048828125,1.0,25.0,0.013671875,1.889822365046136,7.0
3B,dara,1,93,,,0.98388671875,1.9700522422790527,0.0,113.0908203125,148.01199779799208,422.9881599545479,0.046875,1.0,24.0,0.009765625,2.1908902300206643,5.0
3B,dara,1,94,,,0.9755859375,1.9871801137924194,0.0,111.02783203125,141.28750039101578,3.4097237586975098,0.0625,1.0,32.0,0.01171875,2.309401076758503,6.0
3B,dara,1,95,,,0.96923828125,1.899539589881897,0.0,108.8837890625,143.862313368998,4.44888436794281,0.078125,1.0,40.0,0.013671875,2.390457218668787,7.0
3B,dara,1,96,,,0.966796875,1.876613736152649,0.0,114.61376953125,148.656158519967,303.2473255395889,0.080078125,1.0,41.0,0.013671875,2.4201534780139164,7.0
3B,dara,1,97,,,0.97314453125,1.9554898738861084,0.0,109.888671875,141.26907772698905,5.090806692838669,0.076171875,1.0,39.0,0.015625,2.207940216581962,8.0
3B,dara,1,98,,,0.97998046875,1.9731425046920776,0.0,112.36767578125,149.14082393795252,5.733681321144104,0.08203125,1.0,42.0,0.01171875,2.6457513110645907,6.0
3B,dara,1,99,,,0.9716796875,1.9406003952026367,0.0,115.4453125,152.30742791004013,3015.762107491493,0.060546875,1.0,31.0,0.01953125,1.760681686165901,10.0
3B,dara,1,100,1.0,1.7822816776111723,0.97314453125,1.9845187664031982,0.0,109.33251953125,184.13435002596816,5.78708028793335,0.060546875,1.0,31.0,0.013671875,2.104417123236605,7.0
3B,dara,2,0,0.0875,0.9742072492837905,,,,,,,,,,,,
3B,dara,2,1,,,0.0458984375,-0.5698439478874207,0.0,175.69482421875,166.0888265509857,41.365925312042236,0.779296875,1.0,399.0,0.1328125,2.4223226578685857,68.0
3B,dara,2,2,,,0.060546875,-0.6476596593856812,0.0,175.5009765625,158.68752840501838,51.59772253036499,0.751953125,1.0,385.0,0.15234375,2.221687969967303,78.0
3B,dara,2,3,,,0.08447265625,-0.40553346276283264,0.0,186.86083984375,164.90046589600388,33.08526802062988,0.7578125,1.0,388.0,0.19921875,1.9503644707150125,102.0
3B,dara,2,4,,,0.19970703125,0.4091355502605438,0.0,175.15234375,155.71572583299712,23.95770239830017,0.6953125,1.0,356.0,0.384765625,1.3442866506012665,197.0
3B,dara,2,5,,,0.34521484375,0.654829740524292,0.0,182.93408203125,161.74193265798385,42.99406147003174,0.599609375,1.0,307.0,0.46875,1.131002505154903,240.0
3B,dara,2,6,,,0.49169921875,1.011573314666748,0.0,165.97509765625,155.36005736299558,36.024842262268066,0.58203125,1.0,298.0,0.443359375,1.1457640814742256,227.0
3B,dara,2,7,,,0.55419921875,1.107390284538269,0.0,164.7255859375,151.20422504699673,32.48458117246628,0.537109375,1.0,275.0,0.390625,1.1726039399558574,200.0
3B,dara,2,8,,,0.70703125,1.3452141284942627,0.0,152.3955078125,154.3880942449905,71.37957286834717,0.43359375,1.0,222.0,0.306640625,1.189122676116095,157.0
3B,dara,2,9,,,0.77099609375,1.3755605220794678,0.0,162.1748046875,154.8647563729901,43.1453994512558,0.462890625,1.0,237.0,0.279296875,1.2873782106835028,143.0
3B,dara,2,10,0.9375,1.722664000466466,0.818359375,1.4220702648162842,0.0,153.7939453125,160.83018559298944,42.66138744354248,0.490234375,1.0,251.0,0.236328125,1.4402708652504417,121.0
3B,dara,2,11,,,0.833984375,1.3443963527679443,0.0,141.96875,152.10951694400865,30.408332347869873,0.416015625,1.0,213.0,0.171875,1.5557810081931664,88.0
3B,dara,2,12,,,0.86962890625,1.4568034410476685,0.0,144.14599609375,150.30892707998282,7.1751792430877686,0.4375,1.0,224.0,0.134765625,1.8017704658458034,69.0
3B,dara,2,13,,,0.884765625,1.621399164199829,0.0,140.54345703125,149.48246432101587,45.32089453935623,0.376953125,1.0,193.0,0.0859375,2.0943647333651407,44.0
3B,dara,2,14,,,0.86865234375,1.505274772644043,0.0,142.27294921875,148.04270501199062,3.3905426263809204,0.412109375,1.0,211.0,0.103515625,1.9952774432323184,53.0
3B,dara,2,15,,,0.89599609375,1.658444881439209,0.0,143.09765625,150.13151372599532,55.83176237344742,0.357421875,1.0,183.0,0.103515625,1.858179267099718,53.0
3B,dara,2,16,,,0.8818359375,1.5597333908081055,0.0,143.841796875,151.23018075199798,4.095334827899933,0.34765625,1.0,178.0,0.119140625,1.7082250398835763,61.0
3B,dara,2,17,,,0.91162109375,1.5852296352386475,0.0,133.0732421875,149.48102238198044,6.192254364490509,0.34375,1.0,176.0,0.09375,1.9148542155126762,48.0
3B,dara,2,18,,,0.92431640625,1.5558148622512817,0.0,145.09033203125,151.60001745598856,3.341089963912964,0.3515625,1.0,180.0,0.044921875,2.797514424720941,23.0
3B,dara,2,19,,,0.9228515625,1.6520934104919434,0.0,146.22509765625,152.27629896701546,3.6964109539985657,0.34375,1.0,176.0,0.0703125,2.211083193570267,36.0
3B,dara,2,20,0.9625,1.7829291546717285,0.92578125,1.6637442111968994,0.0,130.77783203125,158.9955645769951,3.8144925236701965,0.306640625,1.0,157.0,0.052734375,2.4113927126900783,27.0
3B,dara,2,21,,,0.93359375,1.6124327182769775,0.0,137.26904296875,148.78808158799075,3.2364777326583862,0.33203125,1.0,170.0,0.091796875,1.9018468068158763,47.0
3B,dara,2,22,,,0.92626953125,1.5827616453170776,0.0,137.56884765625,152.9841284220165,3.412638306617737,0.318359375,1.0,163.0,0.05859375,2.330951164939612,30.0
3B,dara,2,23,,,0.91748046875,1.6998062133789062,0.0,134.48681640625,145.93148108400055,3.305710792541504,0.28515625,1.0,146.0,0.0546875,2.2834810518779687,28.0
3B,dara,2,24,,,0.94921875,1.7205348014831543,0.0,140.53955078125,154.340787669993,2.6820097863674164,0.296875,1.0,152.0,0.04296875,2.6285149626910838,22.0
3B,dara,2,25,,,0.95556640625,1.5865390300750732,0.0,140.45166015625,153.69466340699,3.030694007873535,0.3203125,1.0,164.0,0.03125,3.2015621187164243,16.0
3B,dara,2,26,,,0.947265625,1.7239152193069458,0.0,142.5654296875,151.8308791689924,3.1309840083122253,0.25390625,1.0,130.0,0.05078125,2.23606797749979,26.0
3B,dara,2,27,,,0.943359375,1.7184431552886963,0.0,135.884765625,149.17725339301978,2.9386221766471863,0.265625,1.0,136.0,0.05078125,2.2870874995874626,26.0
3B,dara,2,28,,,0.94482421875,1.8317381143569946,0.0,133.81884765625,150.33625180998934,3.040026843547821,0.259765625,1.0,133.0,0.048828125,2.3065125189341593,25.0
3B,dara,2,29,,,0.94970703125,1.8067665100097656,0.0,139.37890625,150.68924188998062,3.481317162513733,0.267578125,1.0,137.0,0.046875,2.3892118644719083,24.0
3B,dara,2,30,0.975,1.8417459623888135,0.939453125,1.696323275566101,0.0,142.36328125,163.94905849400675,3.1954620480537415,0.267578125,1.0,137.0,0.052734375,2.252570548079255,27.0
3B,dara,2,31,,,0.939453125,1.744920015335083,0.0,133.54052734375,149.36235724200378,3.1431040167808533,0.251953125,1.0,129.0,0.041015625,2.4784787961282104,21.0
3B,dara,2,32,,,0.96044921875,1.8408364057540894,0.0,132.81884765625,147.3649097829766,3.265438973903656,0.271484375,1.0,139.0,0.029296875,3.0441200151549,15.0
3B,dara,2,33,,,0.94482421875,1.662911057472229,0.0,138.6650390625,152.39011487201788,2.7692241072654724,0.232421875,1.0,119.0,0.05078125,2.139374459257443,26.0
3B,dara,2,34,,,0.94482421875,1.7981035709381104,0.0,130.19140625,146.27797780401306,2.8909016251564026,0.189453125,1.0,97.0,0.04296875,2.0997835386274724,22.0
3B,dara,2,35,,,0.951171875,1.6982362270355225,0.0,138.94140625,145.96013638199656,43.61945652961731,0.236328125,1.0,121.0,0.044921875,2.2936585546278225,23.0
3B,dara,2,36,,,0.95751953125,1.7879676818847656,0.0,140.580078125,150.2738453229831,3.302704632282257,0.244140625,1.0,125.0,0.04296875,2.3836564731139807,22.0
3B,dara,2,37,,,0.96142578125,1.8740239143371582,0.0,129.50732421875,144.07445950902184,3.171760380268097,0.212890625,1.0,109.0,0.029296875,2.695675549220764,15.0
3B,dara,2,38,,,0.96044921875,1.6994030475616455,0.0,135.5732421875,149.66322428299463,67.40209794044495,0.244140625,1.0,125.0,0.048828125,2.23606797749979,25.0
3B,dara,2,39,,,0.9541015625,1.7978450059890747,0.0,130.40234375,144.96718445498846,3.3213635683059692,0.224609375,1.0,115.0,0.04296875,2.2863229709016895,22.0
3B,dara,2,40,0.975,1.7774007255211473,0.95947265625,1.8337292671203613,0.0,128.53076171875,159.8513196889835,3.7474814653396606,0.197265625,1.0,101.0,0.015625,3.553167600887974,8.0
3B,dara,2,41,,,0.9638671875,1.8096274137496948,0.0,128.0458984375,136.56999996199738,3.6868815422058105,0.162109375,1.0,83.0,0.015625,3.2210246816812815,8.0
3B,dara,2,42,,,0.943359375,1.8105930089950562,0.0,128.36279296875,145.13970447701286,1688.4383461475372,0.216796875,1.0,111.0,0.0234375,3.0413812651491097,12.0
3B,dara,2,43,,,0.9580078125,1.8033158779144287,0.0,128.8173828125,138.2140445150144,3.1773775815963745,0.181640625,1.0,93.0,0.03515625,2.273030282830976,18.0
3B,dara,2,44,,,0.9609375,1.8556638956069946,0.0,123.51220703125,138.06205347698415,4.372673988342285,0.197265625,1.0,101.0,0.03515625,2.3687784005919825,18.0
3B,dara,2,45,,,0.97021484375,1.8334580659866333,0.0,130.82958984375,141.4016841169796,3.608973264694214,0.1953125,1.0,100.0,0.041015625,2.1821789023599236,21.0
3B,dara,2,46,,,0.94482421875,1.8446295261383057,0.0,130.7060546875,152.07830466798623,59.96840167045593,0.185546875,1.0,95.0,0.0390625,2.179449471770337,20.0
3B,dara,2,47,,,0.9658203125,1.922611951828003,0.0,128.3583984375,134.77175397597603,4.881206929683685,0.193359375,1.0,99.0,0.021484375,3.0,11.0
3B,dara,2,48,,,0.9521484375,1.8552428483963013,0.0,129.61279296875,141.76667758400436,2.944647490978241,0.201171875,1.0,103.0,0.03125,2.537222891273055,16.0
3B,dara,2,49,,,0.958984375,1.7367398738861084,0.0,129.4208984375,145.31034632399678,3.8347964882850647,0.173828125,1.0,89.0,0.0390625,2.1095023109728985,20.0
3B,dara,2,50,0.9875,1.7551929321140052,0.9658203125,1.8861448764801025,0.0,127.3525390625,145.80601504299557,9.25244253873825,0.19140625,1.0,98.0,0.017578125,3.2998316455372216,9.0
3B,dara,2,51,,,0.9619140625,1.7839958667755127,0.0,127.55078125,138.18505890801316,3.201222538948059,0.18359375,1.0,94.0,0.02734375,2.591193878173865,14.0
3B,dara,2,52,,,0.9599609375,1.9360743761062622,0.0,122.57861328125,139.19592350997846,3.6447901129722595,0.15625,1.0,80.0,0.015625,3.1622776601683795,8.0
3B,dara,2,53,,,0.951171875,1.7901215553283691,0.0,127.17822265625,146.24928470898885,3.8165915608406067,0.177734375,1.0,91.0,0.017578125,3.1797973380564852,9.0
3B,dara,2,54,,,0.97021484375,1.8263299465179443,0.0,125.861328125,140.1210076160205,3.513631582260132,0.138671875,1.0,71.0,0.029296875,2.1756225162774294,15.0
3B,dara,2,55,,,0.962890625,1.8258305788040161,0.0,126.17333984375,151.4607551730005,2.8514118790626526,0.140625,1.0,72.0,0.015625,3.0,8.0
3B,dara,2,56,,,0.97509765625,1.940330147743225,0.0,130.67333984375,140.25279950900585,3.425871789455414,0.154296875,1.0,79.0,0.015625,3.142451272494134,8.0
3B,dara,2,57,,,0.9697265625,1.8993983268737793,0.0,127.31103515625,145.21495551499538,3.9684879779815674,0.150390625,1.0,77.0,0.0234375,2.533114025595111,12.0
3B,dara,2,58,,,0.96337890625,1.9086254835128784,0.0,130.5166015625,142.82177942001726,3.4823445677757263,0.154296875,1.0,79.0,0.013671875,3.359421718944242,7.0
3B,dara,2,59,,,0.96484375,1.8392255306243896,0.0,127.03955078125,141.26298895999207,174.67879140377045,0.12109375,1.0,62.0,0.02734375,2.104417123236605,14.0
3B,dara,2,60,1.0,1.8125143613666297,0.96240234375,1.8260624408721924,0.0,133.27734375,151.1509133449872,145.2504414319992,0.154296875,1.0,79.0,0.03125,2.222048604328897,16.0
3B,dara,2,61,,,0.966796875,1.8457475900650024,0.0,129.97314453125,145.1571172500262,3.9539000391960144,0.138671875,1.0,71.0,0.03125,2.1065374432940898,16.0
3B,dara,2,62,,,0.97216796875,1.8537867069244385,0.0,129.51416015625,142.0861451739911,3.8235843777656555,0.16015625,1.0,82.0,0.03125,2.2638462845343543,16.0
3B,dara,2,63,,,0.97607421875,1.9589166641235352,0.0,122.01416015625,135.8797570960014,3909.1758521795273,0.13671875,1.0,70.0,0.01953125,2.6457513110645907,10.0
3B,dara,2,64,,,0.97802734375,1.8146499395370483,0.0,134.66259765625,147.2152601509879,2.9856216311454773,0.1484375,1.0,76.0,0.021484375,2.6285149626910838,11.0
3B,dara,2,65,,,0.9765625,1.9322141408920288,0.0,130.06591796875,145.83637501698104,32.845067501068115,0.119140625,1.0,61.0,0.01953125,2.4698178070456938,10.0
3B,dara,2,66,,,0.9765625,1.8759416341781616,0.0,123.90283203125,142.89327645199955,4.331093907356262,0.119140625,1.0,61.0,0.021484375,2.354878881270658,11.0
3B,dara,2,67,,,0.95703125,1.8545126914978027,0.0,130.44970703125,146.7024641110038,39.52852523326874,0.15625,1.0,80.0,0.064453125,1.556997888323046,33.0
3B,dara,2,68,,,0.958984375,1.8856481313705444,0.0,121.83349609375,137.40909366298,3.9419562816619873,0.111328125,1.0,57.0,0.029296875,1.9493588689617927,15.0
3B,dara,2,69,,,0.966796875,1.8277008533477783,0.0,124.06884765625,142.02329668399761,3.43988174200058,0.12109375,1.0,62.0,0.017578125,2.6246692913372702,9.0
3B,dara,2,70,1.0,1.7964429326355458,0.96484375,1.9660724401474,0.0,121.9091796875,148.15818654798204,5.205790102481842,0.12109375,1.0,62.0,0.03125,1.9685019685029528,16.0
3B,dara,2,71,,,0.966796875,1.8509665727615356,0.0,125.9765625,136.84087923899642,4.036749720573425,0.12109375,1.0,62.0,0.033203125,1.909727421264462,17.0
3B,dara,2,72,,,0.98046875,1.9645779132843018,0.0,128.18115234375,147.3621299760125,370.1028379499912,0.109375,1.0,56.0,0.015625,2.6457513110645907,8.0
3B,dara,2,73,,,0.955078125,1.8719656467437744,0.0,128.056640625,145.61798881500727,4.5606154799461365,0.099609375,1.0,51.0,0.005859375,4.123105625617661,3.0
3B,dara,2,74,,,0.9765625,1.9662542343139648,0.0,123.43994140625,140.64509437300148,2.930911511182785,0.115234375,1.0,59.0,0.015625,2.715695122800054,8.0
3B,dara,2,75,,,0.97021484375,1.9092146158218384,0.0,122.26953125,145.0454613689799,3.4057469964027405,0.107421875,1.0,55.0,0.015625,2.622022120425379,8.0
3B,dara,2,76,,,0.97998046875,1.9283814430236816,0.0,126.19287109375,145.98175303501193,3.043879449367523,0.111328125,1.0,57.0,0.013671875,2.8535691936340255,7.0
3B,dara,2,77,,,0.962890625,1.8927773237228394,0.0,124.30419921875,142.75419459299883,5.613235324621201,0.083984375,1.0,43.0,0.005859375,3.7859388972001824,3.0
3B,dara,2,78,,,0.96728515625,1.8982048034667969,0.0,120.73046875,138.8742018720077,3.8908600211143494,0.0859375,1.0,44.0,0.017578125,2.211083193570267,9.0
3B,dara,2,79,,,0.97412109375,1.9337446689605713,0.0,124.90380859375,139.03034463900258,638.2941367030144,0.072265625,1.0,37.0,0.01953125,1.9235384061671346,10.0
3B,dara,2,80,1.0,1.7228498592041432,0.9677734375,1.9440714120864868,0.0,126.6435546875,154.3722907580086,3.6488532423973083,0.099609375,1.0,51.0,0.01953125,2.258317958127243,10.0
3B,dara,2,81,,,0.97802734375,1.8738200664520264,0.0,129.47900390625,144.6300191860064,4.403519809246063,0.09375,1.0,48.0,0.009765625,3.0983866769659336,5.0
3B,dara,2,82,,,0.96484375,1.9518611431121826,0.0,124.89306640625,134.53457849801634,1036.6998934149742,0.103515625,1.0,53.0,0.021484375,2.195035721390843,11.0
3B,dara,2,83,,,0.97412109375,1.9205902814865112,0.0,122.107421875,146.73364104598295,4.2110050320625305,0.087890625,1.0,45.0,0.015625,2.3717082451262845,8.0
3B,dara,2,84,,,0.9833984375,1.9362378120422363,0.0,124.3076171875,137.43255384999793,3.7569233775138855,0.1015625,1.0,52.0,0.015625,2.5495097567963922,8.0
3B,dara,2,85,,,0.98193359375,2.01302433013916,0.0,123.74267578125,136.5230173949967,4.684627294540405,0.095703125,1.0,49.0,0.001953125,5.0,1.0
3B,dara,2,86,,,0.95849609375,1.7771447896957397,0.0,125.43017578125,146.16754576499807,4.131137669086456,0.091796875,1.0,47.0,0.01953125,2.16794833886788,10.0
3B,dara,2,87,,,0.9697265625,1.9156193733215332,0.0,122.64892578125,141.90348061101395,4.4992629289627075,0.06640625,1.0,34.0,0.015625,2.0615528128088303,8.0
3B,dara,2,88,,,0.974609375,1.9578216075897217,0.0,125.3359375,140.07533850200707,5.042867839336395,0.087890625,1.0,45.0,0.0078125,3.3541019662496847,4.0
3B,dara,2,89,,,0.96435546875,1.951955795288086,0.0,131.2314453125,147.30591490201186,5.3187671303749084,0.06640625,1.0,34.0,0.013671875,2.2038926600773587,7.0
3B,dara,2,90,1.0,1.8442509598098695,0.96533203125,1.901146411895752,0.0,116.76708984375,146.18007059700903,514.6456985473633,0.07421875,1.0,38.0,0.01171875,2.516611478423583,6.0
3B,dara,2,91,,,0.9765625,1.9902267456054688,0.0,124.48974609375,134.7768725680071,3.812063217163086,0.072265625,1.0,37.0,0.017578125,2.0275875100994063,9.0
3B,dara,2,92,,,0.97265625,1.9457391500473022,0.0,124.72900390625,142.60041128698504,7.18514609336853,0.080078125,1.0,41.0,0.015625,2.2638462845343543,8.0
3B,dara,2,93,,,0.97314453125,1.838670253753662,0.0,123.51171875,142.06781440699706,3.9706780314445496,0.083984375,1.0,43.0,0.005859375,3.7859388972001824,3.0
3B,dara,2,94,,,0.97802734375,2.01607608795166,0.0,127.40966796875,136.75930081898696,4.643874704837799,0.08203125,1.0,42.0,0.009765625,2.898275349237888,5.0
3B,dara,2,95,,,0.9755859375,1.9465745687484741,0.0,119.015625,146.35522833900177,3.239422380924225,0.068359375,1.0,35.0,0.009765625,2.6457513110645907,5.0
3B,dara,2,96,,,0.96826171875,2.006002187728882,0.0,121.96484375,148.78401454701088,5.053829610347748,0.05078125,1.0,26.0,0.017578125,1.699673171197595,9.0
3B,dara,2,97,,,0.97021484375,1.9905152320861816,0.0,119.072265625,134.8495619079913,5.219393253326416,0.076171875,1.0,39.0,0.017578125,2.0816659994661326,9.0
3B,dara,2,98,,,0.9794921875,1.912989854812622,0.0,122.6884765625,137.8975664790196,5.316517770290375,0.0625,1.0,32.0,0.017578125,1.8856180831641267,9.0
3B,dara,2,99,,,0.978515625,1.9485721588134766,0.0,119.37744140625,136.0617218349944,715.3506299257278,0.09765625,1.0,50.0,0.00390625,5.0,2.0
3B,dara,2,100,1.0,1.753075048327446,0.9638671875,1.8919055461883545,0.0,121.2197265625,180.37028108199593,3.6392213106155396,0.076171875,1.0,39.0,0.01171875,2.5495097567963922,6.0
3B,dara,4,0,0.1,0.9654572501778602,,,,,,,,,,,,
3B,dara,4,1,,,0.05517578125,-0.6906631588935852,0.0,177.34521484375,176.4411647359375,67.65086555480957,0.71875,1.0,368.0,0.14453125,2.23001636159311,74.0
3B,dara,4,2,,,0.05908203125,-0.6277730464935303,0.0,180.76806640625,172.02869995404035,73.45102453231812,0.7421875,1.0,380.0,0.154296875,2.1932000780317513,79.0
3B,dara,4,3,,,0.0908203125,-0.3982076346874237,0.0,179.015625,167.7639103770489,40.05303907394409,0.78125,1.0,400.0,0.23046875,1.8411492357966468,118.0
3B,dara,4,4,,,0.208984375,0.09149401634931564,0.0,180.9482421875,177.4642104919767,30.3320894241333,0.720703125,1.0,369.0,0.400390625,1.3416407864998738,205.0
3B,dara,4,5,,,0.33349609375,0.6031055450439453,0.0,177.59130859375,177.4167336979881,38.93441820144653,0.64453125,1.0,330.0,0.46875,1.1726039399558574,240.0
3B,dara,4,6,,,0.45947265625,0.8442643880844116,0.0,168.89501953125,176.43992462800816,24.90236520767212,0.5625,1.0,288.0,0.486328125,1.07546571587573,249.0
3B,dara,4,7,,,0.5869140625,1.108246922492981,0.0,160.6455078125,171.58445055701304,47.09358263015747,0.533203125,1.0,273.0,0.427734375,1.1165013848919998,219.0
3B,dara,4,8,,,0.6611328125,1.25569748878479,0.0,164.58935546875,170.3330832370557,34.12900447845459,0.49609375,1.0,254.0,0.3515625,1.1879019787470309,180.0
3B,dara,4,9,,,0.7314453125,1.3354276418685913,0.0,156.02880859375,165.93547509005293,63.02838921546936,0.443359375,1.0,227.0,0.326171875,1.165882256973554,167.0
3B,dara,4,10,0.9125,1.6601315343752503,0.78173828125,1.3868790864944458,0.0,159.65966796875,193.8524055610178,42.086732029914856,0.45703125,1.0,234.0,0.31640625,1.2018504251546631,162.0
3B,dara,4,11,,,0.80322265625,1.3347052335739136,0.0,148.185546875,166.45022182597313,20.62122994661331,0.4140625,1.0,212.0,0.19140625,1.4708043058552858,98.0
3B,dara,4,12,,,0.806640625,1.4226678609848022,0.0,152.5751953125,167.328790405998,39.60165214538574,0.412109375,1.0,211.0,0.171875,1.5484596451723478,88.0
3B,dara,4,13,,,0.8642578125,1.539204478263855,0.0,139.275390625,166.85727544606198,5.138676702976227,0.390625,1.0,200.0,0.126953125,1.7541160386140584,65.0
3B,dara,4,14,,,0.87353515625,1.4860143661499023,0.0,136.033203125,168.04991332103964,3.4712725281715393,0.390625,1.0,200.0,0.09765625,2.0,50.0
3B,dara,4,15,,,0.8955078125,1.5447443723678589,0.0,141.515625,168.72710808203556,33.05389553308487,0.39453125,1.0,202.0,0.087890625,2.1186998109427604,45.0
3B,dara,4,16,,,0.90625,1.5884041786193848,0.0,135.83935546875,167.12521106994245,3.7503267526626587,0.345703125,1.0,177.0,0.078125,2.103568396796263,40.0
3B,dara,4,17,,,0.89599609375,1.631961464881897,0.0,133.54052734375,166.57893274200615,3.4096200466156006,0.3359375,1.0,172.0,0.0859375,1.9771421064483223,44.0
3B,dara,4,18,,,0.91357421875,1.682391881942749,0.0,132.99267578125,161.00049338291865,4.094756543636322,0.341796875,1.0,175.0,0.09375,1.9094065395649333,48.0
3B,dara,4,19,,,0.92138671875,1.6068822145462036,0.0,129.2451171875,164.7680404020939,3.6189255118370056,0.33984375,1.0,174.0,0.0703125,2.1984843263788196,36.0
3B,dara,4,20,0.95,1.6462949546054007,0.91064453125,1.632138967514038,0.0,132.716796875,200.4319813020993,3.3059581518173218,0.33203125,1.0,170.0,0.095703125,1.8626292586293283,49.0
3B,dara,4,21,,,0.931640625,1.7149548530578613,0.0,127.27783203125,164.48926021601073,10.944034457206726,0.298828125,1.0,153.0,0.068359375,2.090796157311509,35.0
3B,dara,4,22,,,0.93994140625,1.56773042678833,0.0,132.16943359375,162.02602135692723,27.438520848751068,0.32421875,1.0,166.0,0.083984375,1.9648066358497138,43.0
3B,dara,4,23,,,0.93359375,1.7482683658599854,0.0,123.91015625,160.33496158209164,3.484278082847595,0.259765625,1.0,133.0,0.0703125,1.922093765778466,36.0
3B,dara,4,24,,,0.9423828125,1.7672492265701294,0.0,123.951171875,162.7670510020107,3.349045693874359,0.263671875,1.0,135.0,0.05859375,2.1213203435596424,30.0
3B,dara,4,25,,,0.95849609375,1.7574963569641113,0.0,135.44384765625,163.08149967505597,3.0718307495117188,0.29296875,1.0,150.0,0.037109375,2.809757434745082,19.0
3B,dara,4,26,,,0.93994140625,1.6866332292556763,0.0,130.6904296875,163.02911779796705,3.718790888786316,0.279296875,1.0,143.0,0.05078125,2.345207879911715,26.0
3B,dara,4,27,,,0.939453125,1.676375150680542,0.0,131.3388671875,165.71936922403984,3.577785015106201,0.2578125,1.0,132.0,0.052734375,2.211083193570267,27.0
3B,dara,4,28,,,0.94775390625,1.64383864402771,0.0,126.7646484375,165.53574693202972,3.9337372183799744,0.248046875,1.0,127.0,0.0625,1.9921721813136535,32.0
3B,dara,4,29,,,0.943359375,1.6525996923446655,0.0,134.3701171875,165.66053996398114,3.828793227672577,0.25390625,1.0,130.0,0.056640625,2.1172526114494827,29.0
3B,dara,4,30,0.975,1.7492116218432785,0.95849609375,1.7908309698104858,0.0,132.46044921875,184.39251770998817,3.6386533975601196,0.251953125,1.0,129.0,0.056640625,2.109093611499728,29.0
3B,dara,4,31,,,0.95703125,1.740645170211792,0.0,127.3955078125,160.24992542201653,4.58405077457428,0.263671875,1.0,135.0,0.0625,2.053959590644373,32.0
3B,dara,4,32,,,0.953125,1.8469157218933105,0.0,125.49462890625,163.79502289299853,3.959022641181946,0.248046875,1.0,127.0,0.04296875,2.402650052073184,22.0
3B,dara,4,33,,,0.94580078125,1.7722907066345215,0.0,127.59423828125,163.7832853939617,232.66257786750793,0.248046875,1.0,127.0,0.052734375,2.1688023662159037,27.0
3B,dara,4,34,,,0.943359375,1.6763101816177368,0.0,135.46728515625,164.95400510996114,3.232280731201172,0.267578125,1.0,137.0,0.048828125,2.340939982143925,25.0
3B,dara,4,35,,,0.94580078125,1.8581602573394775,0.0,121.93017578125,161.52866824704688,63.15787357091904,0.236328125,1.0,121.0,0.05078125,2.1572774865200244,26.0
3B,dara,4,36,,,0.96630859375,1.8189138174057007,0.0,123.47998046875,158.79356123995967,3.9745339155197144,0.185546875,1.0,95.0,0.02734375,2.6049403612586386,14.0
3B,dara,4,37,,,0.955078125,1.8258498907089233,0.0,126.2177734375,157.1836042799987,3.4498873353004456,0.21875,1.0,112.0,0.029296875,2.7325202042558927,15.0
3B,dara,4,38,,,0.95068359375,1.7345669269561768,0.0,122.4716796875,154.07318212208338,140.94460040330887,0.224609375,1.0,115.0,0.04296875,2.2863229709016895,22.0
3B,dara,4,39,,,0.955078125,1.8070311546325684,0.0,122.61669921875,153.57229676202405,165.06576561927795,0.1875,1.0,96.0,0.037109375,2.2478059477960652,19.0
3B,dara,4,40,0.975,1.7393331672996282,0.95458984375,1.8180270195007324,0.0,123.01611328125,187.39400814892724,3.9240726232528687,0.189453125,1.0,97.0,0.017578125,3.2829526005987018,9.0
3B,dara,4,41,,,0.9462890625,1.76826810836792,0.0,124.63232421875,157.13656421902124,3.944507420063019,0.19140625,1.0,98.0,0.033203125,2.400980191995124,17.0
3B,dara,4,42,,,0.97119140625,1.8824286460876465,0.0,121.39013671875,156.62193969497457,4.3169806599617,0.23046875,1.0,118.0,0.029296875,2.804757862395017,15.0
3B,dara,4,43,,,0.9619140625,1.8118642568588257,0.0,122.65966796875,151.1141184809385,3.96039679646492,0.185546875,1.0,95.0,0.017578125,3.2489314482696545,9.0
3B,dara,4,44,,,0.9609375,1.8031750917434692,0.0,120.67822265625,155.30971695808694,4.16245573759079,0.171875,1.0,88.0,0.015625,3.3166247903554,8.0
3B,dara,4,45,,,0.958984375,1.8337607383728027,0.0,121.86181640625,158.291730885976,254.34903901815414,0.1875,1.0,96.0,0.02734375,2.6186146828319083,14.0
3B,dara,4,46,,,0.9658203125,1.8101675510406494,0.0,119.33837890625,163.0561902630143,65.96054685115814,0.169921875,1.0,87.0,0.025390625,2.586949495507729,13.0
3B,dara,4,47,,,0.962890625,1.8041778802871704,0.0,114.85302734375,154.7334020799026,5.135784268379211,0.169921875,1.0,87.0,0.033203125,2.2622217085916954,17.0
3B,dara,4,48,,,0.95654296875,1.7228320837020874,0.0,116.56591796875,157.97851143497974,149.97590148448944,0.16015625,1.0,82.0,0.03125,2.2638462845343543,16.0
3B,dara,4,49,,,0.95654296875,1.9748222827911377,0.0,114.68701171875,159.0641443009954,32.08395075798035,0.158203125,1.0,81.0,0.033203125,2.182820625326997,17.0
3B,dara,4,50,0.975,1.7513292971998453,0.955078125,1.8141478300094604,0.0,117.1416015625,174.217274249997,5.046605169773102,0.146484375,1.0,75.0,0.048828125,1.7320508075688772,25.0
3B,dara,4,51,,,0.955078125,1.7705817222595215,0.0,116.64111328125,162.07441637304146,4.655684113502502,0.18359375,1.0,94.0,0.03125,2.4238399287081647,16.0
3B,dara,4,52,,,0.9736328125,1.8237040042877197,0.0,116.95654296875,159.7383576729335,4.698318839073181,0.166015625,1.0,85.0,0.021484375,2.7797972457128464,11.0
3B,dara,4,53,,,0.962890625,1.9292176961898804,0.0,116.216796875,154.689047823078,236.4479171037674,0.169921875,1.0,87.0,0.0234375,2.692582403567252,12.0
3B,dara,4,54,,,0.96728515625,1.9178965091705322,0.0,116.76220703125,164.51989474205766,5.34942239522934,0.16015625,1.0,82.0,0.015625,3.2015621187164243,8.0
3B,dara,4,55,,,0.9697265625,1.9484180212020874,0.0,114.3876953125,148.53664622700308,281.61732268333435,0.1484375,1.0,76.0,0.021484375,2.6285149626910838,11.0
3B,dara,4,56,,,0.96240234375,1.8120512962341309,0.0,119.5986328125,160.2911976170726,4.172656863927841,0.12890625,1.0,66.0,0.01171875,3.3166247903554,6.0
3B,dara,4,57,,,0.96875,1.9218393564224243,0.0,117.529296875,161.8398511520354,8.676922082901001,0.16015625,1.0,82.0,0.02734375,2.4201534780139164,14.0
3B,dara,4,58,,,0.9541015625,1.7998669147491455,0.0,115.15283203125,158.9500797049841,4.006688058376312,0.1484375,1.0,76.0,0.01953125,2.756809750418044,10.0
3B,dara,4,59,,,0.96533203125,1.8996388912200928,0.0,115.3720703125,153.29242369695567,4.158927381038666,0.138671875,1.0,71.0,0.025390625,2.336993466302048,13.0
3B,dara,4,60,0.975,1.8143974795006215,0.96826171875,1.8916282653808594,0.0,118.02294921875,185.95222552097403,4.7355446219444275,0.134765625,1.0,69.0,0.01953125,2.6267851073127395,10.0
3B,dara,4,61,,,0.95947265625,1.8840117454528809,0.0,113.66015625,155.19718451600056,4.811924755573273,0.119140625,1.0,61.0,0.0234375,2.254624876411447,12.0
3B,dara,4,62,,,0.978515625,1.9138180017471313,0.0,117.53857421875,160.2386822659755,4.759298741817474,0.138671875,1.0,71.0,0.0078125,4.2130748865881795,4.0
3B,dara,4,63,,,0.9677734375,1.8789963722229004,0.0,114.955078125,158.22131114907097,3.8722344040870667,0.130859375,1.0,67.0,0.015625,2.8939592256975564,8.0
3B,dara,4,64,,,0.9716796875,1.8789600133895874,0.0,114.384765625,158.7513652530033,4.118375897407532,0.111328125,1.0,57.0,0.015625,2.669269563007828,8.0
3B,dara,4,65,,,0.9658203125,1.9914679527282715,0.0,113.646484375,153.1931857749587,4.93220192193985,0.09765625,1.0,50.0,0.01953125,2.23606797749979,10.0
3B,dara,4,66,,,0.96337890625,1.8468152284622192,0.0,119.72705078125,161.18632378894836,5.8867029547691345,0.15625,1.0,80.0,0.029296875,2.309401076758503,15.0
3B,dara,4,67,,,0.955078125,1.8285794258117676,0.0,117.39794921875,154.7903532369528,9.209380269050598,0.115234375,1.0,59.0,0.0078125,3.840572873934304,4.0
3B,dara,4,68,,,0.96826171875,1.926722764968872,0.0,112.646484375,162.84481181402225,4.1068390011787415,0.09765625,1.0,50.0,0.013671875,2.6726124191242437,7.0
3B,dara,4,69,,,0.97216796875,1.8967407941818237,0.0,121.12890625,153.06208033999428,3.583785057067871,0.123046875,1.0,63.0,0.01953125,2.5099800796022267,10.0
3B,dara,4,70,0.975,1.7929689074866473,0.9619140625,1.8657455444335938,0.0,117.0732421875,178.7466135660652,6.447513163089752,0.14453125,1.0,74.0,0.017578125,2.8674417556808756,9.0
3B,dara,4,71,,,0.970703125,1.876001238822937,0.0,119.337890625,161.56290860206354,3.9784222841262817,0.111328125,1.0,57.0,0.021484375,2.2763607319179844,11.0
3B,dara,4,72,,,0.96826171875,1.9864585399627686,0.0,115.56396484375,150.51742600591388,4.549480497837067,0.091796875,1.0,47.0,0.005859375,3.958114029012639,3.0
3B,dara,4,73,,,0.95703125,1.907410979270935,0.0,115.45654296875,158.3621579540195,756.3232625722885,0.1171875,1.0,60.0,0.021484375,2.335496832484569,11.0
3B,dara,4,74,,,0.95654296875,1.8799694776535034,0.0,117.86767578125,163.37343517993577,3.344714403152466,0.095703125,1.0,49.0,0.013671875,2.6457513110645907,7.0
3B,dara,4,75,,,0.97705078125,1.929535150527954,0.0,121.37060546875,167.25657569605391,18112.552486777306,0.10546875,1.0,54.0,0.009765625,3.286335345030997,5.0
3B,dara,4,76,,,0.97607421875,1.8763004541397095,0.0,117.87548828125,155.83759282599203,4.753095388412476,0.12109375,1.0,62.0,0.021484375,2.3741027013091993,11.0
3B,dara,4,77,,,0.9736328125,1.9320675134658813,0.0,117.88525390625,154.45453712693416,115.26123136281967,0.06640625,1.0,34.0,0.01953125,1.8439088914585775,10.0
3B,dara,4,78,,,0.97265625,1.817897081375122,0.0,119.1943359375,155.74627443298232,5.079268574714661,0.08203125,1.0,42.0,0.0234375,1.8708286933869707,12.0
3B,dara,4,79,,,0.96630859375,1.8905757665634155,0.0,116.697265625,164.08711707696784,4.957189977169037,0.076171875,1.0,39.0,0.01953125,1.9748417658131499,10.0
3B,dara,4,80,0.9625,1.7130581933073699,0.9560546875,1.9412336349487305,0.0,115.77685546875,172.40572553500533,495.6104633808136,0.10546875,1.0,54.0,0.05078125,1.4411533842457842,26.0
3B,dara,4,81,,,0.96630859375,1.879535436630249,0.0,116.982421875,155.79380591306835,5.064677357673645,0.109375,1.0,56.0,0.0234375,2.160246899469287,12.0
3B,dara,4,82,,,0.966796875,1.9785687923431396,0.0,119.52783203125,156.60980282304808,5.265915334224701,0.08984375,1.0,46.0,0.01171875,2.7688746209726918,6.0
3B,dara,4,83,,,0.97509765625,1.870861291885376,0.0,120.0048828125,157.59787415200844,5.0550848841667175,0.107421875,1.0,55.0,0.015625,2.622022120425379,8.0
3B,dara,4,84,,,0.97314453125,1.968075156211853,0.0,116.19091796875,154.27678513003048,4.915901303291321,0.08203125,1.0,42.0,0.021484375,1.954016841836789,11.0
3B,dara,4,85,,,0.982421875,1.9585158824920654,0.0,121.35693359375,159.01788988197222,18.612626433372498,0.0859375,1.0,44.0,0.015625,2.345207879911715,8.0
3B,dara,4,86,,,0.978515625,2.0019195079803467,0.0,118.46875,153.0821460239822,4.74922651052475,0.068359375,1.0,35.0,0.0078125,2.958039891549808,4.0
3B,dara,4,87,,,0.96435546875,1.842160701751709,0.0,119.1650390625,148.15851576498244,4.955645978450775,0.09765625,1.0,50.0,0.02734375,1.889822365046136,14.0
3B,dara,4,88,,,0.9169921875,1.8088159561157227,0.0,117.67919921875,161.48649057396688,9.453776001930237,0.14453125,1.0,74.0,0.099609375,1.2045664747770721,51.0
3B,dara,4,89,,,0.974609375,2.033571720123291,0.0,115.166015625,157.56145922793075,8.97208720445633,0.1015625,1.0,52.0,0.015625,2.5495097567963922,8.0
3B,dara,4,90,0.9875,1.770661214645952,0.9765625,1.9260566234588623,0.0,117.572265625,179.88099814997986,6.326915740966797,0.09375,1.0,48.0,0.009765625,3.0983866769659336,5.0
3B,dara,4,91,,,0.96533203125,1.7800707817077637,0.0,119.50439453125,153.06635188602377,5.06009304523468,0.087890625,1.0,45.0,0.015625,2.3717082451262845,8.0
3B,dara,4,92,,,0.9794921875,1.9222356081008911,0.0,120.2841796875,154.81428864295594,309.3644178509712,0.08203125,1.0,42.0,0.009765625,2.898275349237888,5.0
3B,dara,4,93,,,0.978515625,1.9816703796386719,0.0,122.787109375,154.46192064299248,4.249385178089142,0.0703125,1.0,36.0,0.015625,2.1213203435596424,8.0
3B,dara,4,94,,,0.97509765625,1.877064824104309,0.0,119.888671875,156.63520116801374,4.6167502999305725,0.09765625,1.0,50.0,0.009765625,3.1622776601683795,5.0
3B,dara,4,95,,,0.97998046875,1.9483695030212402,0.0,122.634765625,164.06586100999266,7.867349743843079,0.087890625,1.0,45.0,0.015625,2.3717082451262845,8.0
3B,dara,4,96,,,0.955078125,2.0014266967773438,0.0,122.0595703125,156.6925283280434,5.073062300682068,0.076171875,1.0,39.0,0.02734375,1.6690459207925603,14.0
3B,dara,4,97,,,0.97412109375,1.851828932762146,0.0,117.84521484375,157.13105376507156,7.73287159204483,0.119140625,1.0,61.0,0.021484375,2.354878881270658,11.0
3B,dara,4,98,,,0.96240234375,1.9951906204223633,0.0,119.29052734375,155.29804306593724,11.152599036693573,0.078125,1.0,40.0,0.017578125,2.1081851067789197,9.0
3B,dara,4,99,,,0.9775390625,1.9181170463562012,0.0,118.68701171875,152.82764259004034,5.762557506561279,0.068359375,1.0,35.0,0.01171875,2.41522945769824,6.0
3B,dara,4,100,0.975,1.8325668063014746,0.97705078125,2.11688494682312,0.0,119.3681640625,213.37866626295727,7.188496232032776,0.064453125,1.0,33.0,0.017578125,1.9148542155126762,9.0
3B,dara,5,0,0.1,1.0712608203291893,,,,,,,,,,,,
3B,dara,5,1,,,0.0517578125,-0.5674481391906738,0.0,174.71484375,163.5774293130089,36.26540803909302,0.73828125,1.0,378.0,0.142578125,2.275539978066925,73.0
3B,dara,5,2,,,0.06103515625,-0.6443885564804077,0.0,173.86328125,160.45884798499173,45.91340112686157,0.751953125,1.0,385.0,0.16015625,2.1668230087433336,82.0
3B,dara,5,3,,,0.09716796875,-0.34991273283958435,0.0,180.5712890625,161.49448192300042,69.36560535430908,0.744140625,1.0,381.0,0.24609375,1.7389104415724013,126.0
3B,dara,5,4,,,0.20361328125,0.22628888487815857,0.0,183.69775390625,160.57841947398265,81.10857820510864,0.701171875,1.0,359.0,0.37890625,1.3603365259808051,194.0
3B,dara,5,5,,,0.34326171875,0.5407471656799316,0.0,170.78662109375,158.8002280300134,19.620508313179016,0.640625,1.0,328.0,0.443359375,1.2020540423395472,227.0
3B,dara,5,6,,,0.4853515625,0.9436448812484741,0.0,168.62548828125,152.37794595697778,46.76221513748169,0.572265625,1.0,293.0,0.46484375,1.1095460499568235,238.0
3B,dara,5,7,,,0.59033203125,1.1434710025787354,0.0,164.70751953125,155.38031786799547,30.593502044677734,0.5390625,1.0,276.0,0.439453125,1.1075498483890767,225.0
3B,dara,5,8,,,0.67333984375,1.3722336292266846,0.0,155.83056640625,154.72995486599393,9.404587268829346,0.505859375,1.0,259.0,0.37109375,1.1675435301250408,190.0
3B,dara,5,9,,,0.775390625,1.3955978155136108,0.0,147.625,152.24784652600647,6.943925678730011,0.443359375,1.0,227.0,0.265625,1.2919433606233763,136.0
3B,dara,5,10,0.9375,1.7377235256135464,0.80908203125,1.4325027465820312,0.0,142.71533203125,163.2078539210197,22.10933792591095,0.419921875,1.0,215.0,0.20703125,1.424184639291006,106.0
3B,dara,5,11,,,0.8310546875,1.402590274810791,0.0,136.83154296875,147.86021719200653,49.28507590293884,0.3828125,1.0,196.0,0.142578125,1.638576060745828,73.0
3B,dara,5,12,,,0.85595703125,1.4004418849945068,0.0,141.14990234375,153.24057214401546,4.257337033748627,0.423828125,1.0,217.0,0.15234375,1.6679482252310118,78.0
3B,dara,5,13,,,0.8671875,1.4176795482635498,0.0,139.65185546875,149.28996979398653,31.024677872657776,0.376953125,1.0,193.0,0.1484375,1.5935726165476507,76.0
3B,dara,5,14,,,0.89501953125,1.4990440607070923,0.0,144.10986328125,154.0311707619985,4.145490348339081,0.37109375,1.0,190.0,0.1171875,1.7795130420052185,60.0
3B,dara,5,15,,,0.89208984375,1.5263962745666504,0.0,137.3037109375,152.36036403299659,9.215688467025757,0.326171875,1.0,167.0,0.095703125,1.8461211404742979,49.0
3B,dara,5,16,,,0.88818359375,1.6396431922912598,0.0,137.060546875,150.61359407400596,6.241469025611877,0.33203125,1.0,170.0,0.10546875,1.7743021580745904,54.0
3B,dara,5,17,,,0.91845703125,1.642118215560913,0.0,135.70166015625,149.06465107898111,3.5087271332740784,0.32421875,1.0,166.0,0.091796875,1.8793389512317944,47.0
3B,dara,5,18,,,0.9208984375,1.573728084564209,0.0,129.9912109375,148.37761436300934,10.09921681880951,0.34765625,1.0,178.0,0.0703125,2.223610677354389,36.0
3B,dara,5,19,,,0.91064453125,1.627637267112732,0.0,128.5556640625,145.82658362199436,129.7069284915924,0.3203125,1.0,164.0,0.078125,2.0248456731316584,40.0
3B,dara,5,20,0.95,1.7327235279604793,0.912109375,1.616313099861145,0.0,135.564453125,163.2416292380076,118.45767533779144,0.30078125,1.0,154.0,0.072265625,2.0401377801908778,37.0
3B,dara,5,21,,,0.9501953125,1.7203545570373535,0.0,129.4462890625,149.96863026398933,54.82594013214111,0.29296875,1.0,150.0,0.037109375,2.809757434745082,19.0
3B,dara,5,22,,,0.921875,1.5555394887924194,0.0,128.896484375,150.62530540002626,59.62454158067703,0.30859375,1.0,158.0,0.06640625,2.155703788448082,34.0
3B,dara,5,23,,,0.94091796875,1.687406063079834,0.0,122.06005859375,148.10809404499014,3.7394038438796997,0.283203125,1.0,145.0,0.06640625,2.0651164331225833,34.0
3B,dara,5,24,,,0.9365234375,1.7632862329483032,0.0,127.8720703125,145.29837383702397,3.815178632736206,0.271484375,1.0,139.0,0.041015625,2.5727509827123995,21.0
3B,dara,5,25,,,0.95458984375,1.6263588666915894,0.0,127.35986328125,148.5743704259803,329.5711827278137,0.275390625,1.0,141.0,0.037109375,2.724160904127902,19.0
3B,dara,5,26,,,0.93701171875,1.6519664525985718,0.0,120.92138671875,141.96032382998965,3.7555728554725647,0.275390625,1.0,141.0,0.0703125,1.9790570145063195,36.0
3B,dara,5,27,,,0.953125,1.9059467315673828,0.0,121.35595703125,139.98330515698763,53.03278636932373,0.2109375,1.0,108.0,0.046875,2.1213203435596424,24.0
3B,dara,5,28,,,0.953125,1.814817190170288,0.0,120.431640625,150.68630767898867,3.543059527873993,0.23046875,1.0,118.0,0.037109375,2.492092758263519,19.0
3B,dara,5,29,,,0.9609375,1.7562921047210693,0.0,119.53759765625,146.54412805801257,4.880495607852936,0.25,1.0,128.0,0.03125,2.8284271247461903,16.0
3B,dara,5,30,0.975,1.732301451638341,0.951171875,1.7265264987945557,0.0,118.44775390625,161.14605566699174,4.9527066349983215,0.197265625,1.0,101.0,0.072265625,1.652189374657073,37.0
3B,dara,5,31,,,0.94921875,1.74103581905365,0.0,119.42919921875,145.82546972998534,4.302465736865997,0.21875,1.0,112.0,0.046875,2.160246899469287,24.0
3B,dara,5,32,,,0.947265625,1.7153537273406982,0.0,120.73779296875,148.25317205800093,4.0185657143592834,0.23046875,1.0,118.0,0.0390625,2.4289915602982237,20.0
3B,dara,5,33,,,0.95068359375,1.8033537864685059,0.0,117.5595703125,147.31146918801824,356.00073277950287,0.220703125,1.0,113.0,0.060546875,1.9092305492848631,31.0
3B,dara,5,34,,,0.94873046875,1.7457425594329834,0.0,120.8916015625,137.64579366002,3.3443806171417236,0.208984375,1.0,107.0,0.025390625,2.8689317229186946,13.0
3B,dara,5,35,,,0.9404296875,1.825028896331787,0.0,116.27099609375,136.36024269700283,4.466044545173645,0.1953125,1.0,100.0,0.033203125,2.42535625036333,17.0
3B,dara,5,36,,,0.95068359375,1.7266582250595093,0.0,111.7861328125,144.73661052400712,2.97491991519928,0.181640625,1.0,93.0,0.0234375,2.7838821814150108,12.0
3B,dara,5,37,,,0.9580078125,1.7907536029815674,0.0,121.265625,136.5857222339837,3.241854727268219,0.20703125,1.0,106.0,0.033203125,2.497057091387191,17.0
3B,dara,5,38,,,0.9521484375,1.7415077686309814,0.0,118.4560546875,143.62425195801188,4.480960786342621,0.216796875,1.0,111.0,0.037109375,2.417044737516849,19.0
3B,dara,5,39,,,0.95458984375,1.8358176946640015,0.0,114.5732421875,146.52192247699713,6.351017594337463,0.177734375,1.0,91.0,0.033203125,2.3136424046231925,17.0
3B,dara,5,40,0.975,1.7122991593554615,0.96142578125,1.8020248413085938,0.0,121.59228515625,156.33577030798187,975.3101056218147,0.21484375,1.0,110.0,0.03125,2.622022120425379,16.0
3B,dara,5,41,,,0.97216796875,1.8705122470855713,0.0,125.20849609375,150.01643539598444,20.10613238811493,0.21484375,1.0,110.0,0.03125,2.622022120425379,16.0
3B,dara,5,42,,,0.9609375,1.8206188678741455,0.0,116.16455078125,140.1193783869967,5.218502461910248,0.181640625,1.0,93.0,0.013671875,3.6449573777637356,7.0
3B,dara,5,43,,,0.96728515625,1.878957748413086,0.0,114.5693359375,133.81639599398477,4.01740700006485,0.150390625,1.0,77.0,0.02734375,2.345207879911715,14.0
3B,dara,5,44,,,0.94677734375,1.8260166645050049,0.0,117.0361328125,138.47536109099747,3.9692972898483276,0.166015625,1.0,85.0,0.01953125,2.9154759474226504,10.0
3B,dara,5,45,,,0.96630859375,1.877382755279541,0.0,116.94873046875,139.11289409099845,4.953277885913849,0.1640625,1.0,84.0,0.025390625,2.54195563720897,13.0
3B,dara,5,46,,,0.96484375,1.783056616783142,0.0,119.3046875,144.38626511400798,3.3981087803840637,0.181640625,1.0,93.0,0.02734375,2.5773740789526736,14.0
3B,dara,5,47,,,0.9501953125,1.8912158012390137,0.0,117.07177734375,135.8117960919917,7.0257516503334045,0.15625,1.0,80.0,0.029296875,2.309401076758503,15.0
3B,dara,5,48,,,0.94384765625,1.65480375289917,0.0,117.94677734375,138.11669760101358,301.79548728466034,0.1875,1.0,96.0,0.0390625,2.1908902300206643,20.0
3B,dara,5,49,,,0.96826171875,1.9444634914398193,0.0,120.15869140625,149.1693622749881,4.43355792760849,0.14453125,1.0,74.0,0.021484375,2.593698657761292,11.0
3B,dara,5,50,0.975,1.7180203136056662,0.94921875,1.8711273670196533,0.0,116.87353515625,148.39811116200872,219.47427117824554,0.1328125,1.0,68.0,0.029296875,2.1291625896895083,15.0
3B,dara,5,51,,,0.96484375,1.820973515510559,0.0,118.296875,146.1445120900171,3.651982545852661,0.146484375,1.0,75.0,0.029296875,2.23606797749979,15.0
3B,dara,5,52,,,0.970703125,1.9357824325561523,0.0,113.03466796875,141.07069272900117,3.1818150877952576,0.1640625,1.0,84.0,0.01953125,2.898275349237888,10.0
3B,dara,5,53,,,0.96484375,1.8408737182617188,0.0,117.41357421875,149.679520760983,516.1856173276901,0.140625,1.0,72.0,0.025390625,2.3533936216582085,13.0
3B,dara,5,54,,,0.94873046875,1.7794826030731201,0.0,116.71875,137.30687614399358,4.598097503185272,0.138671875,1.0,71.0,0.033203125,2.0436415018870835,17.0
3B,dara,5,55,,,0.95751953125,1.7761319875717163,0.0,114.931640625,134.91788668002118,4.106782257556915,0.154296875,1.0,79.0,0.021484375,2.6798914496333954,11.0
3B,dara,5,56,,,0.94482421875,1.922155499458313,0.0,117.84326171875,139.75244887298322,5.115700304508209,0.173828125,1.0,89.0,0.03125,2.358495283014151,16.0
3B,dara,5,57,,,0.955078125,1.8115795850753784,0.0,113.28564453125,136.2900392479787,4.038902103900909,0.16015625,1.0,82.0,0.03125,2.2638462845343543,16.0
3B,dara,5,58,,,0.96533203125,1.8839201927185059,0.0,114.27099609375,135.33779408200644,5.349329829216003,0.119140625,1.0,61.0,0.017578125,2.6034165586355513,9.0
3B,dara,5,59,,,0.9560546875,1.8308829069137573,0.0,117.12353515625,139.4110789349943,179.3431853055954,0.13671875,1.0,70.0,0.0234375,2.41522945769824,12.0
3B,dara,5,60,0.975,1.7476388189941645,0.9794921875,1.8566491603851318,0.0,115.51416015625,152.53930179099552,5.135614037513733,0.1328125,1.0,68.0,0.03125,2.0615528128088303,16.0
3B,dara,5,61,,,0.95703125,1.8323369026184082,0.0,115.69140625,144.02101741198567,3.8957024216651917,0.103515625,1.0,53.0,0.01953125,2.3021728866442674,10.0
3B,dara,5,62,,,0.951171875,1.9146618843078613,0.0,116.10546875,140.42794802799472,3.9954786896705627,0.126953125,1.0,65.0,0.033203125,1.9553847221876073,17.0
3B,dara,5,63,,,0.9638671875,1.916808009147644,0.0,114.830078125,137.69127887301147,4.008892178535461,0.125,1.0,64.0,0.01171875,3.265986323710904,6.0
3B,dara,5,64,,,0.95263671875,1.9738035202026367,0.0,117.296875,138.21115754998755,369.13712376356125,0.119140625,1.0,61.0,0.015625,2.7613402542968153,8.0
3B,dara,5,65,,,0.96337890625,1.7766603231430054,0.0,121.2568359375,137.85712707499624,138.78651708364487,0.11328125,1.0,58.0,0.0234375,2.1984843263788196,12.0
3B,dara,5,66,,,0.96826171875,1.8467819690704346,0.0,119.0615234375,141.71979720599484,4.379598021507263,0.109375,1.0,56.0,0.01171875,3.0550504633038935,6.0
3B,dara,5,67,,,0.95556640625,1.8748459815979004,0.0,113.78466796875,134.84584046699456,68.71883058547974,0.140625,1.0,72.0,0.015625,3.0,8.0
3B,dara,5,68,,,0.97119140625,1.8931028842926025,0.0,117.578125,141.62406958499923,466.24669045209885,0.123046875,1.0,63.0,0.017578125,2.6457513110645907,9.0
3B,dara,5,69,,,0.96435546875,1.8828461170196533,0.0,118.38134765625,153.15454168702126,3.8609129190444946,0.11328125,1.0,58.0,0.029296875,1.96638416050035,15.0
3B,dara,5,70,0.975,1.7888738334178924,0.98046875,1.9330589771270752,0.0,116.65673828125,151.4196948829922,118.19997608661652,0.115234375,1.0,59.0,0.0234375,2.217355782608345,12.0
3B,dara,5,71,,,0.966796875,1.941213846206665,0.0,117.89892578125,144.1387887079909,4.641559600830078,0.10546875,1.0,54.0,0.01953125,2.32379000772445,10.0
3B,dara,5,72,,,0.95361328125,1.9046441316604614,0.0,119.37451171875,145.78081551700598,7.484126448631287,0.083984375,1.0,43.0,0.01953125,2.073644135332772,10.0
3B,dara,5,73,,,0.96728515625,1.8256354331970215,0.0,122.1552734375,144.70223775599152,3.7124836444854736,0.115234375,1.0,59.0,0.01953125,2.4289915602982237,10.0
3B,dara,5,74,,,0.97216796875,1.907740831375122,0.0,113.50146484375,135.5796184349747,5.487104415893555,0.099609375,1.0,51.0,0.013671875,2.699206232527312,7.0
3B,dara,5,75,,,0.9609375,1.9432368278503418,0.0,113.61572265625,137.87539189198287,601.3022029399872,0.08203125,1.0,42.0,0.0234375,1.8708286933869707,12.0
3B,dara,5,76,,,0.97509765625,1.9017274379730225,0.0,115.3369140625,138.08433267299552,4.76733922958374,0.109375,1.0,56.0,0.0234375,2.160246899469287,12.0
3B,dara,5,77,,,0.9716796875,1.9004971981048584,0.0,113.560546875,138.31294170499314,6.3840866684913635,0.1015625,1.0,52.0,0.013671875,2.7255405754769875,7.0
3B,dara,5,78,,,0.974609375,1.9006242752075195,0.0,114.31689453125,136.14725728100166,2761.6429708004,0.083984375,1.0,43.0,0.021484375,1.9771421064483223,11.0
3B,dara,5,79,,,0.9814453125,1.8376644849777222,0.0,119.6767578125,142.83498132100794,5.989205360412598,0.111328125,1.0,57.0,0.015625,2.669269563007828,8.0
3B,dara,5,80,0.975,1.7794570014812052,0.955078125,1.9047600030899048,0.0,115.2783203125,143.5933187759947,531.9261997938156,0.08203125,1.0,42.0,0.0078125,3.24037034920393,4.0
3B,dara,5,81,,,0.95654296875,2.005478858947754,0.0,115.4921875,149.48921057701227,183.33510506153107,0.083984375,1.0,43.0,0.017578125,2.185812841434,9.0
3B,dara,5,82,,,0.9755859375,1.9266581535339355,0.0,112.041015625,136.2477976430091,267.5173510313034,0.091796875,1.0,47.0,0.0234375,1.9790570145063195,12.0
3B,dara,5,83,,,0.97802734375,1.9451848268508911,0.0,114.421875,133.48534167799517,78.96643829345703,0.072265625,1.0,37.0,0.01171875,2.48327740429189,6.0
3B,dara,5,84,,,0.9619140625,1.9616265296936035,0.0,115.32275390625,138.64879695500713,123.16354775428772,0.09375,1.0,48.0,0.01953125,2.1908902300206643,10.0
3B,dara,5,85,,,0.97412109375,2.010119676589966,0.0,113.96044921875,136.04700864999904,4118.796599507332,0.08984375,1.0,46.0,0.015625,2.3979157616563596,8.0
3B,dara,5,86,,,0.9501953125,1.83650803565979,0.0,115.98876953125,140.54882913798792,9.657137274742126,0.14453125,1.0,74.0,0.044921875,1.7937088125857625,23.0
3B,dara,5,87,,,0.958984375,1.8946282863616943,0.0,118.48974609375,145.91107537600328,4.911019921302795,0.11328125,1.0,58.0,0.025390625,2.1122354181147664,13.0
3B,dara,5,88,,,0.9716796875,1.9824719429016113,0.0,116.25830078125,145.9899559750047,3.521237850189209,0.083984375,1.0,43.0,0.021484375,1.9771421064483223,11.0
3B,dara,5,89,,,0.98046875,1.942380428314209,0.0,114.27685546875,135.96846259300946,8.251350104808807,0.0859375,1.0,44.0,0.0078125,3.3166247903554,4.0
3B,dara,5,90,0.975,1.8157881701365113,0.97119140625,1.8546196222305298,0.0,114.712890625,145.06054028798826,4.0870906710624695,0.08203125,1.0,42.0,0.01171875,2.6457513110645907,6.0
3B,dara,5,91,,,0.95556640625,1.8413892984390259,0.0,110.93408203125,135.44772269399255,1728.9759250879288,0.08203125,1.0,42.0,0.009765625,2.898275349237888,5.0
3B,dara,5,92,,,0.9697265625,1.895150899887085,0.0,116.19580078125,138.95774514300865,8.703635334968567,0.0625,1.0,32.0,0.009765625,2.5298221281347035,5.0
3B,dara,5,93,,,0.97265625,1.9453647136688232,0.0,111.3837890625,136.02733443901525,5.848646402359009,0.056640625,1.0,29.0,0.009765625,2.4083189157584592,5.0
3B,dara,5,94,,,0.9677734375,1.9303383827209473,0.0,112.27880859375,137.74713251099456,4.278918147087097,0.060546875,1.0,31.0,0.013671875,2.104417123236605,7.0
3B,dara,5,95,,,0.97412109375,1.9786739349365234,0.0,111.7578125,142.41018069398706,3.232801675796509,0.064453125,1.0,33.0,0.005859375,3.3166247903554,3.0
3B,dara,5,96,,,0.9794921875,1.9792628288269043,0.0,113.9892578125,138.53478996900958,4.3308427929878235,0.07421875,1.0,38.0,0.009765625,2.756809750418044,5.0
3B,dara,5,97,,,0.9677734375,1.9541709423065186,0.0,115.49072265625,145.82625405600993,5.321734011173248,0.072265625,1.0,37.0,0.015625,2.1505813167606567,8.0
3B,dara,5,98,,,0.96923828125,2.0163931846618652,0.0,115.2587890625,138.40648156299721,383.6366401910782,0.087890625,1.0,45.0,0.01171875,2.7386127875258306,6.0
3B,dara,5,99,,,0.9853515625,2.0809552669525146,0.0,109.62158203125,133.29327001201455,5.29744553565979,0.072265625,1.0,37.0,0.009765625,2.7202941017470885,5.0
3B,dara,5,100,0.975,1.8381782779470086,0.9775390625,1.933866262435913,0.0,113.9404296875,183.35434809298022,136.67064315080643,0.072265625,1.0,37.0,0.015625,2.1505813167606567,8.0
